Date,Gdp Per Capita,Economic Growth Rate
30-01-2000,442.036,3.841
01-02-2000,442.036,3.841
03-02-2000,442.13,3.853
05-02-2000,442.223,3.864
07-02-2000,442.317,3.876
10-02-2000,442.411,3.888
12-02-2000,442.505,3.9
14-02-2000,442.598,3.911
16-02-2000,442.692,3.923
19-02-2000,442.692,3.923
21-02-2000,442.692,3.923
23-02-2000,442.786,3.935
25-02-2000,442.879,3.946
27-02-2000,442.973,3.958
29-02-2000,443.067,3.97
02-03-2000,443.161,3.982
04-03-2000,443.254,3.993
06-03-2000,443.348,4.005
09-03-2000,443.348,4.005
14-03-2000,443.348,4.005
19-03-2000,443.442,4.017
24-03-2000,443.535,4.028
29-03-2000,443.629,4.04
03-04-2000,443.723,4.052
08-04-2000,443.817,4.064
13-04-2000,443.91,4.075
18-04-2000,444.004,4.087
23-04-2000,444.004,4.087
25-04-2000,444.004,4.087
27-04-2000,444.098,4.099
29-04-2000,444.192,4.11
01-05-2000,444.286,4.122
03-05-2000,444.379,4.134
05-05-2000,444.473,4.146
07-05-2000,444.567,4.157
09-05-2000,444.661,4.169
12-05-2000,444.661,4.169
14-05-2000,444.661,4.169
16-05-2000,444.755,4.181
19-05-2000,444.848,4.192
21-05-2000,444.942,4.204
23-05-2000,445.036,4.216
26-05-2000,445.13,4.228
28-05-2000,445.223,4.239
30-05-2000,445.317,4.251
02-06-2000,445.317,4.251
07-06-2000,445.317,4.251
13-06-2000,445.411,4.263
19-06-2000,445.504,4.274
24-06-2000,445.598,4.286
30-06-2000,445.692,4.297
06-07-2000,445.786,4.309
11-07-2000,445.879,4.32
17-07-2000,445.973,4.332
23-07-2000,445.973,4.332
25-07-2000,445.973,4.332
27-07-2000,446.067,4.344
29-07-2000,446.16,4.355
31-07-2000,446.254,4.367
03-08-2000,446.348,4.379
05-08-2000,446.442,4.391
07-08-2000,446.535,4.402
09-08-2000,446.629,4.414
12-08-2000,446.629,4.414
15-08-2000,446.629,4.414
18-08-2000,446.723,4.426
22-08-2000,446.816,4.437
25-08-2000,446.91,4.449
29-08-2000,447.004,4.461
01-09-2000,447.098,4.473
05-09-2000,447.191,4.484
08-09-2000,447.285,4.496
12-09-2000,447.285,4.496
17-09-2000,447.285,4.496
22-09-2000,447.379,4.508
28-09-2000,447.473,4.519
03-10-2000,447.567,4.531
09-10-2000,447.66,4.543
14-10-2000,447.754,4.555
20-10-2000,447.848,4.566
25-10-2000,447.942,4.578
31-10-2000,447.942,4.578
03-11-2000,447.942,4.578
06-11-2000,448.036,4.59
10-11-2000,448.129,4.601
13-11-2000,448.223,4.613
16-11-2000,448.317,4.625
20-11-2000,448.411,4.637
23-11-2000,448.504,4.648
26-11-2000,448.598,4.66
30-11-2000,448.598,4.66
02-12-2000,448.598,4.66
04-12-2000,448.692,4.672
06-12-2000,448.785,4.683
08-12-2000,448.879,4.695
11-12-2000,448.973,4.707
13-12-2000,449.067,4.719
15-12-2000,449.16,4.73
17-12-2000,449.254,4.742
20-12-2000,449.254,4.742
24-12-2000,449.254,4.742
29-12-2000,449.348,4.754
02-01-2001,449.441,4.765
07-01-2001,449.535,4.777
11-01-2001,449.629,4.789
16-01-2001,449.723,4.801
20-01-2001,449.816,4.812
25-01-2001,449.91,4.824
30-01-2001,449.91,4.824
01-02-2001,449.91,4.739
03-02-2001,450.135,4.751
05-02-2001,450.361,4.763
07-02-2001,450.586,4.775
10-02-2001,450.812,4.788
12-02-2001,451.037,4.8
14-02-2001,451.263,4.812
16-02-2001,451.488,4.824
19-02-2001,451.488,4.739
21-02-2001,451.488,4.654
23-02-2001,451.713,4.666
25-02-2001,451.939,4.678
27-02-2001,452.164,4.69
01-03-2001,452.39,4.703
03-03-2001,452.615,4.715
05-03-2001,452.841,4.727
07-03-2001,453.066,4.739
09-03-2001,453.066,4.654
14-03-2001,453.066,4.569
19-03-2001,453.291,4.581
24-03-2001,453.517,4.593
29-03-2001,453.742,4.605
03-04-2001,453.968,4.618
08-04-2001,454.193,4.63
13-04-2001,454.419,4.642
18-04-2001,454.644,4.654
23-04-2001,454.644,4.569
25-04-2001,454.644,4.484
27-04-2001,454.869,4.496
29-04-2001,455.095,4.508
01-05-2001,455.32,4.52
03-05-2001,455.546,4.533
05-05-2001,455.771,4.545
07-05-2001,455.997,4.557
09-05-2001,456.222,4.569
12-05-2001,456.222,4.484
14-05-2001,456.222,4.399
16-05-2001,456.447,4.411
19-05-2001,456.673,4.423
21-05-2001,456.898,4.435
23-05-2001,457.124,4.448
26-05-2001,457.349,4.46
28-05-2001,457.575,4.472
30-05-2001,457.8,4.484
02-06-2001,457.8,4.399
07-06-2001,457.8,4.314
13-06-2001,458.025,4.326
19-06-2001,458.251,4.338
24-06-2001,458.476,4.35
30-06-2001,458.702,4.363
06-07-2001,458.927,4.375
11-07-2001,459.153,4.387
17-07-2001,459.378,4.399
23-07-2001,459.378,4.314
25-07-2001,459.378,4.229
27-07-2001,459.603,4.241
29-07-2001,459.829,4.253
31-07-2001,460.054,4.265
03-08-2001,460.279,4.278
05-08-2001,460.504,4.29
07-08-2001,460.73,4.302
09-08-2001,460.955,4.314
12-08-2001,460.955,4.229
15-08-2001,460.955,4.144
18-08-2001,461.18,4.156
22-08-2001,461.406,4.168
25-08-2001,461.631,4.18
29-08-2001,461.857,4.193
01-09-2001,462.082,4.205
05-09-2001,462.308,4.217
08-09-2001,462.533,4.229
12-09-2001,462.533,4.144
17-09-2001,462.533,4.059
22-09-2001,462.758,4.071
28-09-2001,462.984,4.083
03-10-2001,463.209,4.095
09-10-2001,463.435,4.108
14-10-2001,463.66,4.12
20-10-2001,463.886,4.132
25-10-2001,464.111,4.144
31-10-2001,464.111,4.059
03-11-2001,464.111,3.974
06-11-2001,464.336,3.986
10-11-2001,464.562,3.998
13-11-2001,464.787,4.01
16-11-2001,465.013,4.023
20-11-2001,465.238,4.035
23-11-2001,465.464,4.047
26-11-2001,465.689,4.059
30-11-2001,465.689,3.974
02-12-2001,465.689,3.889
04-12-2001,465.914,3.901
06-12-2001,466.14,3.913
08-12-2001,466.365,3.925
11-12-2001,466.591,3.938
13-12-2001,466.816,3.95
15-12-2001,467.042,3.962
17-12-2001,467.267,3.974
20-12-2001,467.267,3.889
24-12-2001,467.267,3.804
29-12-2001,467.492,3.816
02-01-2002,467.718,3.828
07-01-2002,467.943,3.84
11-01-2002,468.169,3.853
16-01-2002,468.394,3.865
20-01-2002,468.62,3.877
25-01-2002,468.845,3.889
30-01-2002,468.845,3.804
01-02-2002,468.845,3.804
03-02-2002,469.738,3.852
05-02-2002,470.631,3.901
07-02-2002,471.524,3.949
10-02-2002,472.416,3.997
12-02-2002,473.309,4.045
14-02-2002,474.202,4.094
16-02-2002,475.095,4.142
19-02-2002,475.095,4.142
21-02-2002,475.095,4.142
23-02-2002,475.988,4.19
25-02-2002,476.881,4.239
27-02-2002,477.774,4.287
01-03-2002,478.666,4.335
03-03-2002,479.559,4.383
05-03-2002,480.452,4.432
07-03-2002,481.345,4.48
09-03-2002,481.345,4.48
14-03-2002,481.345,4.48
19-03-2002,482.238,4.528
24-03-2002,483.131,4.577
29-03-2002,484.024,4.625
03-04-2002,484.916,4.673
08-04-2002,485.809,4.721
13-04-2002,486.702,4.77
18-04-2002,487.595,4.818
23-04-2002,487.595,4.818
25-04-2002,487.595,4.818
27-04-2002,488.488,4.866
29-04-2002,489.381,4.915
01-05-2002,490.274,4.963
03-05-2002,491.166,5.011
05-05-2002,492.059,5.059
07-05-2002,492.952,5.108
09-05-2002,493.845,5.156
12-05-2002,493.845,5.156
14-05-2002,493.845,5.156
16-05-2002,494.738,5.204
19-05-2002,495.631,5.253
21-05-2002,496.524,5.301
23-05-2002,497.416,5.349
26-05-2002,498.309,5.397
28-05-2002,499.202,5.446
30-05-2002,500.095,5.494
02-06-2002,500.095,5.494
07-06-2002,500.095,5.494
13-06-2002,500.988,5.542
19-06-2002,501.881,5.591
24-06-2002,502.774,5.639
30-06-2002,503.666,5.687
06-07-2002,504.559,5.735
11-07-2002,505.452,5.784
17-07-2002,506.345,5.832
23-07-2002,506.345,5.832
25-07-2002,506.345,5.832
27-07-2002,507.238,5.88
29-07-2002,508.131,5.929
31-07-2002,509.024,5.977
03-08-2002,509.916,6.025
05-08-2002,510.809,6.073
07-08-2002,511.702,6.122
09-08-2002,512.595,6.17
12-08-2002,512.595,6.17
15-08-2002,512.595,6.17
18-08-2002,513.488,6.218
22-08-2002,514.381,6.267
25-08-2002,515.274,6.315
29-08-2002,516.166,6.363
01-09-2002,517.059,6.411
05-09-2002,517.952,6.46
08-09-2002,518.845,6.508
12-09-2002,518.845,6.508
17-09-2002,518.845,6.508
22-09-2002,519.738,6.556
28-09-2002,520.631,6.605
03-10-2002,521.524,6.653
09-10-2002,522.416,6.701
14-10-2002,523.309,6.749
20-10-2002,524.202,6.798
25-10-2002,525.095,6.846
31-10-2002,525.095,6.846
03-11-2002,525.095,6.846
06-11-2002,525.988,6.894
10-11-2002,526.881,6.943
13-11-2002,527.774,6.991
16-11-2002,528.666,7.039
20-11-2002,529.559,7.087
23-11-2002,530.452,7.136
26-11-2002,531.345,7.184
30-11-2002,531.345,7.184
02-12-2002,531.345,7.184
04-12-2002,532.238,7.232
06-12-2002,533.131,7.281
08-12-2002,534.024,7.329
11-12-2002,534.916,7.377
13-12-2002,535.809,7.425
15-12-2002,536.702,7.474
17-12-2002,537.595,7.522
20-12-2002,537.595,7.522
24-12-2002,537.595,7.522
29-12-2002,538.488,7.57
02-01-2003,539.381,7.619
07-01-2003,540.274,7.667
11-01-2003,541.166,7.715
16-01-2003,542.059,7.763
20-01-2003,542.952,7.812
25-01-2003,543.845,7.86
30-01-2003,543.845,7.86
01-02-2003,543.845,7.86
03-02-2003,544.801,7.861
05-02-2003,545.756,7.861
07-02-2003,546.712,7.862
10-02-2003,547.667,7.863
12-02-2003,548.623,7.864
14-02-2003,549.578,7.864
16-02-2003,550.534,7.865
19-02-2003,550.534,7.865
21-02-2003,550.534,7.865
23-02-2003,551.489,7.866
25-02-2003,552.445,7.866
27-02-2003,553.4,7.867
01-03-2003,554.356,7.868
03-03-2003,555.311,7.869
05-03-2003,556.267,7.869
07-03-2003,557.222,7.87
09-03-2003,557.222,7.87
14-03-2003,557.222,7.87
19-03-2003,558.178,7.871
24-03-2003,559.133,7.872
29-03-2003,560.089,7.873
03-04-2003,561.044,7.873
08-04-2003,562,7.874
13-04-2003,562.955,7.875
18-04-2003,563.911,7.876
23-04-2003,563.911,7.876
25-04-2003,563.911,7.876
27-04-2003,564.866,7.877
29-04-2003,565.822,7.877
01-05-2003,566.777,7.878
03-05-2003,567.733,7.879
05-05-2003,568.688,7.88
07-05-2003,569.644,7.88
09-05-2003,570.599,7.881
12-05-2003,570.599,7.881
14-05-2003,570.599,7.881
16-05-2003,571.555,7.882
19-05-2003,572.51,7.882
21-05-2003,573.466,7.883
23-05-2003,574.421,7.884
26-05-2003,575.377,7.885
28-05-2003,576.332,7.885
30-05-2003,577.288,7.886
02-06-2003,577.288,7.886
07-06-2003,577.288,7.886
13-06-2003,578.243,7.887
19-06-2003,579.199,7.888
24-06-2003,580.154,7.889
30-06-2003,581.11,7.889
06-07-2003,582.065,7.89
11-07-2003,583.021,7.891
17-07-2003,583.976,7.892
23-07-2003,583.976,7.892
25-07-2003,583.976,7.892
27-07-2003,584.932,7.893
29-07-2003,585.887,7.893
31-07-2003,586.843,7.894
03-08-2003,587.798,7.895
05-08-2003,588.754,7.896
07-08-2003,589.709,7.896
09-08-2003,590.665,7.897
12-08-2003,590.665,7.897
15-08-2003,590.665,7.897
18-08-2003,591.621,7.898
22-08-2003,592.576,7.898
25-08-2003,593.532,7.899
29-08-2003,594.487,7.9
01-09-2003,595.443,7.901
05-09-2003,596.398,7.901
08-09-2003,597.354,7.902
12-09-2003,597.354,7.902
17-09-2003,597.354,7.902
22-09-2003,598.309,7.903
28-09-2003,599.265,7.903
03-10-2003,600.22,7.904
09-10-2003,601.176,7.905
14-10-2003,602.131,7.906
20-10-2003,603.087,7.906
25-10-2003,604.042,7.907
31-10-2003,604.042,7.907
03-11-2003,604.042,7.907
06-11-2003,604.998,7.908
10-11-2003,605.953,7.908
13-11-2003,606.909,7.909
16-11-2003,607.864,7.91
20-11-2003,608.82,7.911
23-11-2003,609.775,7.911
26-11-2003,610.731,7.912
30-11-2003,610.731,7.912
02-12-2003,610.731,7.912
04-12-2003,611.686,7.913
06-12-2003,612.642,7.914
08-12-2003,613.597,7.915
11-12-2003,614.553,7.915
13-12-2003,615.508,7.916
15-12-2003,616.464,7.917
17-12-2003,617.419,7.918
20-12-2003,617.419,7.918
24-12-2003,617.419,7.918
29-12-2003,618.375,7.919
02-01-2004,619.33,7.919
07-01-2004,620.286,7.92
11-01-2004,621.241,7.921
16-01-2004,622.197,7.922
20-01-2004,623.152,7.922
25-01-2004,624.108,7.923
30-01-2004,624.108,7.923
01-02-2004,624.108,7.923
03-02-2004,625.137,7.923
05-02-2004,626.165,7.923
07-02-2004,627.194,7.923
10-02-2004,628.222,7.923
12-02-2004,629.251,7.923
14-02-2004,630.279,7.923
16-02-2004,631.308,7.923
19-02-2004,631.308,7.923
21-02-2004,631.308,7.923
23-02-2004,632.337,7.923
25-02-2004,633.365,7.923
27-02-2004,634.394,7.923
29-02-2004,635.423,7.923
02-03-2004,636.452,7.923
04-03-2004,637.48,7.923
06-03-2004,638.509,7.923
09-03-2004,638.509,7.923
14-03-2004,638.509,7.923
19-03-2004,639.538,7.923
24-03-2004,640.566,7.923
29-03-2004,641.595,7.923
03-04-2004,642.623,7.923
08-04-2004,643.652,7.923
13-04-2004,644.68,7.923
18-04-2004,645.709,7.923
23-04-2004,645.709,7.923
25-04-2004,645.709,7.923
27-04-2004,646.738,7.923
29-04-2004,647.766,7.923
01-05-2004,648.795,7.923
03-05-2004,649.823,7.923
05-05-2004,650.852,7.923
07-05-2004,651.88,7.923
09-05-2004,652.909,7.923
12-05-2004,652.909,7.923
14-05-2004,652.909,7.923
16-05-2004,653.938,7.923
19-05-2004,654.966,7.923
21-05-2004,655.995,7.923
23-05-2004,657.024,7.923
26-05-2004,658.053,7.923
28-05-2004,659.081,7.923
30-05-2004,660.11,7.923
02-06-2004,660.11,7.923
07-06-2004,660.11,7.923
13-06-2004,661.139,7.923
19-06-2004,662.167,7.923
24-06-2004,663.196,7.923
30-06-2004,664.224,7.923
06-07-2004,665.253,7.923
11-07-2004,666.281,7.923
17-07-2004,667.31,7.923
23-07-2004,667.31,7.923
25-07-2004,667.31,7.923
27-07-2004,668.339,7.923
29-07-2004,669.367,7.923
31-07-2004,670.396,7.923
03-08-2004,671.424,7.923
05-08-2004,672.453,7.923
07-08-2004,673.481,7.923
09-08-2004,674.51,7.923
12-08-2004,674.51,7.923
15-08-2004,674.51,7.923
18-08-2004,675.539,7.923
22-08-2004,676.567,7.923
25-08-2004,677.596,7.923
29-08-2004,678.625,7.923
01-09-2004,679.654,7.923
05-09-2004,680.682,7.923
08-09-2004,681.711,7.923
12-09-2004,681.711,7.923
17-09-2004,681.711,7.923
22-09-2004,682.74,7.923
28-09-2004,683.768,7.923
03-10-2004,684.797,7.923
09-10-2004,685.825,7.923
14-10-2004,686.854,7.923
20-10-2004,687.882,7.923
25-10-2004,688.911,7.923
31-10-2004,688.911,7.923
03-11-2004,688.911,7.923
06-11-2004,689.94,7.923
10-11-2004,690.968,7.923
13-11-2004,691.997,7.923
16-11-2004,693.025,7.923
20-11-2004,694.054,7.923
23-11-2004,695.082,7.923
26-11-2004,696.111,7.923
30-11-2004,696.111,7.923
02-12-2004,696.111,7.923
04-12-2004,697.14,7.923
06-12-2004,698.168,7.923
08-12-2004,699.197,7.923
11-12-2004,700.226,7.923
13-12-2004,701.255,7.923
15-12-2004,702.283,7.923
17-12-2004,703.312,7.923
20-12-2004,703.312,7.923
24-12-2004,703.312,7.923
29-12-2004,704.341,7.923
02-01-2005,705.369,7.923
07-01-2005,706.398,7.923
11-01-2005,707.426,7.923
16-01-2005,708.455,7.923
20-01-2005,709.483,7.923
25-01-2005,710.512,7.923
30-01-2005,710.512,7.923
01-02-2005,710.512,7.923
03-02-2005,711.601,7.925
05-02-2005,712.691,7.926
07-02-2005,713.78,7.928
10-02-2005,714.869,7.929
12-02-2005,715.958,7.931
14-02-2005,717.048,7.932
16-02-2005,718.137,7.934
19-02-2005,718.137,7.934
21-02-2005,718.137,7.934
23-02-2005,719.226,7.936
25-02-2005,720.316,7.937
27-02-2005,721.405,7.939
01-03-2005,722.494,7.941
03-03-2005,723.583,7.943
05-03-2005,724.673,7.944
07-03-2005,725.762,7.946
09-03-2005,725.762,7.946
14-03-2005,725.762,7.946
19-03-2005,726.851,7.948
24-03-2005,727.941,7.949
29-03-2005,729.03,7.951
03-04-2005,730.119,7.953
08-04-2005,731.208,7.955
13-04-2005,732.298,7.956
18-04-2005,733.387,7.958
23-04-2005,733.387,7.958
25-04-2005,733.387,7.958
27-04-2005,734.476,7.96
29-04-2005,735.566,7.961
01-05-2005,736.655,7.963
03-05-2005,737.745,7.964
05-05-2005,738.834,7.966
07-05-2005,739.924,7.967
09-05-2005,741.013,7.969
12-05-2005,741.013,7.969
14-05-2005,741.013,7.969
16-05-2005,742.102,7.971
19-05-2005,743.192,7.972
21-05-2005,744.281,7.974
23-05-2005,745.37,7.975
26-05-2005,746.459,7.977
28-05-2005,747.549,7.978
30-05-2005,748.638,7.98
02-06-2005,748.638,7.98
07-06-2005,748.638,7.98
13-06-2005,749.727,7.982
19-06-2005,750.817,7.983
24-06-2005,751.906,7.985
30-06-2005,752.995,7.987
06-07-2005,754.084,7.989
11-07-2005,755.174,7.99
17-07-2005,756.263,7.992
23-07-2005,756.263,7.992
25-07-2005,756.263,7.992
27-07-2005,757.352,7.994
29-07-2005,758.442,7.995
31-07-2005,759.531,7.997
03-08-2005,760.62,7.999
05-08-2005,761.709,8.001
07-08-2005,762.799,8.002
09-08-2005,763.888,8.004
12-08-2005,763.888,8.004
15-08-2005,763.888,8.004
18-08-2005,764.977,8.006
22-08-2005,766.067,8.007
25-08-2005,767.156,8.009
29-08-2005,768.245,8.01
01-09-2005,769.334,8.012
05-09-2005,770.424,8.013
08-09-2005,771.513,8.015
12-09-2005,771.513,8.015
17-09-2005,771.513,8.015
22-09-2005,772.602,8.017
28-09-2005,773.692,8.018
03-10-2005,774.781,8.02
09-10-2005,775.87,8.021
14-10-2005,776.959,8.023
20-10-2005,778.049,8.024
25-10-2005,779.138,8.026
31-10-2005,779.138,8.026
03-11-2005,779.138,8.026
06-11-2005,780.227,8.028
10-11-2005,781.317,8.029
13-11-2005,782.406,8.031
16-11-2005,783.496,8.033
20-11-2005,784.585,8.035
23-11-2005,785.675,8.036
26-11-2005,786.764,8.038
30-11-2005,786.764,8.038
02-12-2005,786.764,8.038
04-12-2005,787.853,8.04
06-12-2005,788.943,8.041
08-12-2005,790.032,8.043
11-12-2005,791.121,8.045
13-12-2005,792.21,8.047
15-12-2005,793.3,8.048
17-12-2005,794.389,8.05
20-12-2005,794.389,8.05
24-12-2005,794.389,8.05
29-12-2005,795.478,8.052
02-01-2006,796.568,8.053
07-01-2006,797.657,8.055
11-01-2006,798.746,8.056
16-01-2006,799.835,8.058
20-01-2006,800.925,8.059
25-01-2006,802.014,8.061
30-01-2006,802.014,8.061
01-02-2006,802.014,8.028
03-02-2006,804.642,8.033
05-02-2006,807.269,8.037
07-02-2006,809.897,8.042
10-02-2006,812.524,8.047
12-02-2006,815.152,8.052
14-02-2006,817.779,8.056
16-02-2006,820.407,8.061
19-02-2006,820.407,8.028
21-02-2006,820.407,7.994
23-02-2006,823.035,7.999
25-02-2006,825.662,8.004
27-02-2006,828.29,8.009
01-03-2006,830.917,8.013
03-03-2006,833.545,8.018
05-03-2006,836.172,8.023
07-03-2006,838.8,8.028
09-03-2006,838.8,7.994
14-03-2006,838.8,7.961
19-03-2006,841.428,7.966
24-03-2006,844.055,7.97
29-03-2006,846.683,7.975
03-04-2006,849.311,7.98
08-04-2006,851.939,7.985
13-04-2006,854.566,7.989
18-04-2006,857.194,7.994
23-04-2006,857.194,7.961
25-04-2006,857.194,7.928
27-04-2006,859.822,7.933
29-04-2006,862.449,7.937
01-05-2006,865.077,7.942
03-05-2006,867.704,7.947
05-05-2006,870.332,7.952
07-05-2006,872.959,7.956
09-05-2006,875.587,7.961
12-05-2006,875.587,7.928
14-05-2006,875.587,7.894
16-05-2006,878.215,7.899
19-05-2006,880.842,7.904
21-05-2006,883.47,7.909
23-05-2006,886.097,7.913
26-05-2006,888.725,7.918
28-05-2006,891.352,7.923
30-05-2006,893.98,7.928
02-06-2006,893.98,7.894
07-06-2006,893.98,7.861
13-06-2006,896.608,7.866
19-06-2006,899.235,7.87
24-06-2006,901.863,7.875
30-06-2006,904.49,7.88
06-07-2006,907.118,7.885
11-07-2006,909.745,7.889
17-07-2006,912.373,7.894
23-07-2006,912.373,7.861
25-07-2006,912.373,7.828
27-07-2006,915.001,7.833
29-07-2006,917.628,7.837
31-07-2006,920.256,7.842
03-08-2006,922.883,7.847
05-08-2006,925.511,7.852
07-08-2006,928.138,7.856
09-08-2006,930.766,7.861
12-08-2006,930.766,7.828
15-08-2006,930.766,7.794
18-08-2006,933.394,7.799
22-08-2006,936.021,7.804
25-08-2006,938.649,7.809
29-08-2006,941.276,7.813
01-09-2006,943.904,7.818
05-09-2006,946.531,7.823
08-09-2006,949.159,7.828
12-09-2006,949.159,7.794
17-09-2006,949.159,7.761
22-09-2006,951.787,7.766
28-09-2006,954.414,7.77
03-10-2006,957.042,7.775
09-10-2006,959.669,7.78
14-10-2006,962.297,7.785
20-10-2006,964.924,7.789
25-10-2006,967.552,7.794
31-10-2006,967.552,7.761
03-11-2006,967.552,7.728
06-11-2006,970.18,7.733
10-11-2006,972.807,7.737
13-11-2006,975.435,7.742
16-11-2006,978.063,7.747
20-11-2006,980.691,7.752
23-11-2006,983.318,7.756
26-11-2006,985.946,7.761
30-11-2006,985.946,7.728
02-12-2006,985.946,7.694
04-12-2006,988.574,7.699
06-12-2006,991.201,7.704
08-12-2006,993.829,7.709
11-12-2006,996.456,7.713
13-12-2006,999.084,7.718
15-12-2006,1001.711,7.723
17-12-2006,1004.339,7.728
20-12-2006,1004.339,7.694
24-12-2006,1004.339,7.661
29-12-2006,1006.967,7.666
02-01-2007,1009.594,7.67
07-01-2007,1012.222,7.675
11-01-2007,1014.849,7.68
16-01-2007,1017.477,7.685
20-01-2007,1020.104,7.689
25-01-2007,1022.732,7.694
30-01-2007,1022.732,7.661
01-02-2007,1020.296,7.28
03-02-2007,1020.644,7.334
05-02-2007,1020.992,7.389
07-02-2007,1021.34,7.443
10-02-2007,1021.688,7.498
12-02-2007,1022.036,7.552
14-02-2007,1022.384,7.607
16-02-2007,1022.732,7.661
19-02-2007,1020.296,7.28
21-02-2007,1017.86,6.899
23-02-2007,1018.208,6.953
25-02-2007,1018.556,7.008
27-02-2007,1018.904,7.062
01-03-2007,1019.252,7.117
03-03-2007,1019.6,7.171
05-03-2007,1019.948,7.226
07-03-2007,1020.296,7.28
09-03-2007,1017.86,6.899
14-03-2007,1015.425,6.518
19-03-2007,1015.773,6.572
24-03-2007,1016.121,6.627
29-03-2007,1016.469,6.681
03-04-2007,1016.816,6.736
08-04-2007,1017.164,6.79
13-04-2007,1017.512,6.845
18-04-2007,1017.86,6.899
23-04-2007,1015.425,6.518
25-04-2007,1012.989,6.136
27-04-2007,1013.337,6.191
29-04-2007,1013.685,6.245
01-05-2007,1014.033,6.3
03-05-2007,1014.381,6.354
05-05-2007,1014.729,6.409
07-05-2007,1015.077,6.463
09-05-2007,1015.425,6.518
12-05-2007,1012.989,6.136
14-05-2007,1010.553,5.755
16-05-2007,1010.901,5.809
19-05-2007,1011.249,5.864
21-05-2007,1011.597,5.918
23-05-2007,1011.945,5.973
26-05-2007,1012.293,6.027
28-05-2007,1012.641,6.082
30-05-2007,1012.989,6.136
02-06-2007,1010.553,5.755
07-06-2007,1008.118,5.374
13-06-2007,1008.466,5.428
19-06-2007,1008.814,5.483
24-06-2007,1009.162,5.537
30-06-2007,1009.509,5.592
06-07-2007,1009.857,5.646
11-07-2007,1010.205,5.701
17-07-2007,1010.553,5.755
23-07-2007,1008.118,5.374
25-07-2007,1005.682,4.993
27-07-2007,1006.03,5.047
29-07-2007,1006.378,5.102
31-07-2007,1006.726,5.156
03-08-2007,1007.074,5.211
05-08-2007,1007.422,5.265
07-08-2007,1007.77,5.32
09-08-2007,1008.118,5.374
12-08-2007,1005.682,4.993
15-08-2007,1003.246,4.612
18-08-2007,1003.594,4.666
22-08-2007,1003.942,4.721
25-08-2007,1004.29,4.775
29-08-2007,1004.638,4.83
01-09-2007,1004.986,4.884
05-09-2007,1005.334,4.939
08-09-2007,1005.682,4.993
12-09-2007,1003.246,4.612
17-09-2007,1000.81,4.23
22-09-2007,1001.158,4.285
28-09-2007,1001.506,4.339
03-10-2007,1001.854,4.394
09-10-2007,1002.202,4.448
14-10-2007,1002.55,4.503
20-10-2007,1002.898,4.557
25-10-2007,1003.246,4.612
31-10-2007,1000.81,4.23
03-11-2007,998.374,3.849
06-11-2007,998.722,3.903
10-11-2007,999.07,3.958
13-11-2007,999.418,4.012
16-11-2007,999.766,4.067
20-11-2007,1000.114,4.121
23-11-2007,1000.462,4.176
26-11-2007,1000.81,4.23
30-11-2007,998.374,3.849
02-12-2007,995.939,3.468
04-12-2007,996.287,3.522
06-12-2007,996.635,3.577
08-12-2007,996.983,3.631
11-12-2007,997.33,3.686
13-12-2007,997.678,3.74
15-12-2007,998.026,3.795
17-12-2007,998.374,3.849
20-12-2007,995.939,3.468
24-12-2007,993.503,3.087
29-12-2007,993.851,3.141
02-01-2008,994.199,3.196
07-01-2008,994.547,3.25
11-01-2008,994.895,3.305
16-01-2008,995.243,3.359
20-01-2008,995.591,3.414
25-01-2008,995.939,3.468
30-01-2008,993.503,3.087
01-02-2008,993.503,3.087
03-02-2008,994.731,3.144
05-02-2008,995.959,3.201
07-02-2008,997.187,3.258
10-02-2008,998.414,3.314
12-02-2008,999.642,3.371
14-02-2008,1000.87,3.428
16-02-2008,1002.098,3.485
19-02-2008,1002.098,3.485
21-02-2008,1002.098,3.485
23-02-2008,1003.326,3.542
25-02-2008,1004.553,3.599
27-02-2008,1005.781,3.656
29-02-2008,1007.009,3.712
02-03-2008,1008.237,3.769
04-03-2008,1009.464,3.826
06-03-2008,1010.692,3.883
09-03-2008,1010.692,3.883
14-03-2008,1010.692,3.883
19-03-2008,1011.92,3.94
24-03-2008,1013.147,3.997
29-03-2008,1014.375,4.054
03-04-2008,1015.603,4.11
08-04-2008,1016.831,4.167
13-04-2008,1018.058,4.224
18-04-2008,1019.286,4.281
23-04-2008,1019.286,4.281
25-04-2008,1019.286,4.281
27-04-2008,1020.514,4.338
29-04-2008,1021.742,4.395
01-05-2008,1022.97,4.452
03-05-2008,1024.197,4.508
05-05-2008,1025.425,4.565
07-05-2008,1026.653,4.622
09-05-2008,1027.881,4.679
12-05-2008,1027.881,4.679
14-05-2008,1027.881,4.679
16-05-2008,1029.109,4.736
19-05-2008,1030.337,4.793
21-05-2008,1031.565,4.85
23-05-2008,1032.792,4.906
26-05-2008,1034.02,4.963
28-05-2008,1035.248,5.02
30-05-2008,1036.476,5.077
02-06-2008,1036.476,5.077
07-06-2008,1036.476,5.077
13-06-2008,1037.704,5.134
19-06-2008,1038.931,5.191
24-06-2008,1040.159,5.248
30-06-2008,1041.387,5.304
06-07-2008,1042.615,5.361
11-07-2008,1043.842,5.418
17-07-2008,1045.07,5.475
23-07-2008,1045.07,5.475
25-07-2008,1045.07,5.475
27-07-2008,1046.298,5.532
29-07-2008,1047.525,5.588
31-07-2008,1048.753,5.645
03-08-2008,1049.981,5.702
05-08-2008,1051.209,5.759
07-08-2008,1052.436,5.815
09-08-2008,1053.664,5.872
12-08-2008,1053.664,5.872
15-08-2008,1053.664,5.872
18-08-2008,1054.892,5.929
22-08-2008,1056.12,5.986
25-08-2008,1057.348,6.043
29-08-2008,1058.575,6.099
01-09-2008,1059.803,6.156
05-09-2008,1061.031,6.213
08-09-2008,1062.259,6.27
12-09-2008,1062.259,6.27
17-09-2008,1062.259,6.27
22-09-2008,1063.487,6.327
28-09-2008,1064.715,6.384
03-10-2008,1065.943,6.441
09-10-2008,1067.17,6.497
14-10-2008,1068.398,6.554
20-10-2008,1069.626,6.611
25-10-2008,1070.854,6.668
31-10-2008,1070.854,6.668
03-11-2008,1070.854,6.668
06-11-2008,1072.082,6.725
10-11-2008,1073.309,6.782
13-11-2008,1074.537,6.839
16-11-2008,1075.765,6.895
20-11-2008,1076.993,6.952
23-11-2008,1078.22,7.009
26-11-2008,1079.448,7.066
30-11-2008,1079.448,7.066
02-12-2008,1079.448,7.066
04-12-2008,1080.676,7.123
06-12-2008,1081.903,7.18
08-12-2008,1083.131,7.237
11-12-2008,1084.359,7.293
13-12-2008,1085.587,7.35
15-12-2008,1086.814,7.407
17-12-2008,1088.042,7.464
20-12-2008,1088.042,7.464
24-12-2008,1088.042,7.464
29-12-2008,1089.27,7.521
02-01-2009,1090.498,7.578
07-01-2009,1091.726,7.635
11-01-2009,1092.953,7.691
16-01-2009,1094.181,7.748
20-01-2009,1095.409,7.805
25-01-2009,1096.637,7.862
30-01-2009,1096.637,7.862
01-02-2009,1096.637,7.862
03-02-2009,1099.661,7.87
05-02-2009,1102.684,7.877
07-02-2009,1105.708,7.885
10-02-2009,1108.732,7.892
12-02-2009,1111.756,7.9
14-02-2009,1114.779,7.907
16-02-2009,1117.803,7.915
19-02-2009,1117.803,7.915
21-02-2009,1117.803,7.915
23-02-2009,1120.827,7.923
25-02-2009,1123.851,7.93
27-02-2009,1126.875,7.938
01-03-2009,1129.898,7.945
03-03-2009,1132.922,7.953
05-03-2009,1135.946,7.96
07-03-2009,1138.97,7.968
09-03-2009,1138.97,7.968
14-03-2009,1138.97,7.968
19-03-2009,1141.994,7.976
24-03-2009,1145.017,7.983
29-03-2009,1148.041,7.991
03-04-2009,1151.065,7.998
08-04-2009,1154.089,8.006
13-04-2009,1157.112,8.013
18-04-2009,1160.136,8.021
23-04-2009,1160.136,8.021
25-04-2009,1160.136,8.021
27-04-2009,1163.16,8.029
29-04-2009,1166.184,8.036
01-05-2009,1169.208,8.044
03-05-2009,1172.231,8.051
05-05-2009,1175.255,8.059
07-05-2009,1178.279,8.066
09-05-2009,1181.303,8.074
12-05-2009,1181.303,8.074
14-05-2009,1181.303,8.074
16-05-2009,1184.327,8.082
19-05-2009,1187.35,8.089
21-05-2009,1190.374,8.097
23-05-2009,1193.398,8.104
26-05-2009,1196.422,8.112
28-05-2009,1199.445,8.119
30-05-2009,1202.469,8.127
02-06-2009,1202.469,8.127
07-06-2009,1202.469,8.127
13-06-2009,1205.493,8.135
19-06-2009,1208.516,8.142
24-06-2009,1211.54,8.15
30-06-2009,1214.564,8.157
06-07-2009,1217.588,8.165
11-07-2009,1220.611,8.172
17-07-2009,1223.635,8.18
23-07-2009,1223.635,8.18
25-07-2009,1223.635,8.18
27-07-2009,1226.659,8.188
29-07-2009,1229.683,8.195
31-07-2009,1232.707,8.203
03-08-2009,1235.73,8.21
05-08-2009,1238.754,8.218
07-08-2009,1241.778,8.225
09-08-2009,1244.802,8.233
12-08-2009,1244.802,8.233
15-08-2009,1244.802,8.233
18-08-2009,1247.826,8.241
22-08-2009,1250.849,8.248
25-08-2009,1253.873,8.256
29-08-2009,1256.897,8.263
01-09-2009,1259.921,8.271
05-09-2009,1262.944,8.278
08-09-2009,1265.968,8.286
12-09-2009,1265.968,8.286
17-09-2009,1265.968,8.286
22-09-2009,1268.992,8.294
28-09-2009,1272.016,8.301
03-10-2009,1275.04,8.309
09-10-2009,1278.063,8.316
14-10-2009,1281.087,8.324
20-10-2009,1284.111,8.331
25-10-2009,1287.135,8.339
31-10-2009,1287.135,8.339
03-11-2009,1287.135,8.339
06-11-2009,1290.159,8.347
10-11-2009,1293.182,8.354
13-11-2009,1296.206,8.362
16-11-2009,1299.23,8.369
20-11-2009,1302.254,8.377
23-11-2009,1305.277,8.384
26-11-2009,1308.301,8.392
30-11-2009,1308.301,8.392
02-12-2009,1308.301,8.392
04-12-2009,1311.325,8.4
06-12-2009,1314.349,8.407
08-12-2009,1317.373,8.415
11-12-2009,1320.396,8.422
13-12-2009,1323.42,8.43
15-12-2009,1326.444,8.437
17-12-2009,1329.468,8.445
20-12-2009,1329.468,8.445
24-12-2009,1329.468,8.445
29-12-2009,1332.492,8.453
02-01-2010,1335.515,8.46
07-01-2010,1338.539,8.468
11-01-2010,1341.563,8.475
16-01-2010,1344.587,8.483
20-01-2010,1347.61,8.49
25-01-2010,1350.634,8.498
30-01-2010,1350.634,8.498
01-02-2010,1350.634,8.227
03-02-2010,1351.812,8.266
05-02-2010,1352.991,8.304
07-02-2010,1354.169,8.343
10-02-2010,1355.347,8.382
12-02-2010,1356.525,8.421
14-02-2010,1357.704,8.459
16-02-2010,1358.882,8.498
19-02-2010,1358.882,8.227
21-02-2010,1358.882,7.955
23-02-2010,1360.06,7.994
25-02-2010,1361.238,8.033
27-02-2010,1362.416,8.072
01-03-2010,1363.595,8.11
03-03-2010,1364.773,8.149
05-03-2010,1365.951,8.188
07-03-2010,1367.129,8.227
10-03-2010,1367.129,7.955
14-03-2010,1367.129,7.684
19-03-2010,1368.307,7.723
24-03-2010,1369.485,7.761
29-03-2010,1370.663,7.8
03-04-2010,1371.842,7.839
08-04-2010,1373.02,7.878
13-04-2010,1374.198,7.916
18-04-2010,1375.376,7.955
23-04-2010,1375.376,7.684
25-04-2010,1375.376,7.412
27-04-2010,1376.554,7.451
29-04-2010,1377.733,7.49
01-05-2010,1378.911,7.529
03-05-2010,1380.089,7.567
05-05-2010,1381.267,7.606
07-05-2010,1382.446,7.645
09-05-2010,1383.624,7.684
12-05-2010,1383.624,7.412
14-05-2010,1383.624,7.141
16-05-2010,1384.802,7.18
19-05-2010,1385.981,7.218
21-05-2010,1387.159,7.257
23-05-2010,1388.337,7.296
26-05-2010,1389.515,7.335
28-05-2010,1390.694,7.373
30-05-2010,1391.872,7.412
02-06-2010,1391.872,7.141
07-06-2010,1391.872,6.869
13-06-2010,1393.05,6.908
19-06-2010,1394.228,6.947
24-06-2010,1395.406,6.986
30-06-2010,1396.585,7.024
06-07-2010,1397.763,7.063
11-07-2010,1398.941,7.102
17-07-2010,1400.119,7.141
23-07-2010,1400.119,6.869
25-07-2010,1400.119,6.598
27-07-2010,1401.297,6.637
29-07-2010,1402.475,6.675
31-07-2010,1403.653,6.714
03-08-2010,1404.832,6.753
05-08-2010,1406.01,6.792
07-08-2010,1407.188,6.83
09-08-2010,1408.366,6.869
12-08-2010,1408.366,6.598
15-08-2010,1408.366,6.327
18-08-2010,1409.544,6.366
22-08-2010,1410.723,6.404
25-08-2010,1411.901,6.443
29-08-2010,1413.079,6.482
01-09-2010,1414.257,6.521
05-09-2010,1415.436,6.559
08-09-2010,1416.614,6.598
12-09-2010,1416.614,6.327
17-09-2010,1416.614,6.055
22-09-2010,1417.792,6.094
28-09-2010,1418.971,6.133
03-10-2010,1420.149,6.172
09-10-2010,1421.327,6.21
14-10-2010,1422.505,6.249
20-10-2010,1423.684,6.288
25-10-2010,1424.862,6.327
31-10-2010,1424.862,6.055
03-11-2010,1424.862,5.784
06-11-2010,1426.04,5.823
10-11-2010,1427.218,5.861
13-11-2010,1428.396,5.9
16-11-2010,1429.575,5.939
20-11-2010,1430.753,5.978
23-11-2010,1431.931,6.016
26-11-2010,1433.109,6.055
30-11-2010,1433.109,5.784
02-12-2010,1433.109,5.512
04-12-2010,1434.287,5.551
06-12-2010,1435.465,5.59
08-12-2010,1436.643,5.629
11-12-2010,1437.822,5.667
13-12-2010,1439,5.706
15-12-2010,1440.178,5.745
17-12-2010,1441.356,5.784
20-12-2010,1441.356,5.512
23-12-2010,1441.356,5.241
27-12-2010,1442.534,5.28
31-12-2010,1443.713,5.318
04-01-2011,1444.891,5.357
07-01-2011,1446.069,5.396
11-01-2011,1447.247,5.435
15-01-2011,1448.426,5.473
19-01-2011,1449.604,5.512
23-01-2011,1449.604,5.241
25-01-2011,1448.305,5.241
27-01-2011,1448.491,5.244
29-01-2011,1448.676,5.246
31-01-2011,1448.862,5.249
03-02-2011,1449.047,5.251
05-02-2011,1449.233,5.254
07-02-2011,1449.418,5.256
09-02-2011,1449.604,5.259
12-02-2011,1448.305,5.259
15-02-2011,1447.006,5.259
18-02-2011,1447.192,5.262
21-02-2011,1447.377,5.264
24-02-2011,1447.563,5.267
27-02-2011,1447.748,5.269
02-03-2011,1447.934,5.272
05-03-2011,1448.119,5.274
08-03-2011,1448.305,5.277
12-03-2011,1447.006,5.277
16-03-2011,1445.708,5.277
20-03-2011,1445.893,5.28
25-03-2011,1446.079,5.282
29-03-2011,1446.264,5.285
02-04-2011,1446.45,5.287
07-04-2011,1446.635,5.29
11-04-2011,1446.821,5.292
15-04-2011,1447.006,5.295
20-04-2011,1445.708,5.295
22-04-2011,1444.409,5.295
24-04-2011,1444.595,5.298
27-04-2011,1444.78,5.3
29-04-2011,1444.966,5.303
02-05-2011,1445.151,5.305
04-05-2011,1445.337,5.308
07-05-2011,1445.522,5.31
09-05-2011,1445.708,5.313
12-05-2011,1444.409,5.313
15-05-2011,1443.11,5.313
19-05-2011,1443.296,5.316
23-05-2011,1443.481,5.318
27-05-2011,1443.667,5.321
31-05-2011,1443.852,5.323
04-06-2011,1444.038,5.326
08-06-2011,1444.223,5.328
12-06-2011,1444.409,5.331
16-06-2011,1443.11,5.331
20-06-2011,1441.811,5.331
24-06-2011,1441.997,5.333
29-06-2011,1442.182,5.336
03-07-2011,1442.368,5.338
08-07-2011,1442.553,5.341
12-07-2011,1442.739,5.343
17-07-2011,1442.924,5.346
21-07-2011,1443.11,5.348
26-07-2011,1441.811,5.348
30-07-2011,1440.512,5.348
03-08-2011,1440.698,5.351
07-08-2011,1440.883,5.353
11-08-2011,1441.069,5.356
15-08-2011,1441.254,5.358
19-08-2011,1441.44,5.361
23-08-2011,1441.625,5.363
27-08-2011,1441.811,5.366
31-08-2011,1440.512,5.366
01-09-2011,1439.213,5.366
03-09-2011,1439.399,5.369
05-09-2011,1439.584,5.371
07-09-2011,1439.77,5.374
08-09-2011,1439.955,5.376
10-09-2011,1440.141,5.379
12-09-2011,1440.326,5.381
14-09-2011,1440.512,5.384
16-09-2011,1439.213,5.384
20-09-2011,1437.914,5.384
25-09-2011,1438.1,5.387
30-09-2011,1438.285,5.389
04-10-2011,1438.471,5.392
09-10-2011,1438.656,5.394
14-10-2011,1438.842,5.397
18-10-2011,1439.027,5.399
23-10-2011,1439.213,5.402
28-10-2011,1437.914,5.402
31-10-2011,1436.616,5.402
04-11-2011,1436.801,5.405
08-11-2011,1436.987,5.407
11-11-2011,1437.172,5.41
15-11-2011,1437.358,5.412
19-11-2011,1437.543,5.415
22-11-2011,1437.729,5.417
26-11-2011,1437.914,5.42
30-11-2011,1436.616,5.42
01-12-2011,1435.317,5.42
03-12-2011,1435.503,5.423
05-12-2011,1435.688,5.425
07-12-2011,1435.874,5.428
08-12-2011,1436.059,5.43
10-12-2011,1436.245,5.433
12-12-2011,1436.43,5.435
14-12-2011,1436.616,5.438
16-12-2011,1435.317,5.438
20-12-2011,1434.018,5.438
24-12-2011,1434.204,5.441
29-12-2011,1434.389,5.443
02-01-2012,1434.575,5.446
06-01-2012,1434.76,5.448
11-01-2012,1434.946,5.451
15-01-2012,1435.131,5.453
19-01-2012,1435.317,5.456
24-01-2012,1434.018,5.456
26-01-2012,1434.018,5.456
29-01-2012,1434.066,5.467
01-02-2012,1434.114,5.478
04-02-2012,1434.162,5.489
07-02-2012,1434.211,5.501
10-02-2012,1434.259,5.512
13-02-2012,1434.307,5.523
16-02-2012,1434.355,5.534
19-02-2012,1434.355,5.534
21-02-2012,1434.355,5.534
24-02-2012,1434.403,5.545
27-02-2012,1434.451,5.556
01-03-2012,1434.499,5.567
03-03-2012,1434.547,5.578
06-03-2012,1434.595,5.589
09-03-2012,1434.643,5.6
12-03-2012,1434.691,5.611
15-03-2012,1434.691,5.611
18-03-2012,1434.691,5.611
22-03-2012,1434.739,5.622
26-03-2012,1434.787,5.633
29-03-2012,1434.835,5.644
02-04-2012,1434.884,5.655
06-04-2012,1434.932,5.666
09-04-2012,1434.98,5.677
13-04-2012,1435.028,5.688
17-04-2012,1435.028,5.688
21-04-2012,1435.028,5.688
26-04-2012,1435.076,5.699
01-05-2012,1435.124,5.71
06-05-2012,1435.172,5.721
11-05-2012,1435.22,5.733
16-05-2012,1435.268,5.744
21-05-2012,1435.316,5.755
26-05-2012,1435.364,5.766
31-05-2012,1435.364,5.766
02-06-2012,1435.364,5.766
04-06-2012,1435.412,5.777
06-06-2012,1435.46,5.788
08-06-2012,1435.508,5.799
10-06-2012,1435.557,5.811
12-06-2012,1435.605,5.822
14-06-2012,1435.653,5.833
16-06-2012,1435.701,5.844
18-06-2012,1435.701,5.844
22-06-2012,1435.701,5.844
27-06-2012,1435.749,5.855
02-07-2012,1435.797,5.866
07-07-2012,1435.845,5.877
11-07-2012,1435.894,5.888
16-07-2012,1435.942,5.899
21-07-2012,1435.99,5.91
26-07-2012,1436.038,5.921
31-07-2012,1436.038,5.921
03-08-2012,1436.038,5.921
06-08-2012,1436.086,5.932
10-08-2012,1436.134,5.943
13-08-2012,1436.182,5.954
17-08-2012,1436.23,5.965
20-08-2012,1436.278,5.976
24-08-2012,1436.326,5.987
27-08-2012,1436.374,5.998
31-08-2012,1436.374,5.998
01-09-2012,1436.374,5.998
03-09-2012,1436.422,6.009
05-09-2012,1436.47,6.02
07-09-2012,1436.518,6.031
09-09-2012,1436.567,6.043
11-09-2012,1436.615,6.054
13-09-2012,1436.663,6.065
15-09-2012,1436.711,6.076
17-09-2012,1436.711,6.076
21-09-2012,1436.711,6.076
26-09-2012,1436.759,6.087
01-10-2012,1436.807,6.098
06-10-2012,1436.855,6.109
10-10-2012,1436.903,6.121
15-10-2012,1436.951,6.132
20-10-2012,1436.999,6.143
25-10-2012,1437.047,6.154
30-10-2012,1437.047,6.154
02-11-2012,1437.047,6.154
05-11-2012,1437.095,6.165
09-11-2012,1437.143,6.176
12-11-2012,1437.191,6.187
16-11-2012,1437.24,6.198
19-11-2012,1437.288,6.209
23-11-2012,1437.336,6.22
26-11-2012,1437.384,6.231
30-11-2012,1437.384,6.231
02-12-2012,1437.384,6.231
04-12-2012,1437.432,6.242
06-12-2012,1437.48,6.253
08-12-2012,1437.528,6.264
10-12-2012,1437.576,6.275
12-12-2012,1437.624,6.286
14-12-2012,1437.672,6.297
16-12-2012,1437.72,6.308
18-12-2012,1437.72,6.308
22-12-2012,1437.72,6.308
27-12-2012,1437.768,6.319
01-01-2013,1437.816,6.33
05-01-2013,1437.864,6.341
10-01-2013,1437.913,6.353
15-01-2013,1437.961,6.364
19-01-2013,1438.009,6.375
24-01-2013,1438.057,6.386
29-01-2013,1438.057,6.386
03-02-2013,1438.057,6.386
08-02-2013,1440.232,6.404
14-02-2013,1442.407,6.423
19-02-2013,1444.582,6.441
25-02-2013,1446.758,6.459
02-03-2013,1448.933,6.477
08-03-2013,1451.108,6.496
13-03-2013,1453.283,6.514
19-03-2013,1453.283,6.514
24-03-2013,1453.283,6.514
29-03-2013,1455.458,6.532
03-04-2013,1457.633,6.551
08-04-2013,1459.808,6.569
13-04-2013,1461.984,6.587
18-04-2013,1464.159,6.605
23-04-2013,1466.334,6.624
28-04-2013,1468.509,6.642
03-05-2013,1468.509,6.642
08-05-2013,1468.509,6.642
13-05-2013,1470.684,6.66
18-05-2013,1472.859,6.679
23-05-2013,1475.034,6.697
28-05-2013,1477.21,6.715
02-06-2013,1479.385,6.733
07-06-2013,1481.56,6.752
12-06-2013,1483.735,6.77
17-06-2013,1483.735,6.77
21-06-2013,1483.735,6.77
26-06-2013,1485.91,6.788
01-07-2013,1488.085,6.807
06-07-2013,1490.26,6.825
10-07-2013,1492.436,6.843
15-07-2013,1494.611,6.861
20-07-2013,1496.786,6.88
25-07-2013,1498.961,6.898
30-07-2013,1498.961,6.898
04-08-2013,1498.961,6.898
10-08-2013,1501.136,6.916
16-08-2013,1503.311,6.935
22-08-2013,1505.486,6.953
27-08-2013,1507.661,6.971
02-09-2013,1509.836,6.989
08-09-2013,1512.011,7.008
14-09-2013,1514.186,7.026
20-09-2013,1514.186,7.026
24-09-2013,1514.186,7.026
28-09-2013,1516.361,7.044
03-10-2013,1518.536,7.063
07-10-2013,1520.711,7.081
11-10-2013,1522.887,7.099
16-10-2013,1525.062,7.117
20-10-2013,1527.237,7.136
24-10-2013,1529.412,7.154
29-10-2013,1529.412,7.154
03-11-2013,1529.412,7.154
09-11-2013,1531.587,7.172
14-11-2013,1533.762,7.191
20-11-2013,1535.937,7.209
25-11-2013,1538.113,7.227
01-12-2013,1540.288,7.245
06-12-2013,1542.463,7.264
12-12-2013,1544.638,7.282
18-12-2013,1544.638,7.282
22-12-2013,1544.638,7.282
27-12-2013,1546.813,7.3
31-12-2013,1548.988,7.319
05-01-2014,1551.163,7.337
09-01-2014,1553.339,7.355
14-01-2014,1555.514,7.373
18-01-2014,1557.689,7.392
23-01-2014,1559.864,7.41
28-01-2014,1559.864,7.41
04-02-2014,1559.864,7.41
11-02-2014,1560.586,7.424
18-02-2014,1561.307,7.438
25-02-2014,1562.029,7.452
04-03-2014,1562.751,7.466
11-03-2014,1563.473,7.48
18-03-2014,1564.194,7.494
25-03-2014,1564.916,7.508
01-04-2014,1564.916,7.508
08-04-2014,1564.916,7.508
15-04-2014,1565.638,7.522
22-04-2014,1566.359,7.536
29-04-2014,1567.081,7.55
06-05-2014,1567.802,7.563
13-05-2014,1568.524,7.577
20-05-2014,1569.245,7.591
27-05-2014,1569.967,7.605
03-06-2014,1569.967,7.605
10-06-2014,1569.967,7.605
17-06-2014,1570.689,7.619
24-06-2014,1571.41,7.633
01-07-2014,1572.132,7.647
08-07-2014,1572.854,7.661
15-07-2014,1573.576,7.675
22-07-2014,1574.297,7.689
29-07-2014,1575.019,7.703
05-08-2014,1575.019,7.703
11-08-2014,1575.019,7.703
17-08-2014,1575.741,7.717
23-08-2014,1576.462,7.731
29-08-2014,1577.184,7.745
05-09-2014,1577.906,7.759
11-09-2014,1578.628,7.773
17-09-2014,1579.349,7.787
23-09-2014,1580.071,7.801
30-09-2014,1580.071,7.801
07-10-2014,1580.071,7.801
14-10-2014,1580.793,7.815
21-10-2014,1581.514,7.829
28-10-2014,1582.236,7.843
04-11-2014,1582.957,7.856
11-11-2014,1583.679,7.87
18-11-2014,1584.4,7.884
25-11-2014,1585.122,7.898
02-12-2014,1585.122,7.898
06-12-2014,1585.122,7.898
11-12-2014,1585.844,7.912
16-12-2014,1586.565,7.926
21-12-2014,1587.287,7.94
26-12-2014,1588.009,7.954
31-12-2014,1588.731,7.968
05-01-2015,1589.452,7.982
10-01-2015,1590.174,7.996
15-01-2015,1590.174,7.996
17-01-2015,1590.174,7.996
19-01-2015,1592.39,8.001
21-01-2015,1594.606,8.005
23-01-2015,1596.822,8.01
25-01-2015,1599.039,8.015
27-01-2015,1601.255,8.02
29-01-2015,1603.471,8.024
31-01-2015,1605.687,8.029
03-02-2015,1605.687,8.029
06-02-2015,1605.687,8.029
09-02-2015,1607.903,8.034
12-02-2015,1610.119,8.038
15-02-2015,1612.335,8.043
19-02-2015,1614.552,8.047
22-02-2015,1616.768,8.052
25-02-2015,1618.984,8.056
28-02-2015,1621.2,8.061
04-03-2015,1621.2,8.061
07-03-2015,1621.2,8.061
11-03-2015,1623.416,8.066
15-03-2015,1625.633,8.07
19-03-2015,1627.849,8.075
22-03-2015,1630.065,8.08
26-03-2015,1632.281,8.085
30-03-2015,1634.498,8.089
03-04-2015,1636.714,8.094
07-04-2015,1636.714,8.094
13-04-2015,1636.714,8.094
19-04-2015,1638.93,8.099
25-04-2015,1641.146,8.103
01-05-2015,1643.362,8.108
08-05-2015,1645.579,8.112
14-05-2015,1647.795,8.117
20-05-2015,1650.011,8.121
26-05-2015,1652.227,8.126
02-06-2015,1652.227,8.126
09-06-2015,1652.227,8.126
16-06-2015,1654.443,8.131
23-06-2015,1656.659,8.135
30-06-2015,1658.875,8.14
07-07-2015,1661.092,8.144
14-07-2015,1663.308,8.149
21-07-2015,1665.524,8.153
28-07-2015,1667.74,8.158
04-08-2015,1667.74,8.158
10-08-2015,1667.74,8.158
16-08-2015,1669.956,8.163
22-08-2015,1672.173,8.167
28-08-2015,1674.389,8.172
04-09-2015,1676.605,8.177
10-09-2015,1678.821,8.182
16-09-2015,1681.038,8.186
22-09-2015,1683.254,8.191
29-09-2015,1683.254,8.191
06-10-2015,1683.254,8.191
13-10-2015,1685.47,8.196
20-10-2015,1687.686,8.2
27-10-2015,1689.902,8.205
03-11-2015,1692.119,8.21
10-11-2015,1694.335,8.215
17-11-2015,1696.551,8.219
24-11-2015,1698.767,8.224
01-12-2015,1698.767,8.224
08-12-2015,1698.767,8.224
15-12-2015,1700.983,8.229
22-12-2015,1703.199,8.233
29-12-2015,1705.415,8.238
05-01-2016,1707.632,8.242
12-01-2016,1709.848,8.247
19-01-2016,1712.064,8.251
26-01-2016,1714.28,8.256
02-02-2016,1714.28,8.256
09-02-2016,1714.28,8.012
16-02-2016,1720.082,8.047
23-02-2016,1725.884,8.082
01-03-2016,1731.686,8.117
08-03-2016,1737.489,8.151
15-03-2016,1743.291,8.186
22-03-2016,1749.093,8.221
29-03-2016,1754.895,8.256
05-04-2016,1754.895,8.012
12-04-2016,1754.895,7.769
19-04-2016,1760.697,7.804
26-04-2016,1766.499,7.838
03-05-2016,1772.301,7.873
10-05-2016,1778.104,7.908
17-05-2016,1783.906,7.943
24-05-2016,1789.708,7.977
31-05-2016,1795.51,8.012
07-06-2016,1795.51,7.769
14-06-2016,1795.51,7.526
21-06-2016,1801.312,7.561
28-06-2016,1807.114,7.595
05-07-2016,1812.916,7.63
12-07-2016,1818.719,7.665
19-07-2016,1824.521,7.7
26-07-2016,1830.323,7.734
02-08-2016,1836.125,7.769
09-08-2016,1836.125,7.526
15-08-2016,1836.125,7.282
21-08-2016,1841.927,7.317
27-08-2016,1847.729,7.352
02-09-2016,1853.531,7.387
09-09-2016,1859.334,7.421
15-09-2016,1865.136,7.456
21-09-2016,1870.938,7.491
27-09-2016,1876.74,7.526
04-10-2016,1876.74,7.282
11-10-2016,1876.74,7.038
18-10-2016,1882.542,7.073
25-10-2016,1888.344,7.108
01-11-2016,1894.146,7.143
08-11-2016,1899.949,7.177
15-11-2016,1905.751,7.212
22-11-2016,1911.553,7.247
29-11-2016,1917.355,7.282
07-12-2016,1917.355,7.038
14-12-2016,1917.355,6.795
21-12-2016,1923.157,6.83
28-12-2016,1928.959,6.864
04-01-2017,1934.761,6.899
11-01-2017,1940.564,6.934
18-01-2017,1946.366,6.969
25-01-2017,1952.168,7.003
01-02-2017,1957.97,7.038
08-02-2017,1957.97,6.795
14-02-2017,1957.97,6.738
20-02-2017,1958.361,6.746
27-02-2017,1958.751,6.754
05-03-2017,1959.142,6.762
11-03-2017,1959.533,6.771
18-03-2017,1959.924,6.779
24-03-2017,1960.314,6.787
30-03-2017,1960.705,6.795
06-04-2017,1960.705,6.738
12-04-2017,1960.705,6.681
19-04-2017,1961.096,6.689
26-04-2017,1961.486,6.697
03-05-2017,1961.877,6.705
10-05-2017,1962.267,6.714
17-05-2017,1962.658,6.722
24-05-2017,1963.048,6.73
31-05-2017,1963.439,6.738
07-06-2017,1963.439,6.681
13-06-2017,1963.439,6.624
19-06-2017,1963.83,6.632
25-06-2017,1964.22,6.64
01-07-2017,1964.611,6.648
08-07-2017,1965.002,6.657
14-07-2017,1965.393,6.665
20-07-2017,1965.783,6.673
26-07-2017,1966.174,6.681
02-08-2017,1966.174,6.624
09-08-2017,1966.174,6.568
16-08-2017,1966.565,6.576
23-08-2017,1966.955,6.584
30-08-2017,1967.346,6.592
06-09-2017,1967.737,6.6
13-09-2017,1968.128,6.608
20-09-2017,1968.518,6.616
27-09-2017,1968.909,6.624
04-10-2017,1968.909,6.568
11-10-2017,1968.909,6.511
18-10-2017,1969.3,6.519
25-10-2017,1969.69,6.527
01-11-2017,1970.081,6.535
08-11-2017,1970.471,6.544
15-11-2017,1970.862,6.552
22-11-2017,1971.252,6.56
29-11-2017,1971.643,6.568
06-12-2017,1971.643,6.511
13-12-2017,1971.643,6.454
20-12-2017,1972.034,6.462
27-12-2017,1972.424,6.47
03-01-2018,1972.815,6.478
10-01-2018,1973.206,6.487
17-01-2018,1973.597,6.495
24-01-2018,1973.987,6.503
31-01-2018,1974.378,6.511
07-02-2018,1974.378,6.454
13-02-2018,1974.378,6.023
19-02-2018,1976.182,6.085
26-02-2018,1977.987,6.146
04-03-2018,1979.791,6.208
10-03-2018,1981.596,6.269
17-03-2018,1983.4,6.331
23-03-2018,1985.205,6.392
29-03-2018,1987.009,6.454
05-04-2018,1987.009,6.023
11-04-2018,1987.009,5.593
18-04-2018,1988.813,5.654
25-04-2018,1990.618,5.716
02-05-2018,1992.422,5.777
09-05-2018,1994.227,5.839
16-05-2018,1996.031,5.9
23-05-2018,1997.836,5.962
30-05-2018,1999.64,6.023
06-06-2018,1999.64,5.593
12-06-2018,1999.64,5.162
18-06-2018,2001.444,5.224
24-06-2018,2003.249,5.285
30-06-2018,2005.053,5.347
07-07-2018,2006.857,5.408
13-07-2018,2008.661,5.47
19-07-2018,2010.466,5.531
25-07-2018,2012.27,5.593
01-08-2018,2012.27,5.162
08-08-2018,2012.27,4.732
15-08-2018,2014.074,4.793
22-08-2018,2015.879,4.855
29-08-2018,2017.683,4.916
06-09-2018,2019.488,4.978
13-09-2018,2021.292,5.039
20-09-2018,2023.097,5.101
27-09-2018,2024.901,5.162
05-10-2018,2024.901,4.732
11-10-2018,2024.901,4.302
18-10-2018,2026.705,4.363
25-10-2018,2028.51,4.425
01-11-2018,2030.314,4.486
07-11-2018,2032.119,4.548
14-11-2018,2033.923,4.609
21-11-2018,2035.728,4.671
28-11-2018,2037.532,4.732
05-12-2018,2037.532,4.302
12-12-2018,2037.532,3.871
19-12-2018,2039.336,3.933
26-12-2018,2041.141,3.994
02-01-2019,2042.945,4.056
09-01-2019,2044.75,4.117
16-01-2019,2046.554,4.179
23-01-2019,2048.359,4.24
30-01-2019,2050.163,4.302
07-02-2019,2050.163,3.871
13-02-2019,2027.728,2.263
19-02-2019,2030.933,2.493
25-02-2019,2034.138,2.722
03-03-2019,2037.343,2.952
10-03-2019,2040.548,3.182
16-03-2019,2043.753,3.412
22-03-2019,2046.958,3.641
28-03-2019,2050.163,3.871
04-04-2019,2027.728,2.263
11-04-2019,2005.293,0.655
18-04-2019,2008.498,0.885
25-04-2019,2011.703,1.114
02-05-2019,2014.908,1.344
09-05-2019,2018.113,1.574
16-05-2019,2021.318,1.804
23-05-2019,2024.523,2.033
30-05-2019,2027.728,2.263
06-06-2019,2005.293,0.655
12-06-2019,1982.858,-0.953
19-06-2019,1986.063,-0.723
26-06-2019,1989.268,-0.494
03-07-2019,1992.473,-0.264
10-07-2019,1995.678,-0.034
17-07-2019,1998.883,0.196
24-07-2019,2002.088,0.425
31-07-2019,2005.293,0.655
07-08-2019,1982.858,-0.953
13-08-2019,1960.422,-2.562
19-08-2019,1963.627,-2.332
26-08-2019,1966.832,-2.102
01-09-2019,1970.037,-1.872
08-09-2019,1973.243,-1.643
14-09-2019,1976.448,-1.413
21-09-2019,1979.653,-1.183
27-09-2019,1982.858,-0.953
04-10-2019,1960.422,-2.562
10-10-2019,1937.987,-4.17
17-10-2019,1941.192,-3.94
24-10-2019,1944.397,-3.711
31-10-2019,1947.602,-3.481
07-11-2019,1950.807,-3.251
14-11-2019,1954.012,-3.021
21-11-2019,1957.217,-2.792
28-11-2019,1960.422,-2.562
05-12-2019,1937.987,-4.17
12-12-2019,1915.552,-5.778
19-12-2019,1918.757,-5.548
26-12-2019,1921.962,-5.319
02-01-2020,1925.167,-5.089
09-01-2020,1928.372,-4.859
16-01-2020,1931.577,-4.629
23-01-2020,1934.782,-4.4
30-01-2020,1937.987,-4.17
06-02-2020,1915.552,-5.778
11-02-2020,1915.552,-5.778
17-02-2020,1923.519,-5.41
22-02-2020,1931.487,-5.041
28-02-2020,1939.454,-4.673
04-03-2020,1947.421,-4.305
10-03-2020,1955.388,-3.937
15-03-2020,1963.356,-3.568
21-03-2020,1971.323,-3.2
27-03-2020,1971.323,-3.2
02-04-2020,1971.323,-3.2
08-04-2020,1979.29,-2.832
14-04-2020,1987.258,-2.463
20-04-2020,1995.225,-2.095
27-04-2020,2003.192,-1.727
03-05-2020,2011.159,-1.359
09-05-2020,2019.127,-0.99
15-05-2020,2027.094,-0.622
22-05-2020,2027.094,-0.622
30-05-2020,2027.094,-0.622
07-06-2020,2035.061,-0.254
16-06-2020,2043.029,0.115
24-06-2020,2050.996,0.483
03-07-2020,2058.964,0.851
11-07-2020,2066.931,1.219
20-07-2020,2074.899,1.588
28-07-2020,2082.866,1.956
06-08-2020,2082.866,1.956
13-08-2020,2082.866,1.956
20-08-2020,2090.833,2.324
27-08-2020,2098.801,2.693
03-09-2020,2106.768,3.061
10-09-2020,2114.735,3.429
17-09-2020,2122.702,3.797
24-09-2020,2130.67,4.166
01-10-2020,2138.637,4.534
09-10-2020,2138.637,4.534
15-10-2020,2138.637,4.534
21-10-2020,2146.604,4.902
27-10-2020,2154.572,5.271
02-11-2020,2162.539,5.639
09-11-2020,2170.506,6.007
15-11-2020,2178.473,6.375
21-11-2020,2186.441,6.744
27-11-2020,2194.408,7.112
04-12-2020,2194.408,7.112
11-12-2020,2194.408,7.112
18-12-2020,2202.375,7.48
25-12-2020,2210.343,7.849
01-01-2021,2218.31,8.217
08-01-2021,2226.277,8.585
15-01-2021,2234.244,8.953
22-01-2021,2242.212,9.322
29-01-2021,2250.179,9.69
05-02-2021,2250.179,9.69
11-02-2021,2250.179,9.24
18-02-2021,2252.944,9.304
25-02-2021,2255.709,9.369
04-03-2021,2258.474,9.433
10-03-2021,2261.239,9.497
17-03-2021,2264.004,9.561
24-03-2021,2266.769,9.626
31-03-2021,2269.534,9.69
07-04-2021,2269.534,9.24
13-04-2021,2269.534,8.789
19-04-2021,2272.299,8.853
26-04-2021,2275.064,8.918
02-05-2021,2277.829,8.982
09-05-2021,2280.594,9.047
15-05-2021,2283.359,9.111
22-05-2021,2286.124,9.176
28-05-2021,2288.889,9.24
04-06-2021,2288.889,8.789
11-06-2021,2288.889,8.338
18-06-2021,2291.654,8.402
25-06-2021,2294.419,8.467
02-07-2021,2297.184,8.531
09-07-2021,2299.949,8.596
16-07-2021,2302.714,8.66
23-07-2021,2305.479,8.725
30-07-2021,2308.244,8.789
06-08-2021,2308.244,8.338
13-08-2021,2308.244,7.888
20-08-2021,2311.009,7.952
27-08-2021,2313.774,8.017
03-09-2021,2316.539,8.081
10-09-2021,2319.305,8.145
17-09-2021,2322.07,8.209
24-09-2021,2324.835,8.274
01-10-2021,2327.6,8.338
08-10-2021,2327.6,7.888
14-10-2021,2327.6,7.438
21-10-2021,2330.365,7.502
28-10-2021,2333.13,7.567
04-11-2021,2335.895,7.631
10-11-2021,2338.66,7.695
17-11-2021,2341.425,7.759
24-11-2021,2344.19,7.824
01-12-2021,2346.955,7.888
08-12-2021,2346.955,7.438
15-12-2021,2346.955,6.987
22-12-2021,2349.72,7.051
29-12-2021,2352.485,7.116
05-01-2022,2355.25,7.18
12-01-2022,2358.015,7.245
19-01-2022,2360.78,7.309
26-01-2022,2363.545,7.374
02-02-2022,2366.31,7.438
10-02-2022,2366.31,6.987
16-02-2022,2366.31,6.987
22-02-2022,2368.981,7.011
01-03-2022,2371.652,7.035
07-03-2022,2374.323,7.059
13-03-2022,2376.994,7.082
20-03-2022,2379.665,7.106
26-03-2022,2382.336,7.13
01-04-2022,2385.007,7.154
08-04-2022,2385.007,7.154
10-04-2022,2385.007,7.154
13-04-2022,2387.678,7.178
16-04-2022,2390.349,7.201
19-04-2022,2393.02,7.225
22-04-2022,2395.691,7.249
25-04-2022,2398.362,7.273
28-04-2022,2401.033,7.296
01-05-2022,2403.704,7.32
04-05-2022,2403.704,7.32
07-05-2022,2403.704,7.32
11-05-2022,2406.375,7.344
15-05-2022,2409.046,7.368
19-05-2022,2411.717,7.392
23-05-2022,2414.388,7.415
27-05-2022,2417.059,7.439
31-05-2022,2419.73,7.463
04-06-2022,2422.401,7.487
08-06-2022,2422.401,7.487
14-06-2022,2422.401,7.487
20-06-2022,2425.072,7.511
27-06-2022,2427.743,7.534
03-07-2022,2430.414,7.558
10-07-2022,2433.084,7.582
16-07-2022,2435.755,7.606
23-07-2022,2438.426,7.629
29-07-2022,2441.097,7.653
05-08-2022,2441.097,7.653
11-08-2022,2441.097,7.653
17-08-2022,2443.768,7.677
23-08-2022,2446.439,7.701
29-08-2022,2449.11,7.725
05-09-2022,2451.781,7.748
11-09-2022,2454.452,7.772
17-09-2022,2457.123,7.796
23-09-2022,2459.794,7.82
30-09-2022,2459.794,7.82
07-10-2022,2459.794,7.82
15-10-2022,2462.465,7.844
22-10-2022,2465.136,7.867
30-10-2022,2467.807,7.891
06-11-2022,2470.478,7.915
14-11-2022,2473.149,7.939
21-11-2022,2475.82,7.962
29-11-2022,2478.491,7.986
07-12-2022,2478.491,7.986
14-12-2022,2478.491,7.986
21-12-2022,2481.162,8.01
28-12-2022,2483.833,8.034
04-01-2023,2486.504,8.058
11-01-2023,2489.175,8.081
18-01-2023,2491.846,8.105
25-01-2023,2494.517,8.129
01-02-2023,2497.188,8.153
08-02-2023,2497.188,8.153
14-02-2023,2497.188,7.794
20-02-2023,2501.959,7.845
27-02-2023,2506.73,7.897
05-03-2023,2511.501,7.948
11-03-2023,2516.271,7.999
18-03-2023,2521.042,8.05
24-03-2023,2525.813,8.102
30-03-2023,2530.584,8.153
06-04-2023,2530.584,7.794
13-04-2023,2530.584,7.435
20-04-2023,2535.355,7.486
27-04-2023,2540.126,7.538
04-05-2023,2544.897,7.589
11-05-2023,2549.667,7.64
18-05-2023,2554.438,7.691
25-05-2023,2559.209,7.743
01-06-2023,2563.98,7.794
08-06-2023,2563.98,7.435
15-06-2023,2563.98,7.076
22-06-2023,2568.751,7.127
29-06-2023,2573.522,7.179
06-07-2023,2578.293,7.23
13-07-2023,2583.063,7.281
20-07-2023,2587.834,7.332
27-07-2023,2592.605,7.384
03-08-2023,2597.376,7.435
10-08-2023,2597.376,7.076
16-08-2023,2597.376,6.718
22-08-2023,2602.147,6.769
29-08-2023,2606.917,6.82
04-09-2023,2611.688,6.871
10-09-2023,2616.459,6.923
17-09-2023,2621.23,6.974
23-09-2023,2626,7.025
29-09-2023,2630.771,7.076
06-10-2023,2630.771,6.718
13-10-2023,2630.771,6.359
20-10-2023,2635.542,6.41
27-10-2023,2640.313,6.462
03-11-2023,2645.084,6.513
10-11-2023,2649.854,6.564
17-11-2023,2654.625,6.615
24-11-2023,2659.396,6.667
01-12-2023,2664.167,6.718
08-12-2023,2664.167,6.359
14-12-2023,2664.167,6
21-12-2023,2668.938,6.051
28-12-2023,2673.709,6.103
04-01-2024,2678.48,6.154
11-01-2024,2683.25,6.205
18-01-2024,2688.021,6.256
25-01-2024,2692.792,6.308
01-02-2024,2697.563,6.359
08-02-2024,2697.563,6
14-02-2024,2697.563,6
20-02-2024,2703.26,6
27-02-2024,2708.956,6
04-03-2024,2714.653,6
10-03-2024,2720.35,6
17-03-2024,2726.047,6
23-03-2024,2731.743,6
29-03-2024,2737.44,6
05-04-2024,2737.44,6
12-04-2024,2737.44,6
19-04-2024,2743.137,6
26-04-2024,2748.833,6
03-05-2024,2754.53,6
10-05-2024,2760.226,6
17-05-2024,2765.923,6
24-05-2024,2771.619,6
31-05-2024,2777.316,6
07-06-2024,2777.316,6
13-06-2024,2777.316,6
20-06-2024,2783.013,6
27-06-2024,2788.709,6
04-07-2024,2794.406,6
11-07-2024,2800.103,6
18-07-2024,2805.8,6
25-07-2024,2811.496,6
01-08-2024,2817.193,6
08-08-2024,2817.193,6
14-08-2024,2817.193,6
21-08-2024,2822.89,6
28-08-2024,2828.586,6
04-09-2024,2834.283,6
11-09-2024,2839.98,6
18-09-2024,2845.677,6
25-09-2024,2851.373,6
02-10-2024,2857.07,6
09-10-2024,2857.07,6
15-10-2024,2857.07,6
21-10-2024,2862.767,6
28-10-2024,2868.463,6
03-11-2024,2874.16,6
10-11-2024,2879.856,6
16-11-2024,2885.553,6
23-11-2024,2891.249,6
29-11-2024,2896.946,6
06-12-2024,2896.946,6
13-12-2024,2896.946,6
20-12-2024,2902.643,6
27-12-2024,2908.339,6
03-01-2025,2914.036,6
10-01-2025,2919.733,6
17-01-2025,2925.43,6
24-01-2025,2931.126,6
31-01-2025,2936.823,6
07-02-2025,2936.823,6
