Date,Gdp Per Capita
2000-01-30,442.036
2000-02-01,442.036
2000-02-03,442.13
2000-02-05,442.223
2000-02-07,442.317
2000-02-10,442.411
2000-02-12,442.505
2000-02-14,442.598
2000-02-16,442.692
2000-02-19,442.692
2000-02-21,442.692
2000-02-23,442.786
2000-02-25,442.879
2000-02-27,442.973
2000-02-29,443.067
2000-03-02,443.161
2000-03-04,443.254
2000-03-06,443.348
2000-03-09,443.348
2000-03-14,443.348
2000-03-19,443.442
2000-03-24,443.535
2000-03-29,443.629
2000-04-03,443.723
2000-04-08,443.817
2000-04-13,443.91
2000-04-18,444.004
2000-04-23,444.004
2000-04-25,444.004
2000-04-27,444.098
2000-04-29,444.192
2000-05-01,444.286
2000-05-03,444.379
2000-05-05,444.473
2000-05-07,444.567
2000-05-09,444.661
2000-05-12,444.661
2000-05-14,444.661
2000-05-16,444.755
2000-05-19,444.848
2000-05-21,444.942
2000-05-23,445.036
2000-05-26,445.13
2000-05-28,445.223
2000-05-30,445.317
2000-06-02,445.317
2000-06-07,445.317
2000-06-13,445.411
2000-06-19,445.504
2000-06-24,445.598
2000-06-30,445.692
2000-07-06,445.786
2000-07-11,445.879
2000-07-17,445.973
2000-07-23,445.973
2000-07-25,445.973
2000-07-27,446.067
2000-07-29,446.16
2000-07-31,446.254
2000-08-03,446.348
2000-08-05,446.442
2000-08-07,446.535
2000-08-09,446.629
2000-08-12,446.629
2000-08-15,446.629
2000-08-18,446.723
2000-08-22,446.816
2000-08-25,446.91
2000-08-29,447.004
2000-09-01,447.098
2000-09-05,447.191
2000-09-08,447.285
2000-09-12,447.285
2000-09-17,447.285
2000-09-22,447.379
2000-09-28,447.473
2000-10-03,447.567
2000-10-09,447.66
2000-10-14,447.754
2000-10-20,447.848
2000-10-25,447.942
2000-10-31,447.942
2000-11-03,447.942
2000-11-06,448.036
2000-11-10,448.129
2000-11-13,448.223
2000-11-16,448.317
2000-11-20,448.411
2000-11-23,448.504
2000-11-26,448.598
2000-11-30,448.598
2000-12-02,448.598
2000-12-04,448.692
2000-12-06,448.785
2000-12-08,448.879
2000-12-11,448.973
2000-12-13,449.067
2000-12-15,449.16
2000-12-17,449.254
2000-12-20,449.254
2000-12-24,449.254
2000-12-29,449.348
2001-01-02,449.441
2001-01-07,449.535
2001-01-11,449.629
2001-01-16,449.723
2001-01-20,449.816
2001-01-25,449.91
2001-01-30,449.91
2001-02-01,449.91
2001-02-03,450.135
2001-02-05,450.361
2001-02-07,450.586
2001-02-10,450.812
2001-02-12,451.037
2001-02-14,451.263
2001-02-16,451.488
2001-02-19,451.488
2001-02-21,451.488
2001-02-23,451.713
2001-02-25,451.939
2001-02-27,452.164
2001-03-01,452.39
2001-03-03,452.615
2001-03-05,452.841
2001-03-07,453.066
2001-03-09,453.066
2001-03-14,453.066
2001-03-19,453.291
2001-03-24,453.517
2001-03-29,453.742
2001-04-03,453.968
2001-04-08,454.193
2001-04-13,454.419
2001-04-18,454.644
2001-04-23,454.644
2001-04-25,454.644
2001-04-27,454.869
2001-04-29,455.095
2001-05-01,455.32
2001-05-03,455.546
2001-05-05,455.771
2001-05-07,455.997
2001-05-09,456.222
2001-05-12,456.222
2001-05-14,456.222
2001-05-16,456.447
2001-05-19,456.673
2001-05-21,456.898
2001-05-23,457.124
2001-05-26,457.349
2001-05-28,457.575
2001-05-30,457.8
2001-06-02,457.8
2001-06-07,457.8
2001-06-13,458.025
2001-06-19,458.251
2001-06-24,458.476
2001-06-30,458.702
2001-07-06,458.927
2001-07-11,459.153
2001-07-17,459.378
2001-07-23,459.378
2001-07-25,459.378
2001-07-27,459.603
2001-07-29,459.829
2001-07-31,460.054
2001-08-03,460.279
2001-08-05,460.504
2001-08-07,460.73
2001-08-09,460.955
2001-08-12,460.955
2001-08-15,460.955
2001-08-18,461.18
2001-08-22,461.406
2001-08-25,461.631
2001-08-29,461.857
2001-09-01,462.082
2001-09-05,462.308
2001-09-08,462.533
2001-09-12,462.533
2001-09-17,462.533
2001-09-22,462.758
2001-09-28,462.984
2001-10-03,463.209
2001-10-09,463.435
2001-10-14,463.66
2001-10-20,463.886
2001-10-25,464.111
2001-10-31,464.111
2001-11-03,464.111
2001-11-06,464.336
2001-11-10,464.562
2001-11-13,464.787
2001-11-16,465.013
2001-11-20,465.238
2001-11-23,465.464
2001-11-26,465.689
2001-11-30,465.689
2001-12-02,465.689
2001-12-04,465.914
2001-12-06,466.14
2001-12-08,466.365
2001-12-11,466.591
2001-12-13,466.816
2001-12-15,467.042
2001-12-17,467.267
2001-12-20,467.267
2001-12-24,467.267
2001-12-29,467.492
2002-01-02,467.718
2002-01-07,467.943
2002-01-11,468.169
2002-01-16,468.394
2002-01-20,468.62
2002-01-25,468.845
2002-01-30,468.845
2002-02-01,468.845
2002-02-03,469.738
2002-02-05,470.631
2002-02-07,471.524
2002-02-10,472.416
2002-02-12,473.309
2002-02-14,474.202
2002-02-16,475.095
2002-02-19,475.095
2002-02-21,475.095
2002-02-23,475.988
2002-02-25,476.881
2002-02-27,477.774
2002-03-01,478.666
2002-03-03,479.559
2002-03-05,480.452
2002-03-07,481.345
2002-03-09,481.345
2002-03-14,481.345
2002-03-19,482.238
2002-03-24,483.131
2002-03-29,484.024
2002-04-03,484.916
2002-04-08,485.809
2002-04-13,486.702
2002-04-18,487.595
2002-04-23,487.595
2002-04-25,487.595
2002-04-27,488.488
2002-04-29,489.381
2002-05-01,490.274
2002-05-03,491.166
2002-05-05,492.059
2002-05-07,492.952
2002-05-09,493.845
2002-05-12,493.845
2002-05-14,493.845
2002-05-16,494.738
2002-05-19,495.631
2002-05-21,496.524
2002-05-23,497.416
2002-05-26,498.309
2002-05-28,499.202
2002-05-30,500.095
2002-06-02,500.095
2002-06-07,500.095
2002-06-13,500.988
2002-06-19,501.881
2002-06-24,502.774
2002-06-30,503.666
2002-07-06,504.559
2002-07-11,505.452
2002-07-17,506.345
2002-07-23,506.345
2002-07-25,506.345
2002-07-27,507.238
2002-07-29,508.131
2002-07-31,509.024
2002-08-03,509.916
2002-08-05,510.809
2002-08-07,511.702
2002-08-09,512.595
2002-08-12,512.595
2002-08-15,512.595
2002-08-18,513.488
2002-08-22,514.381
2002-08-25,515.274
2002-08-29,516.166
2002-09-01,517.059
2002-09-05,517.952
2002-09-08,518.845
2002-09-12,518.845
2002-09-17,518.845
2002-09-22,519.738
2002-09-28,520.631
2002-10-03,521.524
2002-10-09,522.416
2002-10-14,523.309
2002-10-20,524.202
2002-10-25,525.095
2002-10-31,525.095
2002-11-03,525.095
2002-11-06,525.988
2002-11-10,526.881
2002-11-13,527.774
2002-11-16,528.666
2002-11-20,529.559
2002-11-23,530.452
2002-11-26,531.345
2002-11-30,531.345
2002-12-02,531.345
2002-12-04,532.238
2002-12-06,533.131
2002-12-08,534.024
2002-12-11,534.916
2002-12-13,535.809
2002-12-15,536.702
2002-12-17,537.595
2002-12-20,537.595
2002-12-24,537.595
2002-12-29,538.488
2003-01-02,539.381
2003-01-07,540.274
2003-01-11,541.166
2003-01-16,542.059
2003-01-20,542.952
2003-01-25,543.845
2003-01-30,543.845
2003-02-01,543.845
2003-02-03,544.801
2003-02-05,545.756
2003-02-07,546.712
2003-02-10,547.667
2003-02-12,548.623
2003-02-14,549.578
2003-02-16,550.534
2003-02-19,550.534
2003-02-21,550.534
2003-02-23,551.489
2003-02-25,552.445
2003-02-27,553.4
2003-03-01,554.356
2003-03-03,555.311
2003-03-05,556.267
2003-03-07,557.222
2003-03-09,557.222
2003-03-14,557.222
2003-03-19,558.178
2003-03-24,559.133
2003-03-29,560.089
2003-04-03,561.044
2003-04-08,562.0
2003-04-13,562.955
2003-04-18,563.911
2003-04-23,563.911
2003-04-25,563.911
2003-04-27,564.866
2003-04-29,565.822
2003-05-01,566.777
2003-05-03,567.733
2003-05-05,568.688
2003-05-07,569.644
2003-05-09,570.599
2003-05-12,570.599
2003-05-14,570.599
2003-05-16,571.555
2003-05-19,572.51
2003-05-21,573.466
2003-05-23,574.421
2003-05-26,575.377
2003-05-28,576.332
2003-05-30,577.288
2003-06-02,577.288
2003-06-07,577.288
2003-06-13,578.243
2003-06-19,579.199
2003-06-24,580.154
2003-06-30,581.11
2003-07-06,582.065
2003-07-11,583.021
2003-07-17,583.976
2003-07-23,583.976
2003-07-25,583.976
2003-07-27,584.932
2003-07-29,585.887
2003-07-31,586.843
2003-08-03,587.798
2003-08-05,588.754
2003-08-07,589.709
2003-08-09,590.665
2003-08-12,590.665
2003-08-15,590.665
2003-08-18,591.621
2003-08-22,592.576
2003-08-25,593.532
2003-08-29,594.487
2003-09-01,595.443
2003-09-05,596.398
2003-09-08,597.354
2003-09-12,597.354
2003-09-17,597.354
2003-09-22,598.309
2003-09-28,599.265
2003-10-03,600.22
2003-10-09,601.176
2003-10-14,602.131
2003-10-20,603.087
2003-10-25,604.042
2003-10-31,604.042
2003-11-03,604.042
2003-11-06,604.998
2003-11-10,605.953
2003-11-13,606.909
2003-11-16,607.864
2003-11-20,608.82
2003-11-23,609.775
2003-11-26,610.731
2003-11-30,610.731
2003-12-02,610.731
2003-12-04,611.686
2003-12-06,612.642
2003-12-08,613.597
2003-12-11,614.553
2003-12-13,615.508
2003-12-15,616.464
2003-12-17,617.419
2003-12-20,617.419
2003-12-24,617.419
2003-12-29,618.375
2004-01-02,619.33
2004-01-07,620.286
2004-01-11,621.241
2004-01-16,622.197
2004-01-20,623.152
2004-01-25,624.108
2004-01-30,624.108
2004-02-01,624.108
2004-02-03,625.137
2004-02-05,626.165
2004-02-07,627.194
2004-02-10,628.222
2004-02-12,629.251
2004-02-14,630.279
2004-02-16,631.308
2004-02-19,631.308
2004-02-21,631.308
2004-02-23,632.337
2004-02-25,633.365
2004-02-27,634.394
2004-02-29,635.423
2004-03-02,636.452
2004-03-04,637.48
2004-03-06,638.509
2004-03-09,638.509
2004-03-14,638.509
2004-03-19,639.538
2004-03-24,640.566
2004-03-29,641.595
2004-04-03,642.623
2004-04-08,643.652
2004-04-13,644.68
2004-04-18,645.709
2004-04-23,645.709
2004-04-25,645.709
2004-04-27,646.738
2004-04-29,647.766
2004-05-01,648.795
2004-05-03,649.823
2004-05-05,650.852
2004-05-07,651.88
2004-05-09,652.909
2004-05-12,652.909
2004-05-14,652.909
2004-05-16,653.938
2004-05-19,654.966
2004-05-21,655.995
2004-05-23,657.024
2004-05-26,658.053
2004-05-28,659.081
2004-05-30,660.11
2004-06-02,660.11
2004-06-07,660.11
2004-06-13,661.139
2004-06-19,662.167
2004-06-24,663.196
2004-06-30,664.224
2004-07-06,665.253
2004-07-11,666.281
2004-07-17,667.31
2004-07-23,667.31
2004-07-25,667.31
2004-07-27,668.339
2004-07-29,669.367
2004-07-31,670.396
2004-08-03,671.424
2004-08-05,672.453
2004-08-07,673.481
2004-08-09,674.51
2004-08-12,674.51
2004-08-15,674.51
2004-08-18,675.539
2004-08-22,676.567
2004-08-25,677.596
2004-08-29,678.625
2004-09-01,679.654
2004-09-05,680.682
2004-09-08,681.711
2004-09-12,681.711
2004-09-17,681.711
2004-09-22,682.74
2004-09-28,683.768
2004-10-03,684.797
2004-10-09,685.825
2004-10-14,686.854
2004-10-20,687.882
2004-10-25,688.911
2004-10-31,688.911
2004-11-03,688.911
2004-11-06,689.94
2004-11-10,690.968
2004-11-13,691.997
2004-11-16,693.025
2004-11-20,694.054
2004-11-23,695.082
2004-11-26,696.111
2004-11-30,696.111
2004-12-02,696.111
2004-12-04,697.14
2004-12-06,698.168
2004-12-08,699.197
2004-12-11,700.226
2004-12-13,701.255
2004-12-15,702.283
2004-12-17,703.312
2004-12-20,703.312
2004-12-24,703.312
2004-12-29,704.341
2005-01-02,705.369
2005-01-07,706.398
2005-01-11,707.426
2005-01-16,708.455
2005-01-20,709.483
2005-01-25,710.512
2005-01-30,710.512
2005-02-01,710.512
2005-02-03,711.601
2005-02-05,712.691
2005-02-07,713.78
2005-02-10,714.869
2005-02-12,715.958
2005-02-14,717.048
2005-02-16,718.137
2005-02-19,718.137
2005-02-21,718.137
2005-02-23,719.226
2005-02-25,720.316
2005-02-27,721.405
2005-03-01,722.494
2005-03-03,723.583
2005-03-05,724.673
2005-03-07,725.762
2005-03-09,725.762
2005-03-14,725.762
2005-03-19,726.851
2005-03-24,727.941
2005-03-29,729.03
2005-04-03,730.119
2005-04-08,731.208
2005-04-13,732.298
2005-04-18,733.387
2005-04-23,733.387
2005-04-25,733.387
2005-04-27,734.476
2005-04-29,735.566
2005-05-01,736.655
2005-05-03,737.745
2005-05-05,738.834
2005-05-07,739.924
2005-05-09,741.013
2005-05-12,741.013
2005-05-14,741.013
2005-05-16,742.102
2005-05-19,743.192
2005-05-21,744.281
2005-05-23,745.37
2005-05-26,746.459
2005-05-28,747.549
2005-05-30,748.638
2005-06-02,748.638
2005-06-07,748.638
2005-06-13,749.727
2005-06-19,750.817
2005-06-24,751.906
2005-06-30,752.995
2005-07-06,754.084
2005-07-11,755.174
2005-07-17,756.263
2005-07-23,756.263
2005-07-25,756.263
2005-07-27,757.352
2005-07-29,758.442
2005-07-31,759.531
2005-08-03,760.62
2005-08-05,761.709
2005-08-07,762.799
2005-08-09,763.888
2005-08-12,763.888
2005-08-15,763.888
2005-08-18,764.977
2005-08-22,766.067
2005-08-25,767.156
2005-08-29,768.245
2005-09-01,769.334
2005-09-05,770.424
2005-09-08,771.513
2005-09-12,771.513
2005-09-17,771.513
2005-09-22,772.602
2005-09-28,773.692
2005-10-03,774.781
2005-10-09,775.87
2005-10-14,776.959
2005-10-20,778.049
2005-10-25,779.138
2005-10-31,779.138
2005-11-03,779.138
2005-11-06,780.227
2005-11-10,781.317
2005-11-13,782.406
2005-11-16,783.496
2005-11-20,784.585
2005-11-23,785.675
2005-11-26,786.764
2005-11-30,786.764
2005-12-02,786.764
2005-12-04,787.853
2005-12-06,788.943
2005-12-08,790.032
2005-12-11,791.121
2005-12-13,792.21
2005-12-15,793.3
2005-12-17,794.389
2005-12-20,794.389
2005-12-24,794.389
2005-12-29,795.478
2006-01-02,796.568
2006-01-07,797.657
2006-01-11,798.746
2006-01-16,799.835
2006-01-20,800.925
2006-01-25,802.014
2006-01-30,802.014
2006-02-01,802.014
2006-02-03,804.642
2006-02-05,807.269
2006-02-07,809.897
2006-02-10,812.524
2006-02-12,815.152
2006-02-14,817.779
2006-02-16,820.407
2006-02-19,820.407
2006-02-21,820.407
2006-02-23,823.035
2006-02-25,825.662
2006-02-27,828.29
2006-03-01,830.917
2006-03-03,833.545
2006-03-05,836.172
2006-03-07,838.8
2006-03-09,838.8
2006-03-14,838.8
2006-03-19,841.428
2006-03-24,844.055
2006-03-29,846.683
2006-04-03,849.311
2006-04-08,851.939
2006-04-13,854.566
2006-04-18,857.194
2006-04-23,857.194
2006-04-25,857.194
2006-04-27,859.822
2006-04-29,862.449
2006-05-01,865.077
2006-05-03,867.704
2006-05-05,870.332
2006-05-07,872.959
2006-05-09,875.587
2006-05-12,875.587
2006-05-14,875.587
2006-05-16,878.215
2006-05-19,880.842
2006-05-21,883.47
2006-05-23,886.097
2006-05-26,888.725
2006-05-28,891.352
2006-05-30,893.98
2006-06-02,893.98
2006-06-07,893.98
2006-06-13,896.608
2006-06-19,899.235
2006-06-24,901.863
2006-06-30,904.49
2006-07-06,907.118
2006-07-11,909.745
2006-07-17,912.373
2006-07-23,912.373
2006-07-25,912.373
2006-07-27,915.001
2006-07-29,917.628
2006-07-31,920.256
2006-08-03,922.883
2006-08-05,925.511
2006-08-07,928.138
2006-08-09,930.766
2006-08-12,930.766
2006-08-15,930.766
2006-08-18,933.394
2006-08-22,936.021
2006-08-25,938.649
2006-08-29,941.276
2006-09-01,943.904
2006-09-05,946.531
2006-09-08,949.159
2006-09-12,949.159
2006-09-17,949.159
2006-09-22,951.787
2006-09-28,954.414
2006-10-03,957.042
2006-10-09,959.669
2006-10-14,962.297
2006-10-20,964.924
2006-10-25,967.552
2006-10-31,967.552
2006-11-03,967.552
2006-11-06,970.18
2006-11-10,972.807
2006-11-13,975.435
2006-11-16,978.063
2006-11-20,980.691
2006-11-23,983.318
2006-11-26,985.946
2006-11-30,985.946
2006-12-02,985.946
2006-12-04,988.574
2006-12-06,991.201
2006-12-08,993.829
2006-12-11,996.456
2006-12-13,999.084
2006-12-15,1001.711
2006-12-17,1004.339
2006-12-20,1004.339
2006-12-24,1004.339
2006-12-29,1006.967
2007-01-02,1009.594
2007-01-07,1012.222
2007-01-11,1014.849
2007-01-16,1017.477
2007-01-20,1020.104
2007-01-25,1022.732
2007-01-30,1022.732
2007-02-01,1020.296
2007-02-03,1020.644
2007-02-05,1020.992
2007-02-07,1021.34
2007-02-10,1021.688
2007-02-12,1022.036
2007-02-14,1022.384
2007-02-16,1022.732
2007-02-19,1020.296
2007-02-21,1017.86
2007-02-23,1018.208
2007-02-25,1018.556
2007-02-27,1018.904
2007-03-01,1019.252
2007-03-03,1019.6
2007-03-05,1019.948
2007-03-07,1020.296
2007-03-09,1017.86
2007-03-14,1015.425
2007-03-19,1015.773
2007-03-24,1016.121
2007-03-29,1016.469
2007-04-03,1016.816
2007-04-08,1017.164
2007-04-13,1017.512
2007-04-18,1017.86
2007-04-23,1015.425
2007-04-25,1012.989
2007-04-27,1013.337
2007-04-29,1013.685
2007-05-01,1014.033
2007-05-03,1014.381
2007-05-05,1014.729
2007-05-07,1015.077
2007-05-09,1015.425
2007-05-12,1012.989
2007-05-14,1010.553
2007-05-16,1010.901
2007-05-19,1011.249
2007-05-21,1011.597
2007-05-23,1011.945
2007-05-26,1012.293
2007-05-28,1012.641
2007-05-30,1012.989
2007-06-02,1010.553
2007-06-07,1008.118
2007-06-13,1008.466
2007-06-19,1008.814
2007-06-24,1009.162
2007-06-30,1009.509
2007-07-06,1009.857
2007-07-11,1010.205
2007-07-17,1010.553
2007-07-23,1008.118
2007-07-25,1005.682
2007-07-27,1006.03
2007-07-29,1006.378
2007-07-31,1006.726
2007-08-03,1007.074
2007-08-05,1007.422
2007-08-07,1007.77
2007-08-09,1008.118
2007-08-12,1005.682
2007-08-15,1003.246
2007-08-18,1003.594
2007-08-22,1003.942
2007-08-25,1004.29
2007-08-29,1004.638
2007-09-01,1004.986
2007-09-05,1005.334
2007-09-08,1005.682
2007-09-12,1003.246
2007-09-17,1000.81
2007-09-22,1001.158
2007-09-28,1001.506
2007-10-03,1001.854
2007-10-09,1002.202
2007-10-14,1002.55
2007-10-20,1002.898
2007-10-25,1003.246
2007-10-31,1000.81
2007-11-03,998.374
2007-11-06,998.722
2007-11-10,999.07
2007-11-13,999.418
2007-11-16,999.766
2007-11-20,1000.114
2007-11-23,1000.462
2007-11-26,1000.81
2007-11-30,998.374
2007-12-02,995.939
2007-12-04,996.287
2007-12-06,996.635
2007-12-08,996.983
2007-12-11,997.33
2007-12-13,997.678
2007-12-15,998.026
2007-12-17,998.374
2007-12-20,995.939
2007-12-24,993.503
2007-12-29,993.851
2008-01-02,994.199
2008-01-07,994.547
2008-01-11,994.895
2008-01-16,995.243
2008-01-20,995.591
2008-01-25,995.939
2008-01-30,993.503
2008-02-01,993.503
2008-02-03,994.731
2008-02-05,995.959
2008-02-07,997.187
2008-02-10,998.414
2008-02-12,999.642
2008-02-14,1000.87
2008-02-16,1002.098
2008-02-19,1002.098
2008-02-21,1002.098
2008-02-23,1003.326
2008-02-25,1004.553
2008-02-27,1005.781
2008-02-29,1007.009
2008-03-02,1008.237
2008-03-04,1009.464
2008-03-06,1010.692
2008-03-09,1010.692
2008-03-14,1010.692
2008-03-19,1011.92
2008-03-24,1013.147
2008-03-29,1014.375
2008-04-03,1015.603
2008-04-08,1016.831
2008-04-13,1018.058
2008-04-18,1019.286
2008-04-23,1019.286
2008-04-25,1019.286
2008-04-27,1020.514
2008-04-29,1021.742
2008-05-01,1022.97
2008-05-03,1024.197
2008-05-05,1025.425
2008-05-07,1026.653
2008-05-09,1027.881
2008-05-12,1027.881
2008-05-14,1027.881
2008-05-16,1029.109
2008-05-19,1030.337
2008-05-21,1031.565
2008-05-23,1032.792
2008-05-26,1034.02
2008-05-28,1035.248
2008-05-30,1036.476
2008-06-02,1036.476
2008-06-07,1036.476
2008-06-13,1037.704
2008-06-19,1038.931
2008-06-24,1040.159
2008-06-30,1041.387
2008-07-06,1042.615
2008-07-11,1043.842
2008-07-17,1045.07
2008-07-23,1045.07
2008-07-25,1045.07
2008-07-27,1046.298
2008-07-29,1047.525
2008-07-31,1048.753
2008-08-03,1049.981
2008-08-05,1051.209
2008-08-07,1052.436
2008-08-09,1053.664
2008-08-12,1053.664
2008-08-15,1053.664
2008-08-18,1054.892
2008-08-22,1056.12
2008-08-25,1057.348
2008-08-29,1058.575
2008-09-01,1059.803
2008-09-05,1061.031
2008-09-08,1062.259
2008-09-12,1062.259
2008-09-17,1062.259
2008-09-22,1063.487
2008-09-28,1064.715
2008-10-03,1065.943
2008-10-09,1067.17
2008-10-14,1068.398
2008-10-20,1069.626
2008-10-25,1070.854
2008-10-31,1070.854
2008-11-03,1070.854
2008-11-06,1072.082
2008-11-10,1073.309
2008-11-13,1074.537
2008-11-16,1075.765
2008-11-20,1076.993
2008-11-23,1078.22
2008-11-26,1079.448
2008-11-30,1079.448
2008-12-02,1079.448
2008-12-04,1080.676
2008-12-06,1081.903
2008-12-08,1083.131
2008-12-11,1084.359
2008-12-13,1085.587
2008-12-15,1086.814
2008-12-17,1088.042
2008-12-20,1088.042
2008-12-24,1088.042
2008-12-29,1089.27
2009-01-02,1090.498
2009-01-07,1091.726
2009-01-11,1092.953
2009-01-16,1094.181
2009-01-20,1095.409
2009-01-25,1096.637
2009-01-30,1096.637
2009-02-01,1096.637
2009-02-03,1099.661
2009-02-05,1102.684
2009-02-07,1105.708
2009-02-10,1108.732
2009-02-12,1111.756
2009-02-14,1114.779
2009-02-16,1117.803
2009-02-19,1117.803
2009-02-21,1117.803
2009-02-23,1120.827
2009-02-25,1123.851
2009-02-27,1126.875
2009-03-01,1129.898
2009-03-03,1132.922
2009-03-05,1135.946
2009-03-07,1138.97
2009-03-09,1138.97
2009-03-14,1138.97
2009-03-19,1141.994
2009-03-24,1145.017
2009-03-29,1148.041
2009-04-03,1151.065
2009-04-08,1154.089
2009-04-13,1157.112
2009-04-18,1160.136
2009-04-23,1160.136
2009-04-25,1160.136
2009-04-27,1163.16
2009-04-29,1166.184
2009-05-01,1169.208
2009-05-03,1172.231
2009-05-05,1175.255
2009-05-07,1178.279
2009-05-09,1181.303
2009-05-12,1181.303
2009-05-14,1181.303
2009-05-16,1184.327
2009-05-19,1187.35
2009-05-21,1190.374
2009-05-23,1193.398
2009-05-26,1196.422
2009-05-28,1199.445
2009-05-30,1202.469
2009-06-02,1202.469
2009-06-07,1202.469
2009-06-13,1205.493
2009-06-19,1208.516
2009-06-24,1211.54
2009-06-30,1214.564
2009-07-06,1217.588
2009-07-11,1220.611
2009-07-17,1223.635
2009-07-23,1223.635
2009-07-25,1223.635
2009-07-27,1226.659
2009-07-29,1229.683
2009-07-31,1232.707
2009-08-03,1235.73
2009-08-05,1238.754
2009-08-07,1241.778
2009-08-09,1244.802
2009-08-12,1244.802
2009-08-15,1244.802
2009-08-18,1247.826
2009-08-22,1250.849
2009-08-25,1253.873
2009-08-29,1256.897
2009-09-01,1259.921
2009-09-05,1262.944
2009-09-08,1265.968
2009-09-12,1265.968
2009-09-17,1265.968
2009-09-22,1268.992
2009-09-28,1272.016
2009-10-03,1275.04
2009-10-09,1278.063
2009-10-14,1281.087
2009-10-20,1284.111
2009-10-25,1287.135
2009-10-31,1287.135
2009-11-03,1287.135
2009-11-06,1290.159
2009-11-10,1293.182
2009-11-13,1296.206
2009-11-16,1299.23
2009-11-20,1302.254
2009-11-23,1305.277
2009-11-26,1308.301
2009-11-30,1308.301
2009-12-02,1308.301
2009-12-04,1311.325
2009-12-06,1314.349
2009-12-08,1317.373
2009-12-11,1320.396
2009-12-13,1323.42
2009-12-15,1326.444
2009-12-17,1329.468
2009-12-20,1329.468
2009-12-24,1329.468
2009-12-29,1332.492
2010-01-02,1335.515
2010-01-07,1338.539
2010-01-11,1341.563
2010-01-16,1344.587
2010-01-20,1347.61
2010-01-25,1350.634
2010-01-30,1350.634
2010-02-01,1350.634
2010-02-03,1351.812
2010-02-05,1352.991
2010-02-07,1354.169
2010-02-10,1355.347
2010-02-12,1356.525
2010-02-14,1357.704
2010-02-16,1358.882
2010-02-19,1358.882
2010-02-21,1358.882
2010-02-23,1360.06
2010-02-25,1361.238
2010-02-27,1362.416
2010-03-01,1363.595
2010-03-03,1364.773
2010-03-05,1365.951
2010-03-07,1367.129
2010-03-10,1367.129
2010-03-14,1367.129
2010-03-19,1368.307
2010-03-24,1369.485
2010-03-29,1370.663
2010-04-03,1371.842
2010-04-08,1373.02
2010-04-13,1374.198
2010-04-18,1375.376
2010-04-23,1375.376
2010-04-25,1375.376
2010-04-27,1376.554
2010-04-29,1377.733
2010-05-01,1378.911
2010-05-03,1380.089
2010-05-05,1381.267
2010-05-07,1382.446
2010-05-09,1383.624
2010-05-12,1383.624
2010-05-14,1383.624
2010-05-16,1384.802
2010-05-19,1385.981
2010-05-21,1387.159
2010-05-23,1388.337
2010-05-26,1389.515
2010-05-28,1390.694
2010-05-30,1391.872
2010-06-02,1391.872
2010-06-07,1391.872
2010-06-13,1393.05
2010-06-19,1394.228
2010-06-24,1395.406
2010-06-30,1396.585
2010-07-06,1397.763
2010-07-11,1398.941
2010-07-17,1400.119
2010-07-23,1400.119
2010-07-25,1400.119
2010-07-27,1401.297
2010-07-29,1402.475
2010-07-31,1403.653
2010-08-03,1404.832
2010-08-05,1406.01
2010-08-07,1407.188
2010-08-09,1408.366
2010-08-12,1408.366
2010-08-15,1408.366
2010-08-18,1409.544
2010-08-22,1410.723
2010-08-25,1411.901
2010-08-29,1413.079
2010-09-01,1414.257
2010-09-05,1415.436
2010-09-08,1416.614
2010-09-12,1416.614
2010-09-17,1416.614
2010-09-22,1417.792
2010-09-28,1418.971
2010-10-03,1420.149
2010-10-09,1421.327
2010-10-14,1422.505
2010-10-20,1423.684
2010-10-25,1424.862
2010-10-31,1424.862
2010-11-03,1424.862
2010-11-06,1426.04
2010-11-10,1427.218
2010-11-13,1428.396
2010-11-16,1429.575
2010-11-20,1430.753
2010-11-23,1431.931
2010-11-26,1433.109
2010-11-30,1433.109
2010-12-02,1433.109
2010-12-04,1434.287
2010-12-06,1435.465
2010-12-08,1436.643
2010-12-11,1437.822
2010-12-13,1439.0
2010-12-15,1440.178
2010-12-17,1441.356
2010-12-20,1441.356
2010-12-23,1441.356
2010-12-27,1442.534
2010-12-31,1443.713
2011-01-04,1444.891
2011-01-07,1446.069
2011-01-11,1447.247
2011-01-15,1448.426
2011-01-19,1449.604
2011-01-23,1449.604
2011-01-25,1448.305
2011-01-27,1448.491
2011-01-29,1448.676
2011-01-31,1448.862
2011-02-03,1449.047
2011-02-05,1449.233
2011-02-07,1449.418
2011-02-09,1449.604
2011-02-12,1448.305
2011-02-15,1447.006
2011-02-18,1447.192
2011-02-21,1447.377
2011-02-24,1447.563
2011-02-27,1447.748
2011-03-02,1447.934
2011-03-05,1448.119
2011-03-08,1448.305
2011-03-12,1447.006
2011-03-16,1445.708
2011-03-20,1445.893
2011-03-25,1446.079
2011-03-29,1446.264
2011-04-02,1446.45
2011-04-07,1446.635
2011-04-11,1446.821
2011-04-15,1447.006
2011-04-20,1445.708
2011-04-22,1444.409
2011-04-24,1444.595
2011-04-27,1444.78
2011-04-29,1444.966
2011-05-02,1445.151
2011-05-04,1445.337
2011-05-07,1445.522
2011-05-09,1445.708
2011-05-12,1444.409
2011-05-15,1443.11
2011-05-19,1443.296
2011-05-23,1443.481
2011-05-27,1443.667
2011-05-31,1443.852
2011-06-04,1444.038
2011-06-08,1444.223
2011-06-12,1444.409
2011-06-16,1443.11
2011-06-20,1441.811
2011-06-24,1441.997
2011-06-29,1442.182
2011-07-03,1442.368
2011-07-08,1442.553
2011-07-12,1442.739
2011-07-17,1442.924
2011-07-21,1443.11
2011-07-26,1441.811
2011-07-30,1440.512
2011-08-03,1440.698
2011-08-07,1440.883
2011-08-11,1441.069
2011-08-15,1441.254
2011-08-19,1441.44
2011-08-23,1441.625
2011-08-27,1441.811
2011-08-31,1440.512
2011-09-01,1439.213
2011-09-03,1439.399
2011-09-05,1439.584
2011-09-07,1439.77
2011-09-08,1439.955
2011-09-10,1440.141
2011-09-12,1440.326
2011-09-14,1440.512
2011-09-16,1439.213
2011-09-20,1437.914
2011-09-25,1438.1
2011-09-30,1438.285
2011-10-04,1438.471
2011-10-09,1438.656
2011-10-14,1438.842
2011-10-18,1439.027
2011-10-23,1439.213
2011-10-28,1437.914
2011-10-31,1436.616
2011-11-04,1436.801
2011-11-08,1436.987
2011-11-11,1437.172
2011-11-15,1437.358
2011-11-19,1437.543
2011-11-22,1437.729
2011-11-26,1437.914
2011-11-30,1436.616
2011-12-01,1435.317
2011-12-03,1435.503
2011-12-05,1435.688
2011-12-07,1435.874
2011-12-08,1436.059
2011-12-10,1436.245
2011-12-12,1436.43
2011-12-14,1436.616
2011-12-16,1435.317
2011-12-20,1434.018
2011-12-24,1434.204
2011-12-29,1434.389
2012-01-02,1434.575
2012-01-06,1434.76
2012-01-11,1434.946
2012-01-15,1435.131
2012-01-19,1435.317
2012-01-24,1434.018
2012-01-26,1434.018
2012-01-29,1434.066
2012-02-01,1434.114
2012-02-04,1434.162
2012-02-07,1434.211
2012-02-10,1434.259
2012-02-13,1434.307
2012-02-16,1434.355
2012-02-19,1434.355
2012-02-21,1434.355
2012-02-24,1434.403
2012-02-27,1434.451
2012-03-01,1434.499
2012-03-03,1434.547
2012-03-06,1434.595
2012-03-09,1434.643
2012-03-12,1434.691
2012-03-15,1434.691
2012-03-18,1434.691
2012-03-22,1434.739
2012-03-26,1434.787
2012-03-29,1434.835
2012-04-02,1434.884
2012-04-06,1434.932
2012-04-09,1434.98
2012-04-13,1435.028
2012-04-17,1435.028
2012-04-21,1435.028
2012-04-26,1435.076
2012-05-01,1435.124
2012-05-06,1435.172
2012-05-11,1435.22
2012-05-16,1435.268
2012-05-21,1435.316
2012-05-26,1435.364
2012-05-31,1435.364
2012-06-02,1435.364
2012-06-04,1435.412
2012-06-06,1435.46
2012-06-08,1435.508
2012-06-10,1435.557
2012-06-12,1435.605
2012-06-14,1435.653
2012-06-16,1435.701
2012-06-18,1435.701
2012-06-22,1435.701
2012-06-27,1435.749
2012-07-02,1435.797
2012-07-07,1435.845
2012-07-11,1435.894
2012-07-16,1435.942
2012-07-21,1435.99
2012-07-26,1436.038
2012-07-31,1436.038
2012-08-03,1436.038
2012-08-06,1436.086
2012-08-10,1436.134
2012-08-13,1436.182
2012-08-17,1436.23
2012-08-20,1436.278
2012-08-24,1436.326
2012-08-27,1436.374
2012-08-31,1436.374
2012-09-01,1436.374
2012-09-03,1436.422
2012-09-05,1436.47
2012-09-07,1436.518
2012-09-09,1436.567
2012-09-11,1436.615
2012-09-13,1436.663
2012-09-15,1436.711
2012-09-17,1436.711
2012-09-21,1436.711
2012-09-26,1436.759
2012-10-01,1436.807
2012-10-06,1436.855
2012-10-10,1436.903
2012-10-15,1436.951
2012-10-20,1436.999
2012-10-25,1437.047
2012-10-30,1437.047
2012-11-02,1437.047
2012-11-05,1437.095
2012-11-09,1437.143
2012-11-12,1437.191
2012-11-16,1437.24
2012-11-19,1437.288
2012-11-23,1437.336
2012-11-26,1437.384
2012-11-30,1437.384
2012-12-02,1437.384
2012-12-04,1437.432
2012-12-06,1437.48
2012-12-08,1437.528
2012-12-10,1437.576
2012-12-12,1437.624
2012-12-14,1437.672
2012-12-16,1437.72
2012-12-18,1437.72
2012-12-22,1437.72
2012-12-27,1437.768
2013-01-01,1437.816
2013-01-05,1437.864
2013-01-10,1437.913
2013-01-15,1437.961
2013-01-19,1438.009
2013-01-24,1438.057
2013-01-29,1438.057
2013-02-03,1438.057
2013-02-08,1440.232
2013-02-14,1442.407
2013-02-19,1444.582
2013-02-25,1446.758
2013-03-02,1448.933
2013-03-08,1451.108
2013-03-13,1453.283
2013-03-19,1453.283
2013-03-24,1453.283
2013-03-29,1455.458
2013-04-03,1457.633
2013-04-08,1459.808
2013-04-13,1461.984
2013-04-18,1464.159
2013-04-23,1466.334
2013-04-28,1468.509
2013-05-03,1468.509
2013-05-08,1468.509
2013-05-13,1470.684
2013-05-18,1472.859
2013-05-23,1475.034
2013-05-28,1477.21
2013-06-02,1479.385
2013-06-07,1481.56
2013-06-12,1483.735
2013-06-17,1483.735
2013-06-21,1483.735
2013-06-26,1485.91
2013-07-01,1488.085
2013-07-06,1490.26
2013-07-10,1492.436
2013-07-15,1494.611
2013-07-20,1496.786
2013-07-25,1498.961
2013-07-30,1498.961
2013-08-04,1498.961
2013-08-10,1501.136
2013-08-16,1503.311
2013-08-22,1505.486
2013-08-27,1507.661
2013-09-02,1509.836
2013-09-08,1512.011
2013-09-14,1514.186
2013-09-20,1514.186
2013-09-24,1514.186
2013-09-28,1516.361
2013-10-03,1518.536
2013-10-07,1520.711
2013-10-11,1522.887
2013-10-16,1525.062
2013-10-20,1527.237
2013-10-24,1529.412
2013-10-29,1529.412
2013-11-03,1529.412
2013-11-09,1531.587
2013-11-14,1533.762
2013-11-20,1535.937
2013-11-25,1538.113
2013-12-01,1540.288
2013-12-06,1542.463
2013-12-12,1544.638
2013-12-18,1544.638
2013-12-22,1544.638
2013-12-27,1546.813
2013-12-31,1548.988
2014-01-05,1551.163
2014-01-09,1553.339
2014-01-14,1555.514
2014-01-18,1557.689
2014-01-23,1559.864
2014-01-28,1559.864
2014-02-04,1559.864
2014-02-11,1560.586
2014-02-18,1561.307
2014-02-25,1562.029
2014-03-04,1562.751
2014-03-11,1563.473
2014-03-18,1564.194
2014-03-25,1564.916
2014-04-01,1564.916
2014-04-08,1564.916
2014-04-15,1565.638
2014-04-22,1566.359
2014-04-29,1567.081
2014-05-06,1567.802
2014-05-13,1568.524
2014-05-20,1569.245
2014-05-27,1569.967
2014-06-03,1569.967
2014-06-10,1569.967
2014-06-17,1570.689
2014-06-24,1571.41
2014-07-01,1572.132
2014-07-08,1572.854
2014-07-15,1573.576
2014-07-22,1574.297
2014-07-29,1575.019
2014-08-05,1575.019
2014-08-11,1575.019
2014-08-17,1575.741
2014-08-23,1576.462
2014-08-29,1577.184
2014-09-05,1577.906
2014-09-11,1578.628
2014-09-17,1579.349
2014-09-23,1580.071
2014-09-30,1580.071
2014-10-07,1580.071
2014-10-14,1580.793
2014-10-21,1581.514
2014-10-28,1582.236
2014-11-04,1582.957
2014-11-11,1583.679
2014-11-18,1584.4
2014-11-25,1585.122
2014-12-02,1585.122
2014-12-06,1585.122
2014-12-11,1585.844
2014-12-16,1586.565
2014-12-21,1587.287
2014-12-26,1588.009
2014-12-31,1588.731
2015-01-05,1589.452
2015-01-10,1590.174
2015-01-15,1590.174
2015-01-17,1590.174
2015-01-19,1592.39
2015-01-21,1594.606
2015-01-23,1596.822
2015-01-25,1599.039
2015-01-27,1601.255
2015-01-29,1603.471
2015-01-31,1605.687
2015-02-03,1605.687
2015-02-06,1605.687
2015-02-09,1607.903
2015-02-12,1610.119
2015-02-15,1612.335
2015-02-19,1614.552
2015-02-22,1616.768
2015-02-25,1618.984
2015-02-28,1621.2
2015-03-04,1621.2
2015-03-07,1621.2
2015-03-11,1623.416
2015-03-15,1625.633
2015-03-19,1627.849
2015-03-22,1630.065
2015-03-26,1632.281
2015-03-30,1634.498
2015-04-03,1636.714
2015-04-07,1636.714
2015-04-13,1636.714
2015-04-19,1638.93
2015-04-25,1641.146
2015-05-01,1643.362
2015-05-08,1645.579
2015-05-14,1647.795
2015-05-20,1650.011
2015-05-26,1652.227
2015-06-02,1652.227
2015-06-09,1652.227
2015-06-16,1654.443
2015-06-23,1656.659
2015-06-30,1658.875
2015-07-07,1661.092
2015-07-14,1663.308
2015-07-21,1665.524
2015-07-28,1667.74
2015-08-04,1667.74
2015-08-10,1667.74
2015-08-16,1669.956
2015-08-22,1672.173
2015-08-28,1674.389
2015-09-04,1676.605
2015-09-10,1678.821
2015-09-16,1681.038
2015-09-22,1683.254
2015-09-29,1683.254
2015-10-06,1683.254
2015-10-13,1685.47
2015-10-20,1687.686
2015-10-27,1689.902
2015-11-03,1692.119
2015-11-10,1694.335
2015-11-17,1696.551
2015-11-24,1698.767
2015-12-01,1698.767
2015-12-08,1698.767
2015-12-15,1700.983
2015-12-22,1703.199
2015-12-29,1705.415
2016-01-05,1707.632
2016-01-12,1709.848
2016-01-19,1712.064
2016-01-26,1714.28
2016-02-02,1714.28
2016-02-09,1714.28
2016-02-16,1720.082
2016-02-23,1725.884
2016-03-01,1731.686
2016-03-08,1737.489
2016-03-15,1743.291
2016-03-22,1749.093
2016-03-29,1754.895
2016-04-05,1754.895
2016-04-12,1754.895
2016-04-19,1760.697
2016-04-26,1766.499
2016-05-03,1772.301
2016-05-10,1778.104
2016-05-17,1783.906
2016-05-24,1789.708
2016-05-31,1795.51
2016-06-07,1795.51
2016-06-14,1795.51
2016-06-21,1801.312
2016-06-28,1807.114
2016-07-05,1812.916
2016-07-12,1818.719
2016-07-19,1824.521
2016-07-26,1830.323
2016-08-02,1836.125
2016-08-09,1836.125
2016-08-15,1836.125
2016-08-21,1841.927
2016-08-27,1847.729
2016-09-02,1853.531
2016-09-09,1859.334
2016-09-15,1865.136
2016-09-21,1870.938
2016-09-27,1876.74
2016-10-04,1876.74
2016-10-11,1876.74
2016-10-18,1882.542
2016-10-25,1888.344
2016-11-01,1894.146
2016-11-08,1899.949
2016-11-15,1905.751
2016-11-22,1911.553
2016-11-29,1917.355
2016-12-07,1917.355
2016-12-14,1917.355
2016-12-21,1923.157
2016-12-28,1928.959
2017-01-04,1934.761
2017-01-11,1940.564
2017-01-18,1946.366
2017-01-25,1952.168
2017-02-01,1957.97
2017-02-08,1957.97
2017-02-14,1957.97
2017-02-20,1958.361
2017-02-27,1958.751
2017-03-05,1959.142
2017-03-11,1959.533
2017-03-18,1959.924
2017-03-24,1960.314
2017-03-30,1960.705
2017-04-06,1960.705
2017-04-12,1960.705
2017-04-19,1961.096
2017-04-26,1961.486
2017-05-03,1961.877
2017-05-10,1962.267
2017-05-17,1962.658
2017-05-24,1963.048
2017-05-31,1963.439
2017-06-07,1963.439
2017-06-13,1963.439
2017-06-19,1963.83
2017-06-25,1964.22
2017-07-01,1964.611
2017-07-08,1965.002
2017-07-14,1965.393
2017-07-20,1965.783
2017-07-26,1966.174
2017-08-02,1966.174
2017-08-09,1966.174
2017-08-16,1966.565
2017-08-23,1966.955
2017-08-30,1967.346
2017-09-06,1967.737
2017-09-13,1968.128
2017-09-20,1968.518
2017-09-27,1968.909
2017-10-04,1968.909
2017-10-11,1968.909
2017-10-18,1969.3
2017-10-25,1969.69
2017-11-01,1970.081
2017-11-08,1970.471
2017-11-15,1970.862
2017-11-22,1971.252
2017-11-29,1971.643
2017-12-06,1971.643
2017-12-13,1971.643
2017-12-20,1972.034
2017-12-27,1972.424
2018-01-03,1972.815
2018-01-10,1973.206
2018-01-17,1973.597
2018-01-24,1973.987
2018-01-31,1974.378
2018-02-07,1974.378
2018-02-13,1974.378
2018-02-19,1976.182
2018-02-26,1977.987
2018-03-04,1979.791
2018-03-10,1981.596
2018-03-17,1983.4
2018-03-23,1985.205
2018-03-29,1987.009
2018-04-05,1987.009
2018-04-11,1987.009
2018-04-18,1988.813
2018-04-25,1990.618
2018-05-02,1992.422
2018-05-09,1994.227
2018-05-16,1996.031
2018-05-23,1997.836
2018-05-30,1999.64
2018-06-06,1999.64
2018-06-12,1999.64
2018-06-18,2001.444
2018-06-24,2003.249
2018-06-30,2005.053
2018-07-07,2006.857
2018-07-13,2008.661
2018-07-19,2010.466
2018-07-25,2012.27
2018-08-01,2012.27
2018-08-08,2012.27
2018-08-15,2014.074
2018-08-22,2015.879
2018-08-29,2017.683
2018-09-06,2019.488
2018-09-13,2021.292
2018-09-20,2023.097
2018-09-27,2024.901
2018-10-05,2024.901
2018-10-11,2024.901
2018-10-18,2026.705
2018-10-25,2028.51
2018-11-01,2030.314
2018-11-07,2032.119
2018-11-14,2033.923
2018-11-21,2035.728
2018-11-28,2037.532
2018-12-05,2037.532
2018-12-12,2037.532
2018-12-19,2039.336
2018-12-26,2041.141
2019-01-02,2042.945
2019-01-09,2044.75
2019-01-16,2046.554
2019-01-23,2048.359
2019-01-30,2050.163
2019-02-07,2050.163
2019-02-13,2027.728
2019-02-19,2030.933
2019-02-25,2034.138
2019-03-03,2037.343
2019-03-10,2040.548
2019-03-16,2043.753
2019-03-22,2046.958
2019-03-28,2050.163
2019-04-04,2027.728
2019-04-11,2005.293
2019-04-18,2008.498
2019-04-25,2011.703
2019-05-02,2014.908
2019-05-09,2018.113
2019-05-16,2021.318
2019-05-23,2024.523
2019-05-30,2027.728
2019-06-06,2005.293
2019-06-12,1982.858
2019-06-19,1986.063
2019-06-26,1989.268
2019-07-03,1992.473
2019-07-10,1995.678
2019-07-17,1998.883
2019-07-24,2002.088
2019-07-31,2005.293
2019-08-07,1982.858
2019-08-13,1960.422
2019-08-19,1963.627
2019-08-26,1966.832
2019-09-01,1970.037
2019-09-08,1973.243
2019-09-14,1976.448
2019-09-21,1979.653
2019-09-27,1982.858
2019-10-04,1960.422
2019-10-10,1937.987
2019-10-17,1941.192
2019-10-24,1944.397
2019-10-31,1947.602
2019-11-07,1950.807
2019-11-14,1954.012
2019-11-21,1957.217
2019-11-28,1960.422
2019-12-05,1937.987
2019-12-12,1915.552
2019-12-19,1918.757
2019-12-26,1921.962
2020-01-02,1925.167
2020-01-09,1928.372
2020-01-16,1931.577
2020-01-23,1934.782
2020-01-30,1937.987
2020-02-06,1915.552
2020-02-11,1915.552
2020-02-17,1923.519
2020-02-22,1931.487
2020-02-28,1939.454
2020-03-04,1947.421
2020-03-10,1955.388
2020-03-15,1963.356
2020-03-21,1971.323
2020-03-27,1971.323
2020-04-02,1971.323
2020-04-08,1979.29
2020-04-14,1987.258
2020-04-20,1995.225
2020-04-27,2003.192
2020-05-03,2011.159
2020-05-09,2019.127
2020-05-15,2027.094
2020-05-22,2027.094
2020-05-30,2027.094
2020-06-07,2035.061
2020-06-16,2043.029
2020-06-24,2050.996
2020-07-03,2058.964
2020-07-11,2066.931
2020-07-20,2074.899
2020-07-28,2082.866
2020-08-06,2082.866
2020-08-13,2082.866
2020-08-20,2090.833
2020-08-27,2098.801
2020-09-03,2106.768
2020-09-10,2114.735
2020-09-17,2122.702
2020-09-24,2130.67
2020-10-01,2138.637
2020-10-09,2138.637
2020-10-15,2138.637
2020-10-21,2146.604
2020-10-27,2154.572
2020-11-02,2162.539
2020-11-09,2170.506
2020-11-15,2178.473
2020-11-21,2186.441
2020-11-27,2194.408
2020-12-04,2194.408
2020-12-11,2194.408
2020-12-18,2202.375
2020-12-25,2210.343
2021-01-01,2218.31
2021-01-08,2226.277
2021-01-15,2234.244
2021-01-22,2242.212
2021-01-29,2250.179
2021-02-05,2250.179
2021-02-11,2250.179
2021-02-18,2252.944
2021-02-25,2255.709
2021-03-04,2258.474
2021-03-10,2261.239
2021-03-17,2264.004
2021-03-24,2266.769
2021-03-31,2269.534
2021-04-07,2269.534
2021-04-13,2269.534
2021-04-19,2272.299
2021-04-26,2275.064
2021-05-02,2277.829
2021-05-09,2280.594
2021-05-15,2283.359
2021-05-22,2286.124
2021-05-28,2288.889
2021-06-04,2288.889
2021-06-11,2288.889
2021-06-18,2291.654
2021-06-25,2294.419
2021-07-02,2297.184
2021-07-09,2299.949
2021-07-16,2302.714
2021-07-23,2305.479
2021-07-30,2308.244
2021-08-06,2308.244
2021-08-13,2308.244
2021-08-20,2311.009
2021-08-27,2313.774
2021-09-03,2316.539
2021-09-10,2319.305
2021-09-17,2322.07
2021-09-24,2324.835
2021-10-01,2327.6
2021-10-08,2327.6
2021-10-14,2327.6
2021-10-21,2330.365
2021-10-28,2333.13
2021-11-04,2335.895
2021-11-10,2338.66
2021-11-17,2341.425
2021-11-24,2344.19
2021-12-01,2346.955
2021-12-08,2346.955
2021-12-15,2346.955
2021-12-22,2349.72
2021-12-29,2352.485
2022-01-05,2355.25
2022-01-12,2358.015
2022-01-19,2360.78
2022-01-26,2363.545
2022-02-02,2366.31
2022-02-10,2366.31
2022-02-16,2366.31
2022-02-22,2368.981
2022-03-01,2371.652
2022-03-07,2374.323
2022-03-13,2376.994
2022-03-20,2379.665
2022-03-26,2382.336
2022-04-01,2385.007
2022-04-08,2385.007
2022-04-10,2385.007
2022-04-13,2387.678
2022-04-16,2390.349
2022-04-19,2393.02
2022-04-22,2395.691
2022-04-25,2398.362
2022-04-28,2401.033
2022-05-01,2403.704
2022-05-04,2403.704
2022-05-07,2403.704
2022-05-11,2406.375
2022-05-15,2409.046
2022-05-19,2411.717
2022-05-23,2414.388
2022-05-27,2417.059
2022-05-31,2419.73
2022-06-04,2422.401
2022-06-08,2422.401
2022-06-14,2422.401
2022-06-20,2425.072
2022-06-27,2427.743
2022-07-03,2430.414
2022-07-10,2433.084
2022-07-16,2435.755
2022-07-23,2438.426
2022-07-29,2441.097
2022-08-05,2441.097
2022-08-11,2441.097
2022-08-17,2443.768
2022-08-23,2446.439
2022-08-29,2449.11
2022-09-05,2451.781
2022-09-11,2454.452
2022-09-17,2457.123
2022-09-23,2459.794
2022-09-30,2459.794
2022-10-07,2459.794
2022-10-15,2462.465
2022-10-22,2465.136
2022-10-30,2467.807
2022-11-06,2470.478
2022-11-14,2473.149
2022-11-21,2475.82
2022-11-29,2478.491
2022-12-07,2478.491
2022-12-14,2478.491
2022-12-21,2481.162
2022-12-28,2483.833
2023-01-04,2486.504
2023-01-11,2489.175
2023-01-18,2491.846
2023-01-25,2494.517
2023-02-01,2497.188
2023-02-08,2497.188
2023-02-14,2497.188
2023-02-20,2501.959
2023-02-27,2506.73
2023-03-05,2511.501
2023-03-11,2516.271
2023-03-18,2521.042
2023-03-24,2525.813
2023-03-30,2530.584
2023-04-06,2530.584
2023-04-13,2530.584
2023-04-20,2535.355
2023-04-27,2540.126
2023-05-04,2544.897
2023-05-11,2549.667
2023-05-18,2554.438
2023-05-25,2559.209
2023-06-01,2563.98
2023-06-08,2563.98
2023-06-15,2563.98
2023-06-22,2568.751
2023-06-29,2573.522
2023-07-06,2578.293
2023-07-13,2583.063
2023-07-20,2587.834
2023-07-27,2592.605
2023-08-03,2597.376
2023-08-10,2597.376
2023-08-16,2597.376
2023-08-22,2602.147
2023-08-29,2606.917
2023-09-04,2611.688
2023-09-10,2616.459
2023-09-17,2621.23
2023-09-23,2626.0
2023-09-29,2630.771
2023-10-06,2630.771
2023-10-13,2630.771
2023-10-20,2635.542
2023-10-27,2640.313
2023-11-03,2645.084
2023-11-10,2649.854
2023-11-17,2654.625
2023-11-24,2659.396
2023-12-01,2664.167
2023-12-08,2664.167
2023-12-14,2664.167
2023-12-21,2668.938
2023-12-28,2673.709
2024-01-04,2678.48
2024-01-11,2683.25
2024-01-18,2688.021
2024-01-25,2692.792
2024-02-01,2697.563
2024-02-08,2697.563
2024-02-14,2697.563
2024-02-20,2703.26
2024-02-27,2708.956
2024-03-04,2714.653
2024-03-10,2720.35
2024-03-17,2726.047
2024-03-23,2731.743
2024-03-29,2737.44
2024-04-05,2737.44
2024-04-12,2737.44
2024-04-19,2743.137
2024-04-26,2748.833
2024-05-03,2754.53
2024-05-10,2760.226
2024-05-17,2765.923
2024-05-24,2771.619
2024-05-31,2777.316
2024-06-07,2777.316
2024-06-13,2777.316
2024-06-20,2783.013
2024-06-27,2788.709
2024-07-04,2794.406
2024-07-11,2800.103
2024-07-18,2805.8
2024-07-25,2811.496
2024-08-01,2817.193
2024-08-08,2817.193
2024-08-14,2817.193
2024-08-21,2822.89
2024-08-28,2828.586
2024-09-04,2834.283
2024-09-11,2839.98
2024-09-18,2845.677
2024-09-25,2851.373
2024-10-02,2857.07
2024-10-09,2857.07
2024-10-15,2857.07
2024-10-21,2862.767
2024-10-28,2868.463
2024-11-03,2874.16
2024-11-10,2879.856
2024-11-16,2885.553
2024-11-23,2891.249
2024-11-29,2896.946
2024-12-06,2896.946
2024-12-13,2896.946
2024-12-20,2902.643
2024-12-27,2908.339
2025-01-03,2914.036
2025-01-10,2919.733
2025-01-17,2925.43
2025-01-24,2931.126
2025-01-31,2936.823
2025-02-07,2936.823
