Date,Inflation Rate
2000-01-30,3.8
2000-02-01,3.8
2000-02-03,3.807
2000-02-05,3.814
2000-02-07,3.821
2000-02-10,3.829
2000-02-12,3.836
2000-02-14,3.843
2000-02-16,3.85
2000-02-19,3.85
2000-02-21,3.85
2000-02-23,3.857
2000-02-25,3.864
2000-02-27,3.871
2000-02-29,3.879
2000-03-02,3.886
2000-03-04,3.893
2000-03-06,3.9
2000-03-09,3.9
2000-03-14,3.9
2000-03-19,3.907
2000-03-24,3.914
2000-03-29,3.921
2000-04-03,3.929
2000-04-08,3.936
2000-04-13,3.943
2000-04-18,3.95
2000-04-23,3.95
2000-04-25,3.95
2000-04-27,3.957
2000-04-29,3.964
2000-05-01,3.971
2000-05-03,3.979
2000-05-05,3.986
2000-05-07,3.993
2000-05-09,4.0
2000-05-12,4.0
2000-05-14,4.0
2000-05-16,4.007
2000-05-19,4.014
2000-05-21,4.021
2000-05-23,4.029
2000-05-26,4.036
2000-05-28,4.043
2000-05-30,4.05
2000-06-02,4.05
2000-06-07,4.05
2000-06-13,4.057
2000-06-19,4.064
2000-06-24,4.071
2000-06-30,4.079
2000-07-06,4.086
2000-07-11,4.093
2000-07-17,4.1
2000-07-23,4.1
2000-07-25,4.1
2000-07-27,4.107
2000-07-29,4.114
2000-07-31,4.121
2000-08-03,4.129
2000-08-05,4.136
2000-08-07,4.143
2000-08-09,4.15
2000-08-12,4.15
2000-08-15,4.15
2000-08-18,4.157
2000-08-22,4.164
2000-08-25,4.171
2000-08-29,4.179
2000-09-01,4.186
2000-09-05,4.193
2000-09-08,4.2
2000-09-12,4.2
2000-09-17,4.2
2000-09-22,4.207
2000-09-28,4.214
2000-10-03,4.221
2000-10-09,4.229
2000-10-14,4.236
2000-10-20,4.243
2000-10-25,4.25
2000-10-31,4.25
2000-11-03,4.25
2000-11-06,4.257
2000-11-10,4.264
2000-11-13,4.271
2000-11-16,4.279
2000-11-20,4.286
2000-11-23,4.293
2000-11-26,4.3
2000-11-30,4.3
2000-12-02,4.3
2000-12-04,4.307
2000-12-06,4.314
2000-12-08,4.321
2000-12-11,4.329
2000-12-13,4.336
2000-12-15,4.343
2000-12-17,4.35
2000-12-20,4.35
2000-12-24,4.35
2000-12-29,4.357
2001-01-02,4.364
2001-01-07,4.371
2001-01-11,4.379
2001-01-16,4.386
2001-01-20,4.393
2001-01-25,4.4
2001-01-30,4.4
2001-02-01,4.4
2001-02-03,4.407
2001-02-05,4.414
2001-02-07,4.421
2001-02-10,4.429
2001-02-12,4.436
2001-02-14,4.443
2001-02-16,4.45
2001-02-19,4.45
2001-02-21,4.45
2001-02-23,4.457
2001-02-25,4.464
2001-02-27,4.471
2001-03-01,4.479
2001-03-03,4.486
2001-03-05,4.493
2001-03-07,4.5
2001-03-09,4.5
2001-03-14,4.5
2001-03-19,4.507
2001-03-24,4.514
2001-03-29,4.521
2001-04-03,4.529
2001-04-08,4.536
2001-04-13,4.543
2001-04-18,4.55
2001-04-23,4.55
2001-04-25,4.55
2001-04-27,4.557
2001-04-29,4.564
2001-05-01,4.571
2001-05-03,4.579
2001-05-05,4.586
2001-05-07,4.593
2001-05-09,4.6
2001-05-12,4.6
2001-05-14,4.6
2001-05-16,4.607
2001-05-19,4.614
2001-05-21,4.621
2001-05-23,4.629
2001-05-26,4.636
2001-05-28,4.643
2001-05-30,4.65
2001-06-02,4.65
2001-06-07,4.65
2001-06-13,4.657
2001-06-19,4.664
2001-06-24,4.671
2001-06-30,4.679
2001-07-06,4.686
2001-07-11,4.693
2001-07-17,4.7
2001-07-23,4.7
2001-07-25,4.7
2001-07-27,4.707
2001-07-29,4.714
2001-07-31,4.721
2001-08-03,4.729
2001-08-05,4.736
2001-08-07,4.743
2001-08-09,4.75
2001-08-12,4.75
2001-08-15,4.75
2001-08-18,4.757
2001-08-22,4.764
2001-08-25,4.771
2001-08-29,4.779
2001-09-01,4.786
2001-09-05,4.793
2001-09-08,4.8
2001-09-12,4.8
2001-09-17,4.8
2001-09-22,4.807
2001-09-28,4.814
2001-10-03,4.821
2001-10-09,4.829
2001-10-14,4.836
2001-10-20,4.843
2001-10-25,4.85
2001-10-31,4.85
2001-11-03,4.85
2001-11-06,4.857
2001-11-10,4.864
2001-11-13,4.871
2001-11-16,4.879
2001-11-20,4.886
2001-11-23,4.893
2001-11-26,4.9
2001-11-30,4.9
2001-12-02,4.9
2001-12-04,4.907
2001-12-06,4.914
2001-12-08,4.921
2001-12-11,4.929
2001-12-13,4.936
2001-12-15,4.943
2001-12-17,4.95
2001-12-20,4.95
2001-12-24,4.95
2001-12-29,4.957
2002-01-02,4.964
2002-01-07,4.971
2002-01-11,4.979
2002-01-16,4.986
2002-01-20,4.993
2002-01-25,5.0
2002-01-30,5.0
2002-02-01,4.925
2002-02-03,4.936
2002-02-05,4.946
2002-02-07,4.957
2002-02-10,4.968
2002-02-12,4.979
2002-02-14,4.989
2002-02-16,5.0
2002-02-19,4.925
2002-02-21,4.85
2002-02-23,4.861
2002-02-25,4.871
2002-02-27,4.882
2002-03-01,4.893
2002-03-03,4.904
2002-03-05,4.914
2002-03-07,4.925
2002-03-09,4.85
2002-03-14,4.775
2002-03-19,4.786
2002-03-24,4.796
2002-03-29,4.807
2002-04-03,4.818
2002-04-08,4.829
2002-04-13,4.839
2002-04-18,4.85
2002-04-23,4.775
2002-04-25,4.7
2002-04-27,4.711
2002-04-29,4.721
2002-05-01,4.732
2002-05-03,4.743
2002-05-05,4.754
2002-05-07,4.764
2002-05-09,4.775
2002-05-12,4.7
2002-05-14,4.625
2002-05-16,4.636
2002-05-19,4.646
2002-05-21,4.657
2002-05-23,4.668
2002-05-26,4.679
2002-05-28,4.689
2002-05-30,4.7
2002-06-02,4.625
2002-06-07,4.55
2002-06-13,4.561
2002-06-19,4.571
2002-06-24,4.582
2002-06-30,4.593
2002-07-06,4.604
2002-07-11,4.614
2002-07-17,4.625
2002-07-23,4.55
2002-07-25,4.475
2002-07-27,4.486
2002-07-29,4.496
2002-07-31,4.507
2002-08-03,4.518
2002-08-05,4.529
2002-08-07,4.539
2002-08-09,4.55
2002-08-12,4.475
2002-08-15,4.4
2002-08-18,4.411
2002-08-22,4.421
2002-08-25,4.432
2002-08-29,4.443
2002-09-01,4.454
2002-09-05,4.464
2002-09-08,4.475
2002-09-12,4.4
2002-09-17,4.325
2002-09-22,4.336
2002-09-28,4.346
2002-10-03,4.357
2002-10-09,4.368
2002-10-14,4.379
2002-10-20,4.389
2002-10-25,4.4
2002-10-31,4.325
2002-11-03,4.25
2002-11-06,4.261
2002-11-10,4.271
2002-11-13,4.282
2002-11-16,4.293
2002-11-20,4.304
2002-11-23,4.314
2002-11-26,4.325
2002-11-30,4.25
2002-12-02,4.175
2002-12-04,4.186
2002-12-06,4.196
2002-12-08,4.207
2002-12-11,4.218
2002-12-13,4.229
2002-12-15,4.239
2002-12-17,4.25
2002-12-20,4.175
2002-12-24,4.1
2002-12-29,4.111
2003-01-02,4.121
2003-01-07,4.132
2003-01-11,4.143
2003-01-16,4.154
2003-01-20,4.164
2003-01-25,4.175
2003-01-30,4.1
2003-02-01,4.092
2003-02-03,4.093
2003-02-05,4.094
2003-02-07,4.095
2003-02-10,4.097
2003-02-12,4.098
2003-02-14,4.099
2003-02-16,4.1
2003-02-19,4.092
2003-02-21,4.083
2003-02-23,4.084
2003-02-25,4.086
2003-02-27,4.087
2003-03-01,4.088
2003-03-03,4.089
2003-03-05,4.091
2003-03-07,4.092
2003-03-09,4.083
2003-03-14,4.075
2003-03-19,4.076
2003-03-24,4.077
2003-03-29,4.078
2003-04-03,4.08
2003-04-08,4.081
2003-04-13,4.082
2003-04-18,4.083
2003-04-23,4.075
2003-04-25,4.067
2003-04-27,4.068
2003-04-29,4.069
2003-05-01,4.07
2003-05-03,4.072
2003-05-05,4.073
2003-05-07,4.074
2003-05-09,4.075
2003-05-12,4.067
2003-05-14,4.058
2003-05-16,4.059
2003-05-19,4.061
2003-05-21,4.062
2003-05-23,4.063
2003-05-26,4.064
2003-05-28,4.066
2003-05-30,4.067
2003-06-02,4.058
2003-06-07,4.05
2003-06-13,4.051
2003-06-19,4.052
2003-06-24,4.053
2003-06-30,4.055
2003-07-06,4.056
2003-07-11,4.057
2003-07-17,4.058
2003-07-23,4.05
2003-07-25,4.042
2003-07-27,4.043
2003-07-29,4.044
2003-07-31,4.045
2003-08-03,4.047
2003-08-05,4.048
2003-08-07,4.049
2003-08-09,4.05
2003-08-12,4.042
2003-08-15,4.033
2003-08-18,4.034
2003-08-22,4.036
2003-08-25,4.037
2003-08-29,4.038
2003-09-01,4.039
2003-09-05,4.041
2003-09-08,4.042
2003-09-12,4.033
2003-09-17,4.025
2003-09-22,4.026
2003-09-28,4.027
2003-10-03,4.028
2003-10-09,4.03
2003-10-14,4.031
2003-10-20,4.032
2003-10-25,4.033
2003-10-31,4.025
2003-11-03,4.017
2003-11-06,4.018
2003-11-10,4.019
2003-11-13,4.02
2003-11-16,4.022
2003-11-20,4.023
2003-11-23,4.024
2003-11-26,4.025
2003-11-30,4.017
2003-12-02,4.008
2003-12-04,4.009
2003-12-06,4.011
2003-12-08,4.012
2003-12-11,4.013
2003-12-13,4.014
2003-12-15,4.016
2003-12-17,4.017
2003-12-20,4.008
2003-12-24,4.0
2003-12-29,4.001
2004-01-02,4.002
2004-01-07,4.003
2004-01-11,4.005
2004-01-16,4.006
2004-01-20,4.007
2004-01-25,4.008
2004-01-30,4.0
2004-02-01,3.975
2004-02-03,3.979
2004-02-05,3.982
2004-02-07,3.986
2004-02-10,3.989
2004-02-12,3.993
2004-02-14,3.996
2004-02-16,4.0
2004-02-19,3.975
2004-02-21,3.95
2004-02-23,3.954
2004-02-25,3.957
2004-02-27,3.961
2004-02-29,3.964
2004-03-02,3.968
2004-03-04,3.971
2004-03-06,3.975
2004-03-09,3.95
2004-03-14,3.925
2004-03-19,3.929
2004-03-24,3.932
2004-03-29,3.936
2004-04-03,3.939
2004-04-08,3.943
2004-04-13,3.946
2004-04-18,3.95
2004-04-23,3.925
2004-04-25,3.9
2004-04-27,3.904
2004-04-29,3.907
2004-05-01,3.911
2004-05-03,3.914
2004-05-05,3.918
2004-05-07,3.921
2004-05-09,3.925
2004-05-12,3.9
2004-05-14,3.875
2004-05-16,3.879
2004-05-19,3.882
2004-05-21,3.886
2004-05-23,3.889
2004-05-26,3.893
2004-05-28,3.896
2004-05-30,3.9
2004-06-02,3.875
2004-06-07,3.85
2004-06-13,3.854
2004-06-19,3.857
2004-06-24,3.861
2004-06-30,3.864
2004-07-06,3.868
2004-07-11,3.871
2004-07-17,3.875
2004-07-23,3.85
2004-07-25,3.825
2004-07-27,3.829
2004-07-29,3.832
2004-07-31,3.836
2004-08-03,3.839
2004-08-05,3.843
2004-08-07,3.846
2004-08-09,3.85
2004-08-12,3.825
2004-08-15,3.8
2004-08-18,3.804
2004-08-22,3.807
2004-08-25,3.811
2004-08-29,3.814
2004-09-01,3.818
2004-09-05,3.821
2004-09-08,3.825
2004-09-12,3.8
2004-09-17,3.775
2004-09-22,3.779
2004-09-28,3.782
2004-10-03,3.786
2004-10-09,3.789
2004-10-14,3.793
2004-10-20,3.796
2004-10-25,3.8
2004-10-31,3.775
2004-11-03,3.75
2004-11-06,3.754
2004-11-10,3.757
2004-11-13,3.761
2004-11-16,3.764
2004-11-20,3.768
2004-11-23,3.771
2004-11-26,3.775
2004-11-30,3.75
2004-12-02,3.725
2004-12-04,3.729
2004-12-06,3.732
2004-12-08,3.736
2004-12-11,3.739
2004-12-13,3.743
2004-12-15,3.746
2004-12-17,3.75
2004-12-20,3.725
2004-12-24,3.7
2004-12-29,3.704
2005-01-02,3.707
2005-01-07,3.711
2005-01-11,3.714
2005-01-16,3.718
2005-01-20,3.721
2005-01-25,3.725
2005-01-30,3.7
2005-02-01,3.7
2005-02-03,3.736
2005-02-05,3.771
2005-02-07,3.807
2005-02-10,3.843
2005-02-12,3.879
2005-02-14,3.914
2005-02-16,3.95
2005-02-19,3.95
2005-02-21,3.95
2005-02-23,3.986
2005-02-25,4.021
2005-02-27,4.057
2005-03-01,4.093
2005-03-03,4.129
2005-03-05,4.164
2005-03-07,4.2
2005-03-09,4.2
2005-03-14,4.2
2005-03-19,4.236
2005-03-24,4.271
2005-03-29,4.307
2005-04-03,4.343
2005-04-08,4.379
2005-04-13,4.414
2005-04-18,4.45
2005-04-23,4.45
2005-04-25,4.45
2005-04-27,4.486
2005-04-29,4.521
2005-05-01,4.557
2005-05-03,4.593
2005-05-05,4.629
2005-05-07,4.664
2005-05-09,4.7
2005-05-12,4.7
2005-05-14,4.7
2005-05-16,4.736
2005-05-19,4.771
2005-05-21,4.807
2005-05-23,4.843
2005-05-26,4.879
2005-05-28,4.914
2005-05-30,4.95
2005-06-02,4.95
2005-06-07,4.95
2005-06-13,4.986
2005-06-19,5.021
2005-06-24,5.057
2005-06-30,5.093
2005-07-06,5.129
2005-07-11,5.164
2005-07-17,5.2
2005-07-23,5.2
2005-07-25,5.2
2005-07-27,5.236
2005-07-29,5.271
2005-07-31,5.307
2005-08-03,5.343
2005-08-05,5.379
2005-08-07,5.414
2005-08-09,5.45
2005-08-12,5.45
2005-08-15,5.45
2005-08-18,5.486
2005-08-22,5.521
2005-08-25,5.557
2005-08-29,5.593
2005-09-01,5.629
2005-09-05,5.664
2005-09-08,5.7
2005-09-12,5.7
2005-09-17,5.7
2005-09-22,5.736
2005-09-28,5.771
2005-10-03,5.807
2005-10-09,5.843
2005-10-14,5.879
2005-10-20,5.914
2005-10-25,5.95
2005-10-31,5.95
2005-11-03,5.95
2005-11-06,5.986
2005-11-10,6.021
2005-11-13,6.057
2005-11-16,6.093
2005-11-20,6.129
2005-11-23,6.164
2005-11-26,6.2
2005-11-30,6.2
2005-12-02,6.2
2005-12-04,6.236
2005-12-06,6.271
2005-12-08,6.307
2005-12-11,6.343
2005-12-13,6.379
2005-12-15,6.414
2005-12-17,6.45
2005-12-20,6.45
2005-12-24,6.45
2005-12-29,6.486
2006-01-02,6.521
2006-01-07,6.557
2006-01-11,6.593
2006-01-16,6.629
2006-01-20,6.664
2006-01-25,6.7
2006-01-30,6.7
2006-02-01,6.633
2006-02-03,6.643
2006-02-05,6.652
2006-02-07,6.662
2006-02-10,6.671
2006-02-12,6.681
2006-02-14,6.69
2006-02-16,6.7
2006-02-19,6.633
2006-02-21,6.567
2006-02-23,6.576
2006-02-25,6.586
2006-02-27,6.595
2006-03-01,6.605
2006-03-03,6.614
2006-03-05,6.624
2006-03-07,6.633
2006-03-09,6.567
2006-03-14,6.5
2006-03-19,6.51
2006-03-24,6.519
2006-03-29,6.529
2006-04-03,6.538
2006-04-08,6.548
2006-04-13,6.557
2006-04-18,6.567
2006-04-23,6.5
2006-04-25,6.433
2006-04-27,6.443
2006-04-29,6.452
2006-05-01,6.462
2006-05-03,6.471
2006-05-05,6.481
2006-05-07,6.49
2006-05-09,6.5
2006-05-12,6.433
2006-05-14,6.367
2006-05-16,6.376
2006-05-19,6.386
2006-05-21,6.395
2006-05-23,6.405
2006-05-26,6.414
2006-05-28,6.424
2006-05-30,6.433
2006-06-02,6.367
2006-06-07,6.3
2006-06-13,6.31
2006-06-19,6.319
2006-06-24,6.329
2006-06-30,6.338
2006-07-06,6.348
2006-07-11,6.357
2006-07-17,6.367
2006-07-23,6.3
2006-07-25,6.233
2006-07-27,6.243
2006-07-29,6.252
2006-07-31,6.262
2006-08-03,6.271
2006-08-05,6.281
2006-08-07,6.29
2006-08-09,6.3
2006-08-12,6.233
2006-08-15,6.167
2006-08-18,6.176
2006-08-22,6.186
2006-08-25,6.195
2006-08-29,6.205
2006-09-01,6.214
2006-09-05,6.224
2006-09-08,6.233
2006-09-12,6.167
2006-09-17,6.1
2006-09-22,6.11
2006-09-28,6.119
2006-10-03,6.129
2006-10-09,6.138
2006-10-14,6.148
2006-10-20,6.157
2006-10-25,6.167
2006-10-31,6.1
2006-11-03,6.033
2006-11-06,6.043
2006-11-10,6.052
2006-11-13,6.062
2006-11-16,6.071
2006-11-20,6.081
2006-11-23,6.09
2006-11-26,6.1
2006-11-30,6.033
2006-12-02,5.967
2006-12-04,5.976
2006-12-06,5.986
2006-12-08,5.995
2006-12-11,6.005
2006-12-13,6.014
2006-12-15,6.024
2006-12-17,6.033
2006-12-20,5.967
2006-12-24,5.9
2006-12-29,5.91
2007-01-02,5.919
2007-01-07,5.929
2007-01-11,5.938
2007-01-16,5.948
2007-01-20,5.957
2007-01-25,5.967
2007-01-30,5.9
2007-02-01,5.9
2007-02-03,5.939
2007-02-05,5.979
2007-02-07,6.018
2007-02-10,6.057
2007-02-12,6.096
2007-02-14,6.136
2007-02-16,6.175
2007-02-19,6.175
2007-02-21,6.175
2007-02-23,6.214
2007-02-25,6.254
2007-02-27,6.293
2007-03-01,6.332
2007-03-03,6.371
2007-03-05,6.411
2007-03-07,6.45
2007-03-09,6.45
2007-03-14,6.45
2007-03-19,6.489
2007-03-24,6.529
2007-03-29,6.568
2007-04-03,6.607
2007-04-08,6.646
2007-04-13,6.686
2007-04-18,6.725
2007-04-23,6.725
2007-04-25,6.725
2007-04-27,6.764
2007-04-29,6.804
2007-05-01,6.843
2007-05-03,6.882
2007-05-05,6.921
2007-05-07,6.961
2007-05-09,7.0
2007-05-12,7.0
2007-05-14,7.0
2007-05-16,7.039
2007-05-19,7.079
2007-05-21,7.118
2007-05-23,7.157
2007-05-26,7.196
2007-05-28,7.236
2007-05-30,7.275
2007-06-02,7.275
2007-06-07,7.275
2007-06-13,7.314
2007-06-19,7.354
2007-06-24,7.393
2007-06-30,7.432
2007-07-06,7.471
2007-07-11,7.511
2007-07-17,7.55
2007-07-23,7.55
2007-07-25,7.55
2007-07-27,7.589
2007-07-29,7.629
2007-07-31,7.668
2007-08-03,7.707
2007-08-05,7.746
2007-08-07,7.786
2007-08-09,7.825
2007-08-12,7.825
2007-08-15,7.825
2007-08-18,7.864
2007-08-22,7.904
2007-08-25,7.943
2007-08-29,7.982
2007-09-01,8.021
2007-09-05,8.061
2007-09-08,8.1
2007-09-12,8.1
2007-09-17,8.1
2007-09-22,8.139
2007-09-28,8.179
2007-10-03,8.218
2007-10-09,8.257
2007-10-14,8.296
2007-10-20,8.336
2007-10-25,8.375
2007-10-31,8.375
2007-11-03,8.375
2007-11-06,8.414
2007-11-10,8.454
2007-11-13,8.493
2007-11-16,8.532
2007-11-20,8.571
2007-11-23,8.611
2007-11-26,8.65
2007-11-30,8.65
2007-12-02,8.65
2007-12-04,8.689
2007-12-06,8.729
2007-12-08,8.768
2007-12-11,8.807
2007-12-13,8.846
2007-12-15,8.886
2007-12-17,8.925
2007-12-20,8.925
2007-12-24,8.925
2007-12-29,8.964
2008-01-02,9.004
2008-01-07,9.043
2008-01-11,9.082
2008-01-16,9.121
2008-01-20,9.161
2008-01-25,9.2
2008-01-30,9.2
2008-02-01,9.2
2008-02-03,9.217
2008-02-05,9.233
2008-02-07,9.25
2008-02-10,9.267
2008-02-12,9.284
2008-02-14,9.3
2008-02-16,9.317
2008-02-19,9.317
2008-02-21,9.317
2008-02-23,9.334
2008-02-25,9.35
2008-02-27,9.367
2008-02-29,9.383
2008-03-02,9.4
2008-03-04,9.416
2008-03-06,9.433
2008-03-09,9.433
2008-03-14,9.433
2008-03-19,9.45
2008-03-24,9.466
2008-03-29,9.483
2008-04-03,9.5
2008-04-08,9.517
2008-04-13,9.533
2008-04-18,9.55
2008-04-23,9.55
2008-04-25,9.55
2008-04-27,9.567
2008-04-29,9.583
2008-05-01,9.6
2008-05-03,9.617
2008-05-05,9.634
2008-05-07,9.65
2008-05-09,9.667
2008-05-12,9.667
2008-05-14,9.667
2008-05-16,9.684
2008-05-19,9.7
2008-05-21,9.717
2008-05-23,9.733
2008-05-26,9.75
2008-05-28,9.766
2008-05-30,9.783
2008-06-02,9.783
2008-06-07,9.783
2008-06-13,9.8
2008-06-19,9.816
2008-06-24,9.833
2008-06-30,9.85
2008-07-06,9.867
2008-07-11,9.883
2008-07-17,9.9
2008-07-23,9.9
2008-07-25,9.9
2008-07-27,9.917
2008-07-29,9.933
2008-07-31,9.95
2008-08-03,9.967
2008-08-05,9.984
2008-08-07,10.0
2008-08-09,10.017
2008-08-12,10.017
2008-08-15,10.017
2008-08-18,10.034
2008-08-22,10.05
2008-08-25,10.067
2008-08-29,10.083
2008-09-01,10.1
2008-09-05,10.116
2008-09-08,10.133
2008-09-12,10.133
2008-09-17,10.133
2008-09-22,10.15
2008-09-28,10.166
2008-10-03,10.183
2008-10-09,10.2
2008-10-14,10.217
2008-10-20,10.233
2008-10-25,10.25
2008-10-31,10.25
2008-11-03,10.25
2008-11-06,10.267
2008-11-10,10.283
2008-11-13,10.3
2008-11-16,10.317
2008-11-20,10.334
2008-11-23,10.35
2008-11-26,10.367
2008-11-30,10.367
2008-12-02,10.367
2008-12-04,10.384
2008-12-06,10.4
2008-12-08,10.417
2008-12-11,10.433
2008-12-13,10.45
2008-12-15,10.466
2008-12-17,10.483
2008-12-20,10.483
2008-12-24,10.483
2008-12-29,10.5
2009-01-02,10.516
2009-01-07,10.533
2009-01-11,10.55
2009-01-16,10.567
2009-01-20,10.583
2009-01-25,10.6
2009-01-30,10.6
2009-02-01,10.5
2009-02-03,10.514
2009-02-05,10.529
2009-02-07,10.543
2009-02-10,10.557
2009-02-12,10.571
2009-02-14,10.586
2009-02-16,10.6
2009-02-19,10.5
2009-02-21,10.4
2009-02-23,10.414
2009-02-25,10.429
2009-02-27,10.443
2009-03-01,10.457
2009-03-03,10.471
2009-03-05,10.486
2009-03-07,10.5
2009-03-09,10.4
2009-03-14,10.3
2009-03-19,10.314
2009-03-24,10.329
2009-03-29,10.343
2009-04-03,10.357
2009-04-08,10.371
2009-04-13,10.386
2009-04-18,10.4
2009-04-23,10.3
2009-04-25,10.2
2009-04-27,10.214
2009-04-29,10.229
2009-05-01,10.243
2009-05-03,10.257
2009-05-05,10.271
2009-05-07,10.286
2009-05-09,10.3
2009-05-12,10.2
2009-05-14,10.1
2009-05-16,10.114
2009-05-19,10.129
2009-05-21,10.143
2009-05-23,10.157
2009-05-26,10.171
2009-05-28,10.186
2009-05-30,10.2
2009-06-02,10.1
2009-06-07,10.0
2009-06-13,10.014
2009-06-19,10.029
2009-06-24,10.043
2009-06-30,10.057
2009-07-06,10.071
2009-07-11,10.086
2009-07-17,10.1
2009-07-23,10.0
2009-07-25,9.9
2009-07-27,9.914
2009-07-29,9.929
2009-07-31,9.943
2009-08-03,9.957
2009-08-05,9.971
2009-08-07,9.986
2009-08-09,10.0
2009-08-12,9.9
2009-08-15,9.8
2009-08-18,9.814
2009-08-22,9.829
2009-08-25,9.843
2009-08-29,9.857
2009-09-01,9.871
2009-09-05,9.886
2009-09-08,9.9
2009-09-12,9.8
2009-09-17,9.7
2009-09-22,9.714
2009-09-28,9.729
2009-10-03,9.743
2009-10-09,9.757
2009-10-14,9.771
2009-10-20,9.786
2009-10-25,9.8
2009-10-31,9.7
2009-11-03,9.6
2009-11-06,9.614
2009-11-10,9.629
2009-11-13,9.643
2009-11-16,9.657
2009-11-20,9.671
2009-11-23,9.686
2009-11-26,9.7
2009-11-30,9.6
2009-12-02,9.5
2009-12-04,9.514
2009-12-06,9.529
2009-12-08,9.543
2009-12-11,9.557
2009-12-13,9.571
2009-12-15,9.586
2009-12-17,9.6
2009-12-20,9.5
2009-12-24,9.4
2009-12-29,9.414
2010-01-02,9.429
2010-01-07,9.443
2010-01-11,9.457
2010-01-16,9.471
2010-01-20,9.486
2010-01-25,9.5
2010-01-30,9.4
2010-02-01,9.292
2010-02-03,9.307
2010-02-05,9.323
2010-02-07,9.338
2010-02-10,9.354
2010-02-12,9.369
2010-02-14,9.385
2010-02-16,9.4
2010-02-19,9.292
2010-02-21,9.183
2010-02-23,9.199
2010-02-25,9.214
2010-02-27,9.23
2010-03-01,9.245
2010-03-03,9.261
2010-03-05,9.276
2010-03-07,9.292
2010-03-10,9.183
2010-03-14,9.075
2010-03-19,9.09
2010-03-24,9.106
2010-03-29,9.121
2010-04-03,9.137
2010-04-08,9.152
2010-04-13,9.168
2010-04-18,9.183
2010-04-23,9.075
2010-04-25,8.967
2010-04-27,8.982
2010-04-29,8.998
2010-05-01,9.013
2010-05-03,9.029
2010-05-05,9.044
2010-05-07,9.06
2010-05-09,9.075
2010-05-12,8.967
2010-05-14,8.858
2010-05-16,8.874
2010-05-19,8.889
2010-05-21,8.905
2010-05-23,8.92
2010-05-26,8.936
2010-05-28,8.951
2010-05-30,8.967
2010-06-02,8.858
2010-06-07,8.75
2010-06-13,8.765
2010-06-19,8.781
2010-06-24,8.796
2010-06-30,8.812
2010-07-06,8.827
2010-07-11,8.843
2010-07-17,8.858
2010-07-23,8.75
2010-07-25,8.642
2010-07-27,8.657
2010-07-29,8.673
2010-07-31,8.688
2010-08-03,8.704
2010-08-05,8.719
2010-08-07,8.735
2010-08-09,8.75
2010-08-12,8.642
2010-08-15,8.533
2010-08-18,8.549
2010-08-22,8.564
2010-08-25,8.58
2010-08-29,8.595
2010-09-01,8.611
2010-09-05,8.626
2010-09-08,8.642
2010-09-12,8.533
2010-09-17,8.425
2010-09-22,8.44
2010-09-28,8.456
2010-10-03,8.471
2010-10-09,8.487
2010-10-14,8.502
2010-10-20,8.518
2010-10-25,8.533
2010-10-31,8.425
2010-11-03,8.317
2010-11-06,8.332
2010-11-10,8.348
2010-11-13,8.363
2010-11-16,8.379
2010-11-20,8.394
2010-11-23,8.41
2010-11-26,8.425
2010-11-30,8.317
2010-12-02,8.208
2010-12-04,8.224
2010-12-06,8.239
2010-12-08,8.255
2010-12-11,8.27
2010-12-13,8.286
2010-12-15,8.301
2010-12-17,8.317
2010-12-20,8.208
2010-12-23,8.1
2010-12-27,8.115
2010-12-31,8.131
2011-01-04,8.146
2011-01-07,8.162
2011-01-11,8.177
2011-01-15,8.193
2011-01-19,8.208
2011-01-23,8.1
2011-01-25,8.1
2011-01-27,8.123
2011-01-29,8.145
2011-01-31,8.168
2011-02-03,8.19
2011-02-05,8.213
2011-02-07,8.235
2011-02-09,8.258
2011-02-12,8.258
2011-02-15,8.258
2011-02-18,8.281
2011-02-21,8.303
2011-02-24,8.326
2011-02-27,8.349
2011-03-02,8.372
2011-03-05,8.394
2011-03-08,8.417
2011-03-12,8.417
2011-03-16,8.417
2011-03-20,8.44
2011-03-25,8.462
2011-03-29,8.485
2011-04-02,8.507
2011-04-07,8.53
2011-04-11,8.552
2011-04-15,8.575
2011-04-20,8.575
2011-04-22,8.575
2011-04-24,8.598
2011-04-27,8.62
2011-04-29,8.643
2011-05-02,8.665
2011-05-04,8.688
2011-05-07,8.71
2011-05-09,8.733
2011-05-12,8.733
2011-05-15,8.733
2011-05-19,8.756
2011-05-23,8.778
2011-05-27,8.801
2011-05-31,8.824
2011-06-04,8.847
2011-06-08,8.869
2011-06-12,8.892
2011-06-16,8.892
2011-06-20,8.892
2011-06-24,8.915
2011-06-29,8.937
2011-07-03,8.96
2011-07-08,8.982
2011-07-12,9.005
2011-07-17,9.027
2011-07-21,9.05
2011-07-26,9.05
2011-07-30,9.05
2011-08-03,9.073
2011-08-07,9.095
2011-08-11,9.118
2011-08-15,9.14
2011-08-19,9.163
2011-08-23,9.185
2011-08-27,9.208
2011-08-31,9.208
2011-09-01,9.208
2011-09-03,9.231
2011-09-05,9.253
2011-09-07,9.276
2011-09-08,9.299
2011-09-10,9.322
2011-09-12,9.344
2011-09-14,9.367
2011-09-16,9.367
2011-09-20,9.367
2011-09-25,9.39
2011-09-30,9.412
2011-10-04,9.435
2011-10-09,9.457
2011-10-14,9.48
2011-10-18,9.502
2011-10-23,9.525
2011-10-28,9.525
2011-10-31,9.525
2011-11-04,9.548
2011-11-08,9.57
2011-11-11,9.593
2011-11-15,9.615
2011-11-19,9.638
2011-11-22,9.66
2011-11-26,9.683
2011-11-30,9.683
2011-12-01,9.683
2011-12-03,9.706
2011-12-05,9.728
2011-12-07,9.751
2011-12-08,9.774
2011-12-10,9.797
2011-12-12,9.819
2011-12-14,9.842
2011-12-16,9.842
2011-12-20,9.842
2011-12-24,9.865
2011-12-29,9.887
2012-01-02,9.91
2012-01-06,9.932
2012-01-11,9.955
2012-01-15,9.977
2012-01-19,10.0
2012-01-24,10.0
2012-01-26,9.95
2012-01-29,9.957
2012-02-01,9.964
2012-02-04,9.971
2012-02-07,9.979
2012-02-10,9.986
2012-02-13,9.993
2012-02-16,10.0
2012-02-19,9.95
2012-02-21,9.9
2012-02-24,9.907
2012-02-27,9.914
2012-03-01,9.921
2012-03-03,9.929
2012-03-06,9.936
2012-03-09,9.943
2012-03-12,9.95
2012-03-15,9.9
2012-03-18,9.85
2012-03-22,9.857
2012-03-26,9.864
2012-03-29,9.871
2012-04-02,9.879
2012-04-06,9.886
2012-04-09,9.893
2012-04-13,9.9
2012-04-17,9.85
2012-04-21,9.8
2012-04-26,9.807
2012-05-01,9.814
2012-05-06,9.821
2012-05-11,9.829
2012-05-16,9.836
2012-05-21,9.843
2012-05-26,9.85
2012-05-31,9.8
2012-06-02,9.75
2012-06-04,9.757
2012-06-06,9.764
2012-06-08,9.771
2012-06-10,9.779
2012-06-12,9.786
2012-06-14,9.793
2012-06-16,9.8
2012-06-18,9.75
2012-06-22,9.7
2012-06-27,9.707
2012-07-02,9.714
2012-07-07,9.721
2012-07-11,9.729
2012-07-16,9.736
2012-07-21,9.743
2012-07-26,9.75
2012-07-31,9.7
2012-08-03,9.65
2012-08-06,9.657
2012-08-10,9.664
2012-08-13,9.671
2012-08-17,9.679
2012-08-20,9.686
2012-08-24,9.693
2012-08-27,9.7
2012-08-31,9.65
2012-09-01,9.6
2012-09-03,9.607
2012-09-05,9.614
2012-09-07,9.621
2012-09-09,9.629
2012-09-11,9.636
2012-09-13,9.643
2012-09-15,9.65
2012-09-17,9.6
2012-09-21,9.55
2012-09-26,9.557
2012-10-01,9.564
2012-10-06,9.571
2012-10-10,9.579
2012-10-15,9.586
2012-10-20,9.593
2012-10-25,9.6
2012-10-30,9.55
2012-11-02,9.5
2012-11-05,9.507
2012-11-09,9.514
2012-11-12,9.521
2012-11-16,9.529
2012-11-19,9.536
2012-11-23,9.543
2012-11-26,9.55
2012-11-30,9.5
2012-12-02,9.45
2012-12-04,9.457
2012-12-06,9.464
2012-12-08,9.471
2012-12-10,9.479
2012-12-12,9.486
2012-12-14,9.493
2012-12-16,9.5
2012-12-18,9.45
2012-12-22,9.4
2012-12-27,9.407
2013-01-01,9.414
2013-01-05,9.421
2013-01-10,9.429
2013-01-15,9.436
2013-01-19,9.443
2013-01-24,9.45
2013-01-29,9.4
2013-02-03,8.95
2013-02-08,9.014
2013-02-14,9.079
2013-02-19,9.143
2013-02-25,9.207
2013-03-02,9.271
2013-03-08,9.336
2013-03-13,9.4
2013-03-19,8.95
2013-03-24,8.5
2013-03-29,8.564
2013-04-03,8.629
2013-04-08,8.693
2013-04-13,8.757
2013-04-18,8.821
2013-04-23,8.886
2013-04-28,8.95
2013-05-03,8.5
2013-05-08,8.05
2013-05-13,8.114
2013-05-18,8.179
2013-05-23,8.243
2013-05-28,8.307
2013-06-02,8.371
2013-06-07,8.436
2013-06-12,8.5
2013-06-17,8.05
2013-06-21,7.6
2013-06-26,7.664
2013-07-01,7.729
2013-07-06,7.793
2013-07-10,7.857
2013-07-15,7.921
2013-07-20,7.986
2013-07-25,8.05
2013-07-30,7.6
2013-08-04,7.15
2013-08-10,7.214
2013-08-16,7.279
2013-08-22,7.343
2013-08-27,7.407
2013-09-02,7.471
2013-09-08,7.536
2013-09-14,7.6
2013-09-20,7.15
2013-09-24,6.7
2013-09-28,6.764
2013-10-03,6.829
2013-10-07,6.893
2013-10-11,6.957
2013-10-16,7.021
2013-10-20,7.086
2013-10-24,7.15
2013-10-29,6.7
2013-11-03,6.25
2013-11-09,6.314
2013-11-14,6.379
2013-11-20,6.443
2013-11-25,6.507
2013-12-01,6.571
2013-12-06,6.636
2013-12-12,6.7
2013-12-18,6.25
2013-12-22,5.8
2013-12-27,5.864
2013-12-31,5.929
2014-01-05,5.993
2014-01-09,6.057
2014-01-14,6.121
2014-01-18,6.186
2014-01-23,6.25
2014-01-28,5.8
2014-02-04,5.65
2014-02-11,5.671
2014-02-18,5.693
2014-02-25,5.714
2014-03-04,5.736
2014-03-11,5.757
2014-03-18,5.779
2014-03-25,5.8
2014-04-01,5.65
2014-04-08,5.5
2014-04-15,5.521
2014-04-22,5.543
2014-04-29,5.564
2014-05-06,5.586
2014-05-13,5.607
2014-05-20,5.629
2014-05-27,5.65
2014-06-03,5.5
2014-06-10,5.35
2014-06-17,5.371
2014-06-24,5.393
2014-07-01,5.414
2014-07-08,5.436
2014-07-15,5.457
2014-07-22,5.479
2014-07-29,5.5
2014-08-05,5.35
2014-08-11,5.2
2014-08-17,5.221
2014-08-23,5.243
2014-08-29,5.264
2014-09-05,5.286
2014-09-11,5.307
2014-09-17,5.329
2014-09-23,5.35
2014-09-30,5.2
2014-10-07,5.05
2014-10-14,5.071
2014-10-21,5.093
2014-10-28,5.114
2014-11-04,5.136
2014-11-11,5.157
2014-11-18,5.179
2014-11-25,5.2
2014-12-02,5.05
2014-12-06,4.9
2014-12-11,4.921
2014-12-16,4.943
2014-12-21,4.964
2014-12-26,4.986
2014-12-31,5.007
2015-01-05,5.029
2015-01-10,5.05
2015-01-15,4.9
2015-01-17,4.85
2015-01-19,4.857
2015-01-21,4.864
2015-01-23,4.871
2015-01-25,4.879
2015-01-27,4.886
2015-01-29,4.893
2015-01-31,4.9
2015-02-03,4.85
2015-02-06,4.8
2015-02-09,4.807
2015-02-12,4.814
2015-02-15,4.821
2015-02-19,4.829
2015-02-22,4.836
2015-02-25,4.843
2015-02-28,4.85
2015-03-04,4.8
2015-03-07,4.75
2015-03-11,4.757
2015-03-15,4.764
2015-03-19,4.771
2015-03-22,4.779
2015-03-26,4.786
2015-03-30,4.793
2015-04-03,4.8
2015-04-07,4.75
2015-04-13,4.7
2015-04-19,4.707
2015-04-25,4.714
2015-05-01,4.721
2015-05-08,4.729
2015-05-14,4.736
2015-05-20,4.743
2015-05-26,4.75
2015-06-02,4.7
2015-06-09,4.65
2015-06-16,4.657
2015-06-23,4.664
2015-06-30,4.671
2015-07-07,4.679
2015-07-14,4.686
2015-07-21,4.693
2015-07-28,4.7
2015-08-04,4.65
2015-08-10,4.6
2015-08-16,4.607
2015-08-22,4.614
2015-08-28,4.621
2015-09-04,4.629
2015-09-10,4.636
2015-09-16,4.643
2015-09-22,4.65
2015-09-29,4.6
2015-10-06,4.55
2015-10-13,4.557
2015-10-20,4.564
2015-10-27,4.571
2015-11-03,4.579
2015-11-10,4.586
2015-11-17,4.593
2015-11-24,4.6
2015-12-01,4.55
2015-12-08,4.5
2015-12-15,4.507
2015-12-22,4.514
2015-12-29,4.521
2016-01-05,4.529
2016-01-12,4.536
2016-01-19,4.543
2016-01-26,4.55
2016-02-02,4.5
2016-02-09,4.35
2016-02-16,4.371
2016-02-23,4.393
2016-03-01,4.414
2016-03-08,4.436
2016-03-15,4.457
2016-03-22,4.479
2016-03-29,4.5
2016-04-05,4.35
2016-04-12,4.2
2016-04-19,4.221
2016-04-26,4.243
2016-05-03,4.264
2016-05-10,4.286
2016-05-17,4.307
2016-05-24,4.329
2016-05-31,4.35
2016-06-07,4.2
2016-06-14,4.05
2016-06-21,4.071
2016-06-28,4.093
2016-07-05,4.114
2016-07-12,4.136
2016-07-19,4.157
2016-07-26,4.179
2016-08-02,4.2
2016-08-09,4.05
2016-08-15,3.9
2016-08-21,3.921
2016-08-27,3.943
2016-09-02,3.964
2016-09-09,3.986
2016-09-15,4.007
2016-09-21,4.029
2016-09-27,4.05
2016-10-04,3.9
2016-10-11,3.75
2016-10-18,3.771
2016-10-25,3.793
2016-11-01,3.814
2016-11-08,3.836
2016-11-15,3.857
2016-11-22,3.879
2016-11-29,3.9
2016-12-07,3.75
2016-12-14,3.6
2016-12-21,3.621
2016-12-28,3.643
2017-01-04,3.664
2017-01-11,3.686
2017-01-18,3.707
2017-01-25,3.729
2017-02-01,3.75
2017-02-08,3.6
2017-02-14,3.567
2017-02-20,3.572
2017-02-27,3.576
2017-03-05,3.581
2017-03-11,3.586
2017-03-18,3.591
2017-03-24,3.595
2017-03-30,3.6
2017-04-06,3.567
2017-04-12,3.533
2017-04-19,3.538
2017-04-26,3.543
2017-05-03,3.548
2017-05-10,3.552
2017-05-17,3.557
2017-05-24,3.562
2017-05-31,3.567
2017-06-07,3.533
2017-06-13,3.5
2017-06-19,3.505
2017-06-25,3.509
2017-07-01,3.514
2017-07-08,3.519
2017-07-14,3.524
2017-07-20,3.528
2017-07-26,3.533
2017-08-02,3.5
2017-08-09,3.467
2017-08-16,3.472
2017-08-23,3.476
2017-08-30,3.481
2017-09-06,3.486
2017-09-13,3.491
2017-09-20,3.495
2017-09-27,3.5
2017-10-04,3.467
2017-10-11,3.433
2017-10-18,3.438
2017-10-25,3.443
2017-11-01,3.448
2017-11-08,3.452
2017-11-15,3.457
2017-11-22,3.462
2017-11-29,3.467
2017-12-06,3.433
2017-12-13,3.4
2017-12-20,3.405
2017-12-27,3.409
2018-01-03,3.414
2018-01-10,3.419
2018-01-17,3.424
2018-01-24,3.428
2018-01-31,3.433
2018-02-07,3.4
2018-02-13,3.4
2018-02-19,3.433
2018-02-26,3.467
2018-03-04,3.5
2018-03-10,3.533
2018-03-17,3.566
2018-03-23,3.6
2018-03-29,3.633
2018-04-05,3.633
2018-04-11,3.633
2018-04-18,3.666
2018-04-25,3.7
2018-05-02,3.733
2018-05-09,3.767
2018-05-16,3.8
2018-05-23,3.834
2018-05-30,3.867
2018-06-06,3.867
2018-06-12,3.867
2018-06-18,3.9
2018-06-24,3.934
2018-06-30,3.967
2018-07-07,4.0
2018-07-13,4.033
2018-07-19,4.067
2018-07-25,4.1
2018-08-01,4.1
2018-08-08,4.1
2018-08-15,4.133
2018-08-22,4.167
2018-08-29,4.2
2018-09-06,4.233
2018-09-13,4.266
2018-09-20,4.3
2018-09-27,4.333
2018-10-05,4.333
2018-10-11,4.333
2018-10-18,4.366
2018-10-25,4.4
2018-11-01,4.433
2018-11-07,4.467
2018-11-14,4.5
2018-11-21,4.534
2018-11-28,4.567
2018-12-05,4.567
2018-12-12,4.567
2018-12-19,4.6
2018-12-26,4.634
2019-01-02,4.667
2019-01-09,4.7
2019-01-16,4.733
2019-01-23,4.767
2019-01-30,4.8
2019-02-07,4.8
2019-02-13,4.8
2019-02-19,4.833
2019-02-25,4.867
2019-03-03,4.9
2019-03-10,4.933
2019-03-16,4.966
2019-03-22,5.0
2019-03-28,5.033
2019-04-04,5.033
2019-04-11,5.033
2019-04-18,5.066
2019-04-25,5.1
2019-05-02,5.133
2019-05-09,5.167
2019-05-16,5.2
2019-05-23,5.234
2019-05-30,5.267
2019-06-06,5.267
2019-06-12,5.267
2019-06-19,5.3
2019-06-26,5.334
2019-07-03,5.367
2019-07-10,5.4
2019-07-17,5.433
2019-07-24,5.467
2019-07-31,5.5
2019-08-07,5.5
2019-08-13,5.5
2019-08-19,5.533
2019-08-26,5.567
2019-09-01,5.6
2019-09-08,5.633
2019-09-14,5.666
2019-09-21,5.7
2019-09-27,5.733
2019-10-04,5.733
2019-10-10,5.733
2019-10-17,5.766
2019-10-24,5.8
2019-10-31,5.833
2019-11-07,5.867
2019-11-14,5.9
2019-11-21,5.934
2019-11-28,5.967
2019-12-05,5.967
2019-12-12,5.967
2019-12-19,6.0
2019-12-26,6.034
2020-01-02,6.067
2020-01-09,6.1
2020-01-16,6.133
2020-01-23,6.167
2020-01-30,6.2
2020-02-06,6.2
2020-02-11,6.083
2020-02-17,6.1
2020-02-22,6.116
2020-02-28,6.133
2020-03-04,6.15
2020-03-10,6.167
2020-03-15,6.183
2020-03-21,6.2
2020-03-27,6.083
2020-04-02,5.967
2020-04-08,5.984
2020-04-14,6.0
2020-04-20,6.017
2020-04-27,6.033
2020-05-03,6.05
2020-05-09,6.066
2020-05-15,6.083
2020-05-22,5.967
2020-05-30,5.85
2020-06-07,5.867
2020-06-16,5.883
2020-06-24,5.9
2020-07-03,5.917
2020-07-11,5.934
2020-07-20,5.95
2020-07-28,5.967
2020-08-06,5.85
2020-08-13,5.733
2020-08-20,5.75
2020-08-27,5.766
2020-09-03,5.783
2020-09-10,5.8
2020-09-17,5.817
2020-09-24,5.833
2020-10-01,5.85
2020-10-09,5.733
2020-10-15,5.617
2020-10-21,5.634
2020-10-27,5.65
2020-11-02,5.667
2020-11-09,5.683
2020-11-15,5.7
2020-11-21,5.716
2020-11-27,5.733
2020-12-04,5.617
2020-12-11,5.5
2020-12-18,5.517
2020-12-25,5.533
2021-01-01,5.55
2021-01-08,5.567
2021-01-15,5.584
2021-01-22,5.6
2021-01-29,5.617
2021-02-05,5.5
2021-02-11,5.5
2021-02-18,5.529
2021-02-25,5.557
2021-03-04,5.586
2021-03-10,5.614
2021-03-17,5.643
2021-03-24,5.671
2021-03-31,5.7
2021-04-07,5.7
2021-04-13,5.7
2021-04-19,5.729
2021-04-26,5.757
2021-05-02,5.786
2021-05-09,5.814
2021-05-15,5.843
2021-05-22,5.871
2021-05-28,5.9
2021-06-04,5.9
2021-06-11,5.9
2021-06-18,5.929
2021-06-25,5.957
2021-07-02,5.986
2021-07-09,6.014
2021-07-16,6.043
2021-07-23,6.071
2021-07-30,6.1
2021-08-06,6.1
2021-08-13,6.1
2021-08-20,6.129
2021-08-27,6.157
2021-09-03,6.186
2021-09-10,6.214
2021-09-17,6.243
2021-09-24,6.271
2021-10-01,6.3
2021-10-08,6.3
2021-10-14,6.3
2021-10-21,6.329
2021-10-28,6.357
2021-11-04,6.386
2021-11-10,6.414
2021-11-17,6.443
2021-11-24,6.471
2021-12-01,6.5
2021-12-08,6.5
2021-12-15,6.5
2021-12-22,6.529
2021-12-29,6.557
2022-01-05,6.586
2022-01-12,6.614
2022-01-19,6.643
2022-01-26,6.671
2022-02-02,6.7
2022-02-10,6.7
2022-02-16,6.514
2022-02-22,6.541
2022-03-01,6.567
2022-03-07,6.594
2022-03-13,6.62
2022-03-20,6.647
2022-03-26,6.673
2022-04-01,6.7
2022-04-08,6.514
2022-04-10,6.329
2022-04-13,6.355
2022-04-16,6.382
2022-04-19,6.408
2022-04-22,6.435
2022-04-25,6.461
2022-04-28,6.488
2022-05-01,6.514
2022-05-04,6.329
2022-05-07,6.143
2022-05-11,6.17
2022-05-15,6.196
2022-05-19,6.223
2022-05-23,6.249
2022-05-27,6.276
2022-05-31,6.302
2022-06-04,6.329
2022-06-08,6.143
2022-06-14,5.957
2022-06-20,5.984
2022-06-27,6.01
2022-07-03,6.037
2022-07-10,6.063
2022-07-16,6.09
2022-07-23,6.116
2022-07-29,6.143
2022-08-05,5.957
2022-08-11,5.771
2022-08-17,5.798
2022-08-23,5.824
2022-08-29,5.851
2022-09-05,5.877
2022-09-11,5.904
2022-09-17,5.93
2022-09-23,5.957
2022-09-30,5.771
2022-10-07,5.586
2022-10-15,5.612
2022-10-22,5.639
2022-10-30,5.665
2022-11-06,5.692
2022-11-14,5.718
2022-11-21,5.745
2022-11-29,5.771
2022-12-07,5.586
2022-12-14,5.4
2022-12-21,5.427
2022-12-28,5.453
2023-01-04,5.48
2023-01-11,5.506
2023-01-18,5.533
2023-01-25,5.559
2023-02-01,5.586
2023-02-08,5.4
2023-02-14,5.233
2023-02-20,5.257
2023-02-27,5.281
2023-03-05,5.305
2023-03-11,5.328
2023-03-18,5.352
2023-03-24,5.376
2023-03-30,5.4
2023-04-06,5.233
2023-04-13,5.067
2023-04-20,5.091
2023-04-27,5.114
2023-05-04,5.138
2023-05-11,5.162
2023-05-18,5.186
2023-05-25,5.209
2023-06-01,5.233
2023-06-08,5.067
2023-06-15,4.9
2023-06-22,4.924
2023-06-29,4.948
2023-07-06,4.972
2023-07-13,4.995
2023-07-20,5.019
2023-07-27,5.043
2023-08-03,5.067
2023-08-10,4.9
2023-08-16,4.733
2023-08-22,4.757
2023-08-29,4.781
2023-09-04,4.805
2023-09-10,4.828
2023-09-17,4.852
2023-09-23,4.876
2023-09-29,4.9
2023-10-06,4.733
2023-10-13,4.567
2023-10-20,4.591
2023-10-27,4.614
2023-11-03,4.638
2023-11-10,4.662
2023-11-17,4.686
2023-11-24,4.709
2023-12-01,4.733
2023-12-08,4.567
2023-12-14,4.4
2023-12-21,4.424
2023-12-28,4.448
2024-01-04,4.472
2024-01-11,4.495
2024-01-18,4.519
2024-01-25,4.543
2024-02-01,4.567
2024-02-08,4.4
2024-02-14,4.35
2024-02-20,4.357
2024-02-27,4.364
2024-03-04,4.371
2024-03-10,4.379
2024-03-17,4.386
2024-03-23,4.393
2024-03-29,4.4
2024-04-05,4.35
2024-04-12,4.3
2024-04-19,4.307
2024-04-26,4.314
2024-05-03,4.321
2024-05-10,4.329
2024-05-17,4.336
2024-05-24,4.343
2024-05-31,4.35
2024-06-07,4.3
2024-06-13,4.25
2024-06-20,4.257
2024-06-27,4.264
2024-07-04,4.271
2024-07-11,4.279
2024-07-18,4.286
2024-07-25,4.293
2024-08-01,4.3
2024-08-08,4.25
2024-08-14,4.2
2024-08-21,4.207
2024-08-28,4.214
2024-09-04,4.221
2024-09-11,4.229
2024-09-18,4.236
2024-09-25,4.243
2024-10-02,4.25
2024-10-09,4.2
2024-10-15,4.15
2024-10-21,4.157
2024-10-28,4.164
2024-11-03,4.171
2024-11-10,4.179
2024-11-16,4.186
2024-11-23,4.193
2024-11-29,4.2
2024-12-06,4.15
2024-12-13,4.1
2024-12-20,4.107
2024-12-27,4.114
2025-01-03,4.121
2025-01-10,4.129
2025-01-17,4.136
2025-01-24,4.143
2025-01-31,4.15
2025-02-07,4.1
