Date,Average,Loan Rate
1/30/2000,8,12.292
2/1/2000,9.6,12.276
2/3/2000,9.371,12.278
2/5/2000,9.143,12.281
2/7/2000,8.914,12.283
2/10/2000,8.686,12.285
2/12/2000,8.457,12.287
2/14/2000,8.229,12.29
2/16/2000,8,12.292
2/19/2000,9.6,12.276
2/21/2000,12,12.26
2/23/2000,11.657,12.262
2/25/2000,11.314,12.265
2/27/2000,10.971,12.267
2/29/2000,10.629,12.269
3/2/2000,10.286,12.271
3/4/2000,9.943,12.274
3/6/2000,9.6,12.276
3/9/2000,12,12.26
3/14/2000,12,12.244
3/19/2000,11.857,12.246
3/24/2000,11.714,12.249
3/29/2000,11.571,12.251
4/3/2000,11.429,12.253
4/8/2000,11.286,12.255
4/13/2000,11.143,12.258
4/18/2000,11,12.26
4/23/2000,11,12.244
4/25/2000,11,12.228
4/27/2000,10.786,12.23
4/29/2000,10.571,12.233
5/1/2000,10.357,12.235
5/3/2000,10.143,12.237
5/5/2000,9.929,12.239
5/7/2000,9.714,12.242
5/9/2000,9.5,12.244
5/12/2000,9.5,12.228
5/14/2000,9.5,12.212
5/16/2000,9.464,12.214
5/19/2000,9.429,12.217
5/21/2000,9.393,12.219
5/23/2000,9.357,12.221
5/26/2000,9.321,12.223
5/28/2000,9.286,12.226
5/30/2000,9.25,12.228
6/2/2000,9.25,12.212
6/7/2000,9.25,12.196
6/13/2000,9.229,12.198
6/19/2000,9.207,12.201
6/24/2000,9.186,12.203
6/30/2000,9.164,12.205
7/6/2000,9.143,12.207
7/11/2000,9.121,12.21
7/17/2000,9.1,12.212
7/23/2000,9.1,12.196
7/25/2000,9.1,12.179
7/27/2000,9.086,12.181
7/29/2000,9.071,12.184
7/31/2000,9.057,12.186
8/3/2000,9.043,12.189
8/5/2000,9.029,12.191
8/7/2000,9.014,12.194
8/9/2000,9,12.196
8/12/2000,9,12.179
8/15/2000,9,12.163
8/18/2000,8.964,12.165
8/22/2000,8.929,12.168
8/25/2000,8.893,12.17
8/29/2000,8.857,12.172
9/1/2000,8.821,12.174
9/5/2000,8.786,12.177
9/8/2000,8.75,12.179
9/12/2000,8.75,12.163
9/17/2000,8.75,12.147
9/22/2000,8.679,12.149
9/28/2000,8.607,12.152
10/3/2000,8.536,12.154
10/9/2000,8.464,12.156
10/14/2000,8.393,12.158
10/20/2000,8.321,12.161
10/25/2000,8.25,12.163
10/31/2000,8.25,12.147
11/3/2000,8.25,12.131
11/6/2000,8.214,12.133
11/10/2000,8.179,12.136
11/13/2000,8.143,12.138
11/16/2000,8.107,12.14
11/20/2000,8.071,12.142
11/23/2000,8.036,12.145
11/26/2000,8,12.147
11/30/2000,8,12.131
12/2/2000,8,12.115
12/4/2000,8,12.117
12/6/2000,8,12.12
12/8/2000,8,12.122
12/11/2000,8,12.124
12/13/2000,8,12.126
12/15/2000,8,12.129
12/17/2000,8,12.131
12/20/2000,8,12.115
12/24/2000,8,12.099
12/29/2000,8,12.101
1/2/2001,8,12.104
1/7/2001,8,12.106
1/11/2001,8,12.108
1/16/2001,8,12.11
1/20/2001,8,12.113
1/25/2001,8,12.115
1/30/2001,8,12.099
2/1/2001,8,12.083
2/3/2001,7.929,12.085
2/5/2001,7.857,12.088
2/7/2001,7.786,12.09
2/10/2001,7.714,12.092
2/12/2001,7.643,12.094
2/14/2001,7.571,12.097
2/16/2001,7.5,12.099
2/19/2001,7.5,12.083
2/21/2001,7.5,12.068
2/23/2001,7.429,12.07
2/25/2001,7.357,12.072
2/27/2001,7.286,12.074
3/1/2001,7.214,12.077
3/3/2001,7.143,12.079
3/5/2001,7.071,12.081
3/7/2001,7,12.083
3/9/2001,7,12.068
3/14/2001,7,12.053
3/19/2001,6.964,12.055
3/24/2001,6.929,12.057
3/29/2001,6.893,12.059
4/3/2001,6.857,12.062
4/8/2001,6.821,12.064
4/13/2001,6.786,12.066
4/18/2001,6.75,12.068
4/23/2001,6.75,12.053
4/25/2001,6.75,12.038
4/27/2001,6.75,12.04
4/29/2001,6.75,12.042
5/1/2001,6.75,12.044
5/3/2001,6.75,12.047
5/5/2001,6.75,12.049
5/7/2001,6.75,12.051
5/9/2001,6.75,12.053
5/12/2001,6.75,12.038
5/14/2001,6.75,12.023
5/16/2001,6.714,12.025
5/19/2001,6.679,12.027
5/21/2001,6.643,12.029
5/23/2001,6.607,12.032
5/26/2001,6.571,12.034
5/28/2001,6.536,12.036
5/30/2001,6.5,12.038
6/2/2001,6.5,12.023
6/7/2001,6.5,12.008
6/13/2001,6.5,12.01
6/19/2001,6.5,12.012
6/24/2001,6.5,12.014
6/30/2001,6.5,12.017
7/6/2001,6.5,12.019
7/11/2001,6.5,12.021
7/17/2001,6.5,12.023
7/23/2001,6.5,12.008
7/25/2001,6.5,11.992
7/27/2001,6.5,11.994
7/29/2001,6.5,11.997
7/31/2001,6.5,11.999
8/3/2001,6.5,12.001
8/5/2001,6.5,12.003
8/7/2001,6.5,12.006
8/9/2001,6.5,12.008
8/12/2001,6.5,11.992
8/15/2001,6.5,11.977
8/18/2001,6.5,11.979
8/22/2001,6.5,11.981
8/25/2001,6.5,11.983
8/29/2001,6.5,11.986
9/1/2001,6.5,11.988
9/5/2001,6.5,11.99
9/8/2001,6.5,11.992
9/12/2001,6.5,11.977
9/17/2001,6.5,11.962
9/22/2001,6.5,11.964
9/28/2001,6.5,11.966
10/3/2001,6.5,11.968
10/9/2001,6.5,11.971
10/14/2001,6.5,11.973
10/20/2001,6.5,11.975
10/25/2001,6.5,11.977
10/31/2001,6.5,11.962
11/3/2001,6.5,11.947
11/6/2001,6.5,11.949
11/10/2001,6.5,11.951
11/13/2001,6.5,11.953
11/16/2001,6.5,11.956
11/20/2001,6.5,11.958
11/23/2001,6.5,11.96
11/26/2001,6.5,11.962
11/30/2001,6.5,11.947
12/2/2001,6.5,11.932
12/4/2001,6.5,11.934
12/6/2001,6.5,11.936
12/8/2001,6.5,11.938
12/11/2001,6.5,11.941
12/13/2001,6.5,11.943
12/15/2001,6.5,11.945
12/17/2001,6.5,11.947
12/20/2001,6.5,11.932
12/24/2001,6.5,11.917
12/29/2001,6.5,11.919
1/2/2002,6.5,11.921
1/7/2002,6.5,11.923
1/11/2002,6.5,11.926
1/16/2002,6.5,11.928
1/20/2002,6.5,11.93
1/25/2002,6.5,11.932
1/30/2002,6.5,11.917
2/1/2002,6.5,11.879
2/3/2002,6.5,11.884
2/5/2002,6.5,11.89
2/7/2002,6.5,11.895
2/10/2002,6.5,11.901
2/12/2002,6.5,11.906
2/14/2002,6.5,11.912
2/16/2002,6.5,11.917
2/19/2002,6.5,11.879
2/21/2002,6.5,11.84
2/23/2002,6.429,11.846
2/25/2002,6.357,11.851
2/27/2002,6.286,11.857
3/1/2002,6.214,11.862
3/3/2002,6.143,11.868
3/5/2002,6.071,11.873
3/7/2002,6,11.879
3/9/2002,6,11.84
3/14/2002,6,11.802
3/19/2002,6,11.807
3/24/2002,6,11.813
3/29/2002,6,11.818
4/3/2002,6,11.824
4/8/2002,6,11.829
4/13/2002,6,11.835
4/18/2002,6,11.84
4/23/2002,6,11.802
4/25/2002,6,11.764
4/27/2002,6,11.769
4/29/2002,6,11.775
5/1/2002,6,11.78
5/3/2002,6,11.786
5/5/2002,6,11.791
5/7/2002,6,11.797
5/9/2002,6,11.802
5/12/2002,6,11.764
5/14/2002,6,11.726
5/16/2002,5.964,11.731
5/19/2002,5.929,11.737
5/21/2002,5.893,11.742
5/23/2002,5.857,11.748
5/26/2002,5.821,11.753
5/28/2002,5.786,11.759
5/30/2002,5.75,11.764
6/2/2002,5.75,11.726
6/7/2002,5.75,11.688
6/13/2002,5.75,11.693
6/19/2002,5.75,11.699
6/24/2002,5.75,11.704
6/30/2002,5.75,11.71
7/6/2002,5.75,11.715
7/11/2002,5.75,11.721
7/17/2002,5.75,11.726
7/23/2002,5.75,11.688
7/25/2002,5.75,11.649
7/27/2002,5.75,11.655
7/29/2002,5.75,11.66
7/31/2002,5.75,11.666
8/3/2002,5.75,11.671
8/5/2002,5.75,11.677
8/7/2002,5.75,11.682
8/9/2002,5.75,11.688
8/12/2002,5.75,11.649
8/15/2002,5.75,11.611
8/18/2002,5.75,11.616
8/22/2002,5.75,11.622
8/25/2002,5.75,11.627
8/29/2002,5.75,11.633
9/1/2002,5.75,11.638
9/5/2002,5.75,11.644
9/8/2002,5.75,11.649
9/12/2002,5.75,11.611
9/17/2002,5.75,11.573
9/22/2002,5.75,11.578
9/28/2002,5.75,11.584
10/3/2002,5.75,11.589
10/9/2002,5.75,11.595
10/14/2002,5.75,11.6
10/20/2002,5.75,11.606
10/25/2002,5.75,11.611
10/31/2002,5.75,11.573
11/3/2002,5.75,11.534
11/6/2002,5.714,11.54
11/10/2002,5.679,11.545
11/13/2002,5.643,11.551
11/16/2002,5.607,11.556
11/20/2002,5.571,11.562
11/23/2002,5.536,11.567
11/26/2002,5.5,11.573
11/30/2002,5.5,11.534
12/2/2002,5.5,11.496
12/4/2002,5.5,11.501
12/6/2002,5.5,11.507
12/8/2002,5.5,11.512
12/11/2002,5.5,11.518
12/13/2002,5.5,11.523
12/15/2002,5.5,11.529
12/17/2002,5.5,11.534
12/20/2002,5.5,11.496
12/24/2002,5.5,11.458
12/29/2002,5.5,11.463
1/2/2003,5.5,11.469
1/7/2003,5.5,11.474
1/11/2003,5.5,11.48
1/16/2003,5.5,11.485
1/20/2003,5.5,11.491
1/25/2003,5.5,11.496
1/30/2003,5.5,11.458
2/1/2003,5.5,11.413
2/3/2003,5.5,11.419
2/5/2003,5.5,11.426
2/7/2003,5.5,11.432
2/10/2003,5.5,11.439
2/12/2003,5.5,11.445
2/14/2003,5.5,11.452
2/16/2003,5.5,11.458
2/19/2003,5.5,11.413
2/21/2003,5.5,11.368
2/23/2003,5.429,11.374
2/25/2003,5.357,11.381
2/27/2003,5.286,11.387
3/1/2003,5.214,11.394
3/3/2003,5.143,11.4
3/5/2003,5.071,11.407
3/7/2003,5,11.413
3/9/2003,5,11.368
3/14/2003,5,11.323
3/19/2003,5,11.329
3/24/2003,5,11.336
3/29/2003,5,11.342
4/3/2003,5,11.349
4/8/2003,5,11.355
4/13/2003,5,11.362
4/18/2003,5,11.368
4/23/2003,5,11.323
4/25/2003,5,11.278
4/27/2003,5,11.284
4/29/2003,5,11.291
5/1/2003,5,11.297
5/3/2003,5,11.304
5/5/2003,5,11.31
5/7/2003,5,11.317
5/9/2003,5,11.323
5/12/2003,5,11.278
5/14/2003,5,11.233
5/16/2003,5,11.239
5/19/2003,5,11.246
5/21/2003,5,11.252
5/23/2003,5,11.259
5/26/2003,5,11.265
5/28/2003,5,11.272
5/30/2003,5,11.278
6/2/2003,5,11.233
6/7/2003,5,11.188
6/13/2003,5,11.194
6/19/2003,5,11.201
6/24/2003,5,11.207
6/30/2003,5,11.214
7/6/2003,5,11.22
7/11/2003,5,11.227
7/17/2003,5,11.233
7/23/2003,5,11.188
7/25/2003,5,11.142
7/27/2003,4.929,11.149
7/29/2003,4.857,11.155
7/31/2003,4.786,11.162
8/3/2003,4.714,11.168
8/5/2003,4.643,11.175
8/7/2003,4.571,11.181
8/9/2003,4.5,11.188
8/12/2003,4.5,11.142
8/15/2003,4.5,11.097
8/18/2003,4.5,11.103
8/22/2003,4.5,11.11
8/25/2003,4.5,11.116
8/29/2003,4.5,11.123
9/1/2003,4.5,11.129
9/5/2003,4.5,11.136
9/8/2003,4.5,11.142
9/12/2003,4.5,11.097
9/17/2003,4.5,11.052
9/22/2003,4.5,11.058
9/28/2003,4.5,11.065
10/3/2003,4.5,11.071
10/9/2003,4.5,11.078
10/14/2003,4.5,11.084
10/20/2003,4.5,11.091
10/25/2003,4.5,11.097
10/31/2003,4.5,11.052
11/3/2003,4.5,11.007
11/6/2003,4.5,11.013
11/10/2003,4.5,11.02
11/13/2003,4.5,11.026
11/16/2003,4.5,11.033
11/20/2003,4.5,11.039
11/23/2003,4.5,11.046
11/26/2003,4.5,11.052
11/30/2003,4.5,11.007
12/2/2003,4.5,10.962
12/4/2003,4.5,10.968
12/6/2003,4.5,10.975
12/8/2003,4.5,10.981
12/11/2003,4.5,10.988
12/13/2003,4.5,10.994
12/15/2003,4.5,11.001
12/17/2003,4.5,11.007
12/20/2003,4.5,10.962
12/24/2003,4.5,10.917
12/29/2003,4.5,10.923
1/2/2004,4.5,10.93
1/7/2004,4.5,10.936
1/11/2004,4.5,10.943
1/16/2004,4.5,10.949
1/20/2004,4.5,10.956
1/25/2004,4.5,10.962
1/30/2004,4.5,10.917
2/1/2004,4.5,10.903
2/3/2004,4.5,10.905
2/5/2004,4.5,10.907
2/7/2004,4.5,10.909
2/10/2004,4.5,10.911
2/12/2004,4.5,10.913
2/14/2004,4.5,10.915
2/16/2004,4.5,10.917
2/19/2004,4.5,10.903
2/21/2004,4.5,10.889
2/23/2004,4.5,10.891
2/25/2004,4.5,10.893
2/27/2004,4.5,10.895
2/29/2004,4.5,10.897
3/2/2004,4.5,10.899
3/4/2004,4.5,10.901
3/6/2004,4.5,10.903
3/9/2004,4.5,10.889
3/14/2004,4.5,10.875
3/19/2004,4.5,10.877
3/24/2004,4.5,10.879
3/29/2004,4.5,10.881
4/3/2004,4.5,10.883
4/8/2004,4.5,10.885
4/13/2004,4.5,10.887
4/18/2004,4.5,10.889
4/23/2004,4.5,10.875
4/25/2004,4.5,10.861
4/27/2004,4.5,10.863
4/29/2004,4.5,10.865
5/1/2004,4.5,10.867
5/3/2004,4.5,10.869
5/5/2004,4.5,10.871
5/7/2004,4.5,10.873
5/9/2004,4.5,10.875
5/12/2004,4.5,10.861
5/14/2004,4.5,10.847
5/16/2004,4.5,10.849
5/19/2004,4.5,10.851
5/21/2004,4.5,10.853
5/23/2004,4.5,10.855
5/26/2004,4.5,10.857
5/28/2004,4.5,10.859
5/30/2004,4.5,10.861
6/2/2004,4.5,10.847
6/7/2004,4.5,10.834
6/13/2004,4.5,10.836
6/19/2004,4.5,10.838
6/24/2004,4.5,10.84
6/30/2004,4.5,10.841
7/6/2004,4.5,10.843
7/11/2004,4.5,10.845
7/17/2004,4.5,10.847
7/23/2004,4.5,10.834
7/25/2004,4.5,10.82
7/27/2004,4.5,10.822
7/29/2004,4.5,10.824
7/31/2004,4.5,10.826
8/3/2004,4.5,10.828
8/5/2004,4.5,10.83
8/7/2004,4.5,10.832
8/9/2004,4.5,10.834
8/12/2004,4.5,10.82
8/15/2004,4.5,10.806
8/18/2004,4.5,10.808
8/22/2004,4.5,10.81
8/25/2004,4.5,10.812
8/29/2004,4.5,10.814
9/1/2004,4.5,10.816
9/5/2004,4.5,10.818
9/8/2004,4.5,10.82
9/12/2004,4.5,10.806
9/17/2004,4.75,10.792
9/22/2004,4.714,10.794
9/28/2004,4.679,10.796
10/3/2004,4.643,10.798
10/9/2004,4.607,10.8
10/14/2004,4.571,10.802
10/20/2004,4.536,10.804
10/25/2004,4.5,10.806
10/31/2004,4.75,10.792
11/3/2004,6,10.778
11/6/2004,5.821,10.78
11/10/2004,5.643,10.782
11/13/2004,5.464,10.784
11/16/2004,5.286,10.786
11/20/2004,5.107,10.788
11/23/2004,4.929,10.79
11/26/2004,4.75,10.792
11/30/2004,6,10.778
12/2/2004,6,10.764
12/4/2004,6,10.766
12/6/2004,6,10.768
12/8/2004,6,10.77
12/11/2004,6,10.772
12/13/2004,6,10.774
12/15/2004,6,10.776
12/17/2004,6,10.778
12/20/2004,6,10.764
12/24/2004,6,10.75
12/29/2004,6,10.752
1/2/2005,6,10.754
1/7/2005,6,10.756
1/11/2005,6,10.758
1/16/2005,6,10.76
1/20/2005,6,10.762
1/25/2005,6,10.764
1/30/2005,6,10.75
2/1/2005,6,10.75
2/3/2005,6,10.755
2/5/2005,6,10.76
2/7/2005,6,10.765
2/10/2005,6,10.771
2/12/2005,6,10.776
2/14/2005,6,10.781
2/16/2005,6,10.786
2/19/2005,6,10.786
2/21/2005,6,10.786
2/23/2005,6,10.791
2/25/2005,6,10.797
2/27/2005,6,10.802
3/1/2005,6,10.807
3/3/2005,6,10.812
3/5/2005,6,10.818
3/7/2005,6,10.823
3/9/2005,6,10.823
3/14/2005,6,10.823
3/19/2005,6,10.828
3/24/2005,6,10.834
3/29/2005,6,10.839
4/3/2005,6,10.844
4/8/2005,6,10.849
4/13/2005,6,10.855
4/18/2005,6,10.86
4/23/2005,6,10.86
4/25/2005,6,10.86
4/27/2005,6,10.865
4/29/2005,6,10.87
5/1/2005,6,10.875
5/3/2005,6,10.881
5/5/2005,6,10.886
5/7/2005,6,10.891
5/9/2005,6,10.896
5/12/2005,6,10.896
5/14/2005,6,10.896
5/16/2005,6,10.901
5/19/2005,6,10.907
5/21/2005,6,10.912
5/23/2005,6,10.917
5/26/2005,6,10.922
5/28/2005,6,10.928
5/30/2005,6,10.933
6/2/2005,6,10.933
6/7/2005,6,10.933
6/13/2005,6,10.938
6/19/2005,6,10.943
6/24/2005,6,10.948
6/30/2005,6,10.954
7/6/2005,6,10.959
7/11/2005,6,10.964
7/17/2005,6,10.969
7/23/2005,6,10.969
7/25/2005,6,10.969
7/27/2005,6,10.974
7/29/2005,6,10.98
7/31/2005,6,10.985
8/3/2005,6,10.99
8/5/2005,6,10.995
8/7/2005,6,11.001
8/9/2005,6,11.006
8/12/2005,6,11.006
8/15/2005,6,11.006
8/18/2005,6,11.011
8/22/2005,6,11.016
8/25/2005,6,11.021
8/29/2005,6,11.027
9/1/2005,6,11.032
9/5/2005,6,11.037
9/8/2005,6,11.042
9/12/2005,6,11.042
9/17/2005,6,11.042
9/22/2005,6,11.047
9/28/2005,6,11.052
10/3/2005,6,11.057
10/9/2005,6,11.063
10/14/2005,6,11.068
10/20/2005,6,11.073
10/25/2005,6,11.078
10/31/2005,6,11.078
11/3/2005,6.23,11.078
11/6/2005,6.197,11.083
11/10/2005,6.164,11.089
11/13/2005,6.131,11.094
11/16/2005,6.099,11.099
11/20/2005,6.066,11.104
11/23/2005,6.033,11.11
11/26/2005,6,11.115
11/30/2005,6.23,11.115
12/2/2005,6.25,11.115
12/4/2005,6.247,11.12
12/6/2005,6.244,11.126
12/8/2005,6.241,11.131
12/11/2005,6.239,11.136
12/13/2005,6.236,11.141
12/15/2005,6.233,11.147
12/17/2005,6.23,11.152
12/20/2005,6.25,11.152
12/24/2005,6.5,11.152
12/29/2005,6.464,11.157
1/2/2006,6.429,11.162
1/7/2006,6.393,11.167
1/11/2006,6.357,11.173
1/16/2006,6.321,11.178
1/20/2006,6.286,11.183
1/25/2006,6.25,11.188
1/30/2006,6.5,11.188
2/1/2006,6.5,11.188
2/3/2006,6.5,11.21
2/5/2006,6.5,11.232
2/7/2006,6.5,11.254
2/10/2006,6.5,11.275
2/12/2006,6.5,11.297
2/14/2006,6.5,11.319
2/16/2006,6.5,11.341
2/19/2006,6.5,11.341
2/21/2006,6.5,11.341
2/23/2006,6.5,11.363
2/25/2006,6.5,11.385
2/27/2006,6.5,11.407
3/1/2006,6.5,11.428
3/3/2006,6.5,11.45
3/5/2006,6.5,11.472
3/7/2006,6.5,11.494
3/9/2006,6.5,11.494
3/14/2006,6.5,11.494
3/19/2006,6.5,11.516
3/24/2006,6.5,11.537
3/29/2006,6.5,11.559
4/3/2006,6.5,11.581
4/8/2006,6.5,11.603
4/13/2006,6.5,11.624
4/18/2006,6.5,11.646
4/23/2006,6.5,11.646
4/25/2006,6.5,11.646
4/27/2006,6.5,11.668
4/29/2006,6.5,11.69
5/1/2006,6.5,11.712
5/3/2006,6.5,11.733
5/5/2006,6.5,11.755
5/7/2006,6.5,11.777
5/9/2006,6.5,11.799
5/12/2006,6.5,11.799
5/14/2006,6.75,11.799
5/16/2006,6.714,11.821
5/19/2006,6.679,11.843
5/21/2006,6.643,11.865
5/23/2006,6.607,11.886
5/26/2006,6.571,11.908
5/28/2006,6.536,11.93
5/30/2006,6.5,11.952
6/2/2006,6.75,11.952
6/7/2006,7,11.952
6/13/2006,6.964,11.974
6/19/2006,6.929,11.996
6/24/2006,6.893,12.018
6/30/2006,6.857,12.039
7/6/2006,6.821,12.061
7/11/2006,6.786,12.083
7/17/2006,6.75,12.105
7/23/2006,7,12.105
7/25/2006,7,12.105
7/27/2006,7,12.127
7/29/2006,7,12.148
7/31/2006,7,12.17
8/3/2006,7,12.192
8/5/2006,7,12.214
8/7/2006,7,12.235
8/9/2006,7,12.257
8/12/2006,7,12.257
8/15/2006,7,12.257
8/18/2006,7,12.279
8/22/2006,7,12.301
8/25/2006,7,12.323
8/29/2006,7,12.344
9/1/2006,7,12.366
9/5/2006,7,12.388
9/8/2006,7,12.41
9/12/2006,7,12.41
9/17/2006,7,12.41
9/22/2006,7,12.432
9/28/2006,7,12.454
10/3/2006,7,12.476
10/9/2006,7,12.497
10/14/2006,7,12.519
10/20/2006,7,12.541
10/25/2006,7,12.563
10/31/2006,7,12.563
11/3/2006,7,12.563
11/6/2006,7,12.585
11/10/2006,7,12.607
11/13/2006,7,12.629
11/16/2006,7,12.65
11/20/2006,7,12.672
11/23/2006,7,12.694
11/26/2006,7,12.716
11/30/2006,7,12.716
12/2/2006,7,12.716
12/4/2006,7,12.738
12/6/2006,7,12.759
12/8/2006,7,12.781
12/11/2006,7,12.803
12/13/2006,7,12.825
12/15/2006,7,12.846
12/17/2006,7,12.868
12/20/2006,7,12.868
12/24/2006,7,12.868
12/29/2006,7,12.89
1/2/2007,7,12.912
1/7/2007,7,12.934
1/11/2007,7,12.955
1/16/2007,7,12.977
1/20/2007,7,12.999
1/25/2007,7,13.021
1/30/2007,7,13.021
2/1/2007,7,13.021
2/3/2007,7,13.024
2/5/2007,7,13.028
2/7/2007,7,13.031
2/10/2007,7,13.035
2/12/2007,7,13.038
2/14/2007,7,13.042
2/16/2007,7,13.045
2/19/2007,7,13.045
2/21/2007,7,13.045
2/23/2007,7,13.049
2/25/2007,7,13.052
2/27/2007,7,13.056
3/1/2007,7,13.059
3/3/2007,7,13.063
3/5/2007,7,13.066
3/7/2007,7,13.07
3/9/2007,7,13.07
3/14/2007,7,13.07
3/19/2007,7,13.073
3/24/2007,7,13.077
3/29/2007,7,13.08
4/3/2007,7,13.084
4/8/2007,7,13.087
4/13/2007,7,13.091
4/18/2007,7,13.094
4/23/2007,7,13.094
4/25/2007,7,13.094
4/27/2007,7,13.097
4/29/2007,7,13.101
5/1/2007,7,13.104
5/3/2007,7,13.108
5/5/2007,7,13.111
5/7/2007,7,13.115
5/9/2007,7,13.118
5/12/2007,7,13.118
5/14/2007,7,13.118
5/16/2007,7,13.121
5/19/2007,7,13.125
5/21/2007,7,13.128
5/23/2007,7,13.132
5/26/2007,7,13.135
5/28/2007,7,13.139
5/30/2007,7,13.142
6/2/2007,7,13.142
6/7/2007,7,13.142
6/13/2007,7,13.145
6/19/2007,7,13.149
6/24/2007,7,13.152
6/30/2007,7,13.156
7/6/2007,7,13.159
7/11/2007,7,13.163
7/17/2007,7,13.166
7/23/2007,7,13.166
7/25/2007,7,13.166
7/27/2007,7,13.17
7/29/2007,7,13.173
7/31/2007,7,13.177
8/3/2007,7,13.18
8/5/2007,7,13.184
8/7/2007,7,13.187
8/9/2007,7,13.191
8/12/2007,7,13.191
8/15/2007,7,13.191
8/18/2007,7,13.194
8/22/2007,7,13.198
8/25/2007,7,13.201
8/29/2007,7,13.205
9/1/2007,7,13.208
9/5/2007,7,13.212
9/8/2007,7,13.215
9/12/2007,7,13.215
9/17/2007,7,13.215
9/22/2007,7,13.218
9/28/2007,7,13.222
10/3/2007,7,13.225
10/9/2007,7,13.229
10/14/2007,7,13.232
10/20/2007,7,13.236
10/25/2007,7,13.239
10/31/2007,7,13.239
11/3/2007,7,13.239
11/6/2007,7,13.243
11/10/2007,7,13.246
11/13/2007,7,13.25
11/16/2007,7,13.253
11/20/2007,7,13.257
11/23/2007,7,13.26
11/26/2007,7,13.264
11/30/2007,7,13.264
12/2/2007,7,13.264
12/4/2007,7,13.267
12/6/2007,7,13.271
12/8/2007,7,13.274
12/11/2007,7,13.278
12/13/2007,7,13.281
12/15/2007,7,13.285
12/17/2007,7,13.288
12/20/2007,7,13.288
12/24/2007,7,13.288
12/29/2007,7,13.291
1/2/2008,7,13.295
1/7/2008,7,13.298
1/11/2008,7,13.302
1/16/2008,7,13.305
1/20/2008,7,13.309
1/25/2008,7,13.312
1/30/2008,7,13.312
2/1/2008,7,13.218
2/3/2008,7,13.231
2/5/2008,7,13.245
2/7/2008,7,13.258
2/10/2008,7,13.272
2/12/2008,7,13.285
2/14/2008,7,13.299
2/16/2008,7,13.312
2/19/2008,7,13.218
2/21/2008,7,13.125
2/23/2008,7,13.138
2/25/2008,7,13.152
2/27/2008,7,13.165
2/29/2008,7,13.178
3/2/2008,7,13.191
3/4/2008,7,13.205
3/6/2008,7,13.218
3/9/2008,7,13.125
3/14/2008,7,13.031
3/19/2008,7,13.044
3/24/2008,7,13.058
3/29/2008,7,13.071
4/3/2008,7,13.085
4/8/2008,7,13.098
4/13/2008,7,13.112
4/18/2008,7,13.125
4/23/2008,7,13.031
4/25/2008,7,12.937
4/27/2008,7,12.95
4/29/2008,7,12.964
5/1/2008,7,12.977
5/3/2008,7,12.991
5/5/2008,7,13.004
5/7/2008,7,13.018
5/9/2008,7,13.031
5/12/2008,7,12.937
5/14/2008,7,12.844
5/16/2008,7,12.857
5/19/2008,7,12.871
5/21/2008,7,12.884
5/23/2008,7,12.897
5/26/2008,7,12.91
5/28/2008,7,12.924
5/30/2008,7,12.937
6/2/2008,7,12.844
6/7/2008,7,12.75
6/13/2008,7,12.763
6/19/2008,7,12.777
6/24/2008,7,12.79
6/30/2008,7,12.804
7/6/2008,7,12.817
7/11/2008,7,12.831
7/17/2008,7,12.844
7/23/2008,7,12.75
7/25/2008,7,12.656
7/27/2008,7,12.669
7/29/2008,7,12.683
7/31/2008,7,12.696
8/3/2008,7,12.71
8/5/2008,7,12.723
8/7/2008,7,12.737
8/9/2008,7,12.75
8/12/2008,7,12.656
8/15/2008,7,12.563
8/18/2008,7,12.576
8/22/2008,7,12.59
8/25/2008,7,12.603
8/29/2008,7,12.616
9/1/2008,7,12.629
9/5/2008,7,12.643
9/8/2008,7,12.656
9/12/2008,7,12.563
9/17/2008,7,12.469
9/22/2008,7,12.482
9/28/2008,7,12.496
10/3/2008,7,12.509
10/9/2008,7,12.523
10/14/2008,7,12.536
10/20/2008,7,12.55
10/25/2008,7,12.563
10/31/2008,7,12.469
11/3/2008,7,12.375
11/6/2008,7,12.388
11/10/2008,7,12.402
11/13/2008,7,12.415
11/16/2008,7,12.429
11/20/2008,7,12.442
11/23/2008,7,12.456
11/26/2008,7,12.469
11/30/2008,7,12.375
12/2/2008,7,12.282
12/4/2008,6.857,12.295
12/6/2008,6.714,12.309
12/8/2008,6.571,12.322
12/11/2008,6.429,12.335
12/13/2008,6.286,12.348
12/15/2008,6.143,12.362
12/17/2008,6,12.375
12/20/2008,6,12.282
12/24/2008,6,12.188
12/29/2008,5.857,12.201
1/2/2009,5.714,12.215
1/7/2009,5.571,12.228
1/11/2009,5.429,12.242
1/16/2009,5.286,12.255
1/20/2009,5.143,12.269
1/25/2009,5,12.282
1/30/2009,5,12.188
2/1/2009,5,11.867
2/3/2009,5,11.913
2/5/2009,5,11.959
2/7/2009,5,12.005
2/10/2009,5,12.05
2/12/2009,5,12.096
2/14/2009,5,12.142
2/16/2009,5,12.188
2/19/2009,5,11.867
2/21/2009,5,11.546
2/23/2009,5,11.592
2/25/2009,5,11.638
2/27/2009,5,11.684
3/1/2009,5,11.729
3/3/2009,5,11.775
3/5/2009,5,11.821
3/7/2009,5,11.867
3/9/2009,5,11.546
3/14/2009,5,11.224
3/19/2009,4.893,11.27
3/24/2009,4.786,11.316
3/29/2009,4.679,11.362
4/3/2009,4.571,11.408
4/8/2009,4.464,11.454
4/13/2009,4.357,11.5
4/18/2009,4.25,11.546
4/23/2009,4.25,11.224
4/25/2009,4.25,10.903
4/27/2009,4.25,10.949
4/29/2009,4.25,10.995
5/1/2009,4.25,11.041
5/3/2009,4.25,11.086
5/5/2009,4.25,11.132
5/7/2009,4.25,11.178
5/9/2009,4.25,11.224
5/12/2009,4.25,10.903
5/14/2009,4.25,10.582
5/16/2009,4.25,10.628
5/19/2009,4.25,10.674
5/21/2009,4.25,10.72
5/23/2009,4.25,10.765
5/26/2009,4.25,10.811
5/28/2009,4.25,10.857
5/30/2009,4.25,10.903
6/2/2009,4.25,10.582
6/7/2009,4.25,10.26
6/13/2009,4.25,10.306
6/19/2009,4.25,10.352
6/24/2009,4.25,10.398
6/30/2009,4.25,10.444
7/6/2009,4.25,10.49
7/11/2009,4.25,10.536
7/17/2009,4.25,10.582
7/23/2009,4.25,10.26
7/25/2009,4.25,9.939
7/27/2009,4.25,9.985
7/29/2009,4.25,10.031
7/31/2009,4.25,10.077
8/3/2009,4.25,10.122
8/5/2009,4.25,10.168
8/7/2009,4.25,10.214
8/9/2009,4.25,10.26
8/12/2009,4.25,9.939
8/15/2009,4.25,9.618
8/18/2009,4.25,9.664
8/22/2009,4.25,9.71
8/25/2009,4.25,9.756
8/29/2009,4.25,9.801
9/1/2009,4.25,9.847
9/5/2009,4.25,9.893
9/8/2009,4.25,9.939
9/12/2009,4.25,9.618
9/17/2009,4.25,9.297
9/22/2009,4.25,9.343
9/28/2009,4.25,9.389
10/3/2009,4.25,9.435
10/9/2009,4.25,9.48
10/14/2009,4.25,9.526
10/20/2009,4.25,9.572
10/25/2009,4.25,9.618
10/31/2009,4.25,9.297
11/3/2009,4.25,8.976
11/6/2009,4.25,9.022
11/10/2009,4.25,9.068
11/13/2009,4.25,9.114
11/16/2009,4.25,9.159
11/20/2009,4.25,9.205
11/23/2009,4.25,9.251
11/26/2009,4.25,9.297
11/30/2009,4.25,8.976
12/2/2009,4.25,8.654
12/4/2009,4.25,8.7
12/6/2009,4.25,8.746
12/8/2009,4.25,8.792
12/11/2009,4.25,8.838
12/13/2009,4.25,8.884
12/15/2009,4.25,8.93
12/17/2009,4.25,8.976
12/20/2009,4.25,8.654
12/24/2009,4.25,8.333
12/29/2009,4.25,8.379
1/2/2010,4.25,8.425
1/7/2010,4.25,8.471
1/11/2010,4.25,8.516
1/16/2010,4.25,8.562
1/20/2010,4.25,8.608
1/25/2010,4.25,8.654
1/30/2010,4.25,8.333
2/1/2010,4.25,8.333
2/3/2010,4.25,8.355
2/5/2010,4.25,8.377
2/7/2010,4.25,8.399
2/10/2010,4.25,8.42
2/12/2010,4.25,8.442
2/14/2010,4.25,8.464
2/16/2010,4.25,8.486
2/19/2010,4.25,8.486
2/21/2010,4.25,8.486
2/23/2010,4.25,8.508
2/25/2010,4.25,8.53
2/27/2010,4.25,8.552
3/1/2010,4.25,8.573
3/3/2010,4.25,8.595
3/5/2010,4.25,8.617
3/7/2010,4.25,8.639
3/10/2010,4.25,8.639
3/14/2010,4.75,8.639
3/19/2010,4.679,8.661
3/24/2010,4.607,8.683
3/29/2010,4.536,8.705
4/3/2010,4.464,8.726
4/8/2010,4.393,8.748
4/13/2010,4.321,8.77
4/18/2010,4.25,8.792
4/23/2010,4.75,8.792
4/25/2010,4.75,8.792
4/27/2010,4.75,8.814
4/29/2010,4.75,8.835
5/1/2010,4.75,8.857
5/3/2010,4.75,8.879
5/5/2010,4.75,8.901
5/7/2010,4.75,8.922
5/9/2010,4.75,8.944
5/12/2010,4.75,8.944
5/14/2010,5,8.944
5/16/2010,4.964,8.966
5/19/2010,4.929,8.988
5/21/2010,4.893,9.01
5/23/2010,4.857,9.031
5/26/2010,4.821,9.053
5/28/2010,4.786,9.075
5/30/2010,4.75,9.097
6/2/2010,5,9.097
6/7/2010,5.5,9.097
6/13/2010,5.429,9.119
6/19/2010,5.357,9.141
6/24/2010,5.286,9.163
6/30/2010,5.214,9.184
7/6/2010,5.143,9.206
7/11/2010,5.071,9.228
7/17/2010,5,9.25
7/23/2010,5.5,9.25
7/25/2010,5.5,9.25
7/27/2010,5.5,9.272
7/29/2010,5.5,9.294
7/31/2010,5.5,9.316
8/3/2010,5.5,9.337
8/5/2010,5.5,9.359
8/7/2010,5.5,9.381
8/9/2010,5.5,9.403
8/12/2010,5.5,9.403
8/15/2010,6,9.403
8/18/2010,5.929,9.425
8/22/2010,5.857,9.447
8/25/2010,5.786,9.469
8/29/2010,5.714,9.49
9/1/2010,5.643,9.512
9/5/2010,5.571,9.534
9/8/2010,5.5,9.556
9/12/2010,6,9.556
9/17/2010,6,9.556
9/22/2010,6,9.578
9/28/2010,6,9.599
10/3/2010,6,9.621
10/9/2010,6,9.643
10/14/2010,6,9.665
10/20/2010,6,9.686
10/25/2010,6,9.708
10/31/2010,6,9.708
11/3/2010,6.25,9.708
11/6/2010,6.214,9.73
11/10/2010,6.179,9.752
11/13/2010,6.143,9.774
11/16/2010,6.107,9.795
11/20/2010,6.071,9.817
11/23/2010,6.036,9.839
11/26/2010,6,9.861
11/30/2010,6.25,9.861
12/2/2010,6.25,9.861
12/4/2010,6.25,9.883
12/6/2010,6.25,9.905
12/8/2010,6.25,9.927
12/11/2010,6.25,9.948
12/13/2010,6.25,9.97
12/15/2010,6.25,9.992
12/17/2010,6.25,10.014
12/20/2010,6.25,10.014
12/23/2010,6.5,10.014
12/27/2010,6.464,10.036
12/31/2010,6.429,10.058
1/4/2011,6.393,10.08
1/7/2011,6.357,10.101
1/11/2011,6.321,10.123
1/15/2011,6.286,10.145
1/19/2011,6.25,10.167
1/23/2011,6.5,10.167
1/25/2011,6.5,10.167
1/27/2011,6.5,10.172
1/29/2011,6.5,10.177
1/31/2011,6.5,10.182
2/3/2011,6.5,10.188
2/5/2011,6.5,10.193
2/7/2011,6.5,10.198
2/9/2011,6.5,10.203
2/12/2011,6.5,10.203
2/15/2011,6.75,10.203
2/18/2011,6.714,10.208
2/21/2011,6.679,10.214
2/24/2011,6.643,10.219
2/27/2011,6.607,10.224
3/2/2011,6.571,10.229
3/5/2011,6.536,10.235
3/8/2011,6.5,10.24
3/12/2011,6.75,10.24
3/16/2011,6.75,10.24
3/20/2011,6.75,10.245
3/25/2011,6.75,10.25
3/29/2011,6.75,10.255
4/2/2011,6.75,10.261
4/7/2011,6.75,10.266
4/11/2011,6.75,10.271
4/15/2011,6.75,10.276
4/20/2011,6.75,10.276
4/22/2011,7.25,10.276
4/24/2011,7.179,10.281
4/27/2011,7.107,10.287
4/29/2011,7.036,10.292
5/2/2011,6.964,10.297
5/4/2011,6.893,10.302
5/7/2011,6.821,10.308
5/9/2011,6.75,10.313
5/12/2011,7.25,10.313
5/15/2011,7.5,10.313
5/19/2011,7.464,10.318
5/23/2011,7.429,10.323
5/27/2011,7.393,10.328
5/31/2011,7.357,10.334
6/4/2011,7.321,10.339
6/8/2011,7.286,10.344
6/12/2011,7.25,10.349
6/16/2011,7.5,10.349
6/20/2011,8,10.349
6/24/2011,7.929,10.354
6/29/2011,7.857,10.36
7/3/2011,7.786,10.365
7/8/2011,7.714,10.37
7/12/2011,7.643,10.375
7/17/2011,7.571,10.381
7/21/2011,7.5,10.386
7/26/2011,8,10.386
7/30/2011,8,10.386
8/3/2011,8,10.391
8/7/2011,8,10.396
8/11/2011,8,10.401
8/15/2011,8,10.407
8/19/2011,8,10.412
8/23/2011,8,10.417
8/27/2011,8,10.422
8/31/2011,8,10.422
9/1/2011,8.25,10.422
9/3/2011,8.214,10.427
9/5/2011,8.179,10.432
9/7/2011,8.143,10.437
9/8/2011,8.107,10.443
9/10/2011,8.071,10.448
9/12/2011,8.036,10.453
9/14/2011,8,10.458
9/16/2011,8.25,10.458
9/20/2011,8.5,10.458
9/25/2011,8.464,10.463
9/30/2011,8.429,10.469
10/4/2011,8.393,10.474
10/9/2011,8.357,10.479
10/14/2011,8.321,10.484
10/18/2011,8.286,10.49
10/23/2011,8.25,10.495
10/28/2011,8.5,10.495
10/31/2011,8.5,10.495
11/4/2011,8.5,10.5
11/8/2011,8.5,10.505
11/11/2011,8.5,10.51
11/15/2011,8.5,10.516
11/19/2011,8.5,10.521
11/22/2011,8.5,10.526
11/26/2011,8.5,10.531
11/30/2011,8.5,10.531
12/1/2011,8.5,10.531
12/3/2011,8.5,10.536
12/5/2011,8.5,10.542
12/7/2011,8.5,10.547
12/8/2011,8.5,10.552
12/10/2011,8.5,10.557
12/12/2011,8.5,10.563
12/14/2011,8.5,10.568
12/16/2011,8.5,10.568
12/20/2011,8.5,10.568
12/24/2011,8.5,10.573
12/29/2011,8.5,10.578
1/2/2012,8.5,10.583
1/6/2012,8.5,10.589
1/11/2012,8.5,10.594
1/15/2012,8.5,10.599
1/19/2012,8.5,10.604
1/24/2012,8.5,10.604
1/26/2012,8.5,10.578
1/29/2012,8.5,10.582
2/1/2012,8.5,10.585
2/4/2012,8.5,10.589
2/7/2012,8.5,10.593
2/10/2012,8.5,10.597
2/13/2012,8.5,10.6
2/16/2012,8.5,10.604
2/19/2012,8.5,10.578
2/21/2012,8.5,10.552
2/24/2012,8.5,10.556
2/27/2012,8.5,10.559
3/1/2012,8.5,10.563
3/3/2012,8.5,10.567
3/6/2012,8.5,10.571
3/9/2012,8.5,10.574
3/12/2012,8.5,10.578
3/15/2012,8.5,10.552
3/18/2012,8.5,10.526
3/22/2012,8.429,10.53
3/26/2012,8.357,10.533
3/29/2012,8.286,10.537
4/2/2012,8.214,10.541
4/6/2012,8.143,10.545
4/9/2012,8.071,10.548
4/13/2012,8,10.552
4/17/2012,8,10.526
4/21/2012,8,10.5
4/26/2012,8,10.504
5/1/2012,8,10.507
5/6/2012,8,10.511
5/11/2012,8,10.515
5/16/2012,8,10.519
5/21/2012,8,10.522
5/26/2012,8,10.526
5/31/2012,8,10.5
6/2/2012,8,10.474
6/4/2012,8,10.478
6/6/2012,8,10.481
6/8/2012,8,10.485
6/10/2012,8,10.489
6/12/2012,8,10.493
6/14/2012,8,10.496
6/16/2012,8,10.5
6/18/2012,8,10.474
6/22/2012,8,10.448
6/27/2012,8,10.452
7/2/2012,8,10.455
7/7/2012,8,10.459
7/11/2012,8,10.463
7/16/2012,8,10.467
7/21/2012,8,10.47
7/26/2012,8,10.474
7/31/2012,8,10.448
8/3/2012,8,10.422
8/6/2012,8,10.426
8/10/2012,8,10.429
8/13/2012,8,10.433
8/17/2012,8,10.437
8/20/2012,8,10.441
8/24/2012,8,10.444
8/27/2012,8,10.448
8/31/2012,8,10.422
9/1/2012,8,10.396
9/3/2012,8,10.4
9/5/2012,8,10.403
9/7/2012,8,10.407
9/9/2012,8,10.411
9/11/2012,8,10.415
9/13/2012,8,10.418
9/15/2012,8,10.422
9/17/2012,8,10.396
9/21/2012,8,10.37
9/26/2012,8,10.374
10/1/2012,8,10.377
10/6/2012,8,10.381
10/10/2012,8,10.385
10/15/2012,8,10.389
10/20/2012,8,10.392
10/25/2012,8,10.396
10/30/2012,8,10.37
11/2/2012,8,10.344
11/5/2012,8,10.348
11/9/2012,8,10.351
11/12/2012,8,10.355
11/16/2012,8,10.359
11/19/2012,8,10.363
11/23/2012,8,10.366
11/26/2012,8,10.37
11/30/2012,8,10.344
12/2/2012,8,10.318
12/4/2012,8,10.322
12/6/2012,8,10.325
12/8/2012,8,10.329
12/10/2012,8,10.333
12/12/2012,8,10.337
12/14/2012,8,10.34
12/16/2012,8,10.344
12/18/2012,8,10.318
12/22/2012,8,10.292
12/27/2012,7.964,10.296
1/1/2013,7.929,10.299
1/5/2013,7.893,10.303
1/10/2013,7.857,10.307
1/15/2013,7.821,10.311
1/19/2013,7.786,10.314
1/24/2013,7.75,10.318
1/29/2013,7.75,10.292
2/3/2013,7.75,10.287
2/8/2013,7.732,10.288
2/14/2013,7.714,10.288
2/19/2013,7.696,10.289
2/25/2013,7.679,10.29
3/2/2013,7.661,10.291
3/8/2013,7.643,10.291
3/13/2013,7.625,10.292
3/19/2013,7.625,10.287
3/24/2013,7.625,10.282
3/29/2013,7.589,10.283
4/3/2013,7.554,10.283
4/8/2013,7.518,10.284
4/13/2013,7.482,10.285
4/18/2013,7.446,10.286
4/23/2013,7.411,10.286
4/28/2013,7.375,10.287
5/3/2013,7.375,10.282
5/8/2013,7.375,10.276
5/13/2013,7.357,10.277
5/18/2013,7.339,10.278
5/23/2013,7.321,10.279
5/28/2013,7.304,10.279
6/2/2013,7.286,10.28
6/7/2013,7.268,10.281
6/12/2013,7.25,10.282
6/17/2013,7.25,10.276
6/21/2013,7.25,10.271
6/26/2013,7.25,10.272
7/1/2013,7.25,10.272
7/6/2013,7.25,10.273
7/10/2013,7.25,10.274
7/15/2013,7.25,10.275
7/20/2013,7.25,10.275
7/25/2013,7.25,10.276
7/30/2013,7.25,10.271
8/4/2013,7.375,10.266
8/10/2013,7.357,10.267
8/16/2013,7.339,10.267
8/22/2013,7.321,10.268
8/27/2013,7.304,10.269
9/2/2013,7.286,10.27
9/8/2013,7.268,10.27
9/14/2013,7.25,10.271
9/20/2013,7.375,10.266
9/24/2013,7.625,10.26
9/28/2013,7.589,10.261
10/3/2013,7.554,10.262
10/7/2013,7.518,10.263
10/11/2013,7.482,10.263
10/16/2013,7.446,10.264
10/20/2013,7.411,10.265
10/24/2013,7.375,10.266
10/29/2013,7.625,10.26
11/3/2013,7.75,10.255
11/9/2013,7.732,10.256
11/14/2013,7.714,10.256
11/20/2013,7.696,10.257
11/25/2013,7.679,10.258
12/1/2013,7.661,10.259
12/6/2013,7.643,10.259
12/12/2013,7.625,10.26
12/18/2013,7.75,10.255
12/22/2013,7.875,10.25
12/27/2013,7.857,10.251
12/31/2013,7.839,10.251
1/5/2014,7.821,10.252
1/9/2014,7.804,10.253
1/14/2014,7.786,10.254
1/18/2014,7.768,10.254
1/23/2014,7.75,10.255
1/28/2014,7.875,10.25
2/4/2014,8,10.21
2/11/2014,7.982,10.216
2/18/2014,7.964,10.221
2/25/2014,7.946,10.227
3/4/2014,7.929,10.233
3/11/2014,7.911,10.239
3/18/2014,7.893,10.244
3/25/2014,7.875,10.25
4/1/2014,8,10.21
4/8/2014,8,10.169
4/15/2014,8,10.175
4/22/2014,8,10.181
4/29/2014,8,10.187
5/6/2014,8,10.192
5/13/2014,8,10.198
5/20/2014,8,10.204
5/27/2014,8,10.21
6/3/2014,8,10.169
6/10/2014,8,10.129
6/17/2014,8,10.135
6/24/2014,8,10.14
7/1/2014,8,10.146
7/8/2014,8,10.152
7/15/2014,8,10.158
7/22/2014,8,10.163
7/29/2014,8,10.169
8/5/2014,8,10.129
8/11/2014,8,10.089
8/17/2014,8,10.095
8/23/2014,8,10.1
8/29/2014,8,10.106
9/5/2014,8,10.112
9/11/2014,8,10.118
9/17/2014,8,10.123
9/23/2014,8,10.129
9/30/2014,8,10.089
10/7/2014,8,10.048
10/14/2014,8,10.054
10/21/2014,8,10.06
10/28/2014,8,10.066
11/4/2014,8,10.071
11/11/2014,8,10.077
11/18/2014,8,10.083
11/25/2014,8,10.089
12/2/2014,8,10.048
12/6/2014,8,10.008
12/11/2014,7.982,10.014
12/16/2014,7.964,10.019
12/21/2014,7.946,10.025
12/26/2014,7.929,10.031
12/31/2014,7.911,10.037
1/5/2015,7.893,10.042
1/10/2015,7.875,10.048
1/15/2015,7.875,10.008
1/17/2015,7.875,9.966
1/19/2015,7.857,9.972
1/21/2015,7.839,9.978
1/23/2015,7.821,9.984
1/25/2015,7.804,9.99
1/27/2015,7.786,9.996
1/29/2015,7.768,10.002
1/31/2015,7.75,10.008
2/3/2015,7.75,9.966
2/6/2015,7.75,9.924
2/9/2015,7.732,9.93
2/12/2015,7.714,9.936
2/15/2015,7.696,9.942
2/19/2015,7.679,9.948
2/22/2015,7.661,9.954
2/25/2015,7.643,9.96
2/28/2015,7.625,9.966
3/4/2015,7.625,9.924
3/7/2015,7.625,9.882
3/11/2015,7.607,9.888
3/15/2015,7.589,9.894
3/19/2015,7.571,9.9
3/22/2015,7.554,9.906
3/26/2015,7.536,9.912
3/30/2015,7.518,9.918
4/3/2015,7.5,9.924
4/7/2015,7.5,9.882
4/13/2015,7.5,9.84
4/19/2015,7.482,9.846
4/25/2015,7.464,9.852
5/1/2015,7.446,9.858
5/8/2015,7.429,9.864
5/14/2015,7.411,9.87
5/20/2015,7.393,9.876
5/26/2015,7.375,9.882
6/2/2015,7.375,9.84
6/9/2015,7.375,9.798
6/16/2015,7.357,9.804
6/23/2015,7.339,9.81
6/30/2015,7.321,9.816
7/7/2015,7.304,9.822
7/14/2015,7.286,9.828
7/21/2015,7.268,9.834
7/28/2015,7.25,9.84
8/4/2015,7.25,9.798
8/10/2015,7.25,9.756
8/16/2015,7.214,9.762
8/22/2015,7.179,9.768
8/28/2015,7.143,9.774
9/4/2015,7.107,9.78
9/10/2015,7.071,9.786
9/16/2015,7.036,9.792
9/22/2015,7,9.798
9/29/2015,7,9.756
10/6/2015,7,9.714
10/13/2015,6.964,9.72
10/20/2015,6.929,9.726
10/27/2015,6.893,9.732
11/3/2015,6.857,9.738
11/10/2015,6.821,9.744
11/17/2015,6.786,9.75
11/24/2015,6.75,9.756
12/1/2015,6.75,9.714
12/8/2015,6.75,9.672
12/15/2015,6.75,9.678
12/22/2015,6.75,9.684
12/29/2015,6.75,9.69
1/5/2016,6.75,9.696
1/12/2016,6.75,9.702
1/19/2016,6.75,9.708
1/26/2016,6.75,9.714
2/2/2016,6.75,9.672
2/9/2016,6.75,9.645
2/16/2016,6.732,9.649
2/23/2016,6.714,9.653
3/1/2016,6.696,9.657
3/8/2016,6.679,9.66
3/15/2016,6.661,9.664
3/22/2016,6.643,9.668
3/29/2016,6.625,9.672
4/5/2016,6.625,9.645
4/12/2016,6.625,9.617
4/19/2016,6.607,9.621
4/26/2016,6.589,9.625
5/3/2016,6.571,9.629
5/10/2016,6.554,9.633
5/17/2016,6.536,9.637
5/24/2016,6.518,9.641
5/31/2016,6.5,9.645
6/7/2016,6.5,9.617
6/14/2016,6.5,9.59
6/21/2016,6.5,9.594
6/28/2016,6.5,9.598
7/5/2016,6.5,9.602
7/12/2016,6.5,9.605
7/19/2016,6.5,9.609
7/26/2016,6.5,9.613
8/2/2016,6.5,9.617
8/9/2016,6.5,9.59
8/15/2016,6.5,9.563
8/21/2016,6.482,9.567
8/27/2016,6.464,9.571
9/2/2016,6.446,9.575
9/9/2016,6.429,9.578
9/15/2016,6.411,9.582
9/21/2016,6.393,9.586
9/27/2016,6.375,9.59
10/4/2016,6.375,9.563
10/11/2016,6.375,9.535
10/18/2016,6.357,9.539
10/25/2016,6.339,9.543
11/1/2016,6.321,9.547
11/8/2016,6.304,9.551
11/15/2016,6.286,9.555
11/22/2016,6.268,9.559
11/29/2016,6.25,9.563
12/7/2016,6.25,9.535
12/14/2016,6.25,9.508
12/21/2016,6.25,9.512
12/28/2016,6.25,9.516
1/4/2017,6.25,9.52
1/11/2017,6.25,9.523
1/18/2017,6.25,9.527
1/25/2017,6.25,9.531
2/1/2017,6.25,9.535
2/8/2017,6.25,9.508
2/14/2017,6.25,9.499
2/20/2017,6.25,9.5
2/27/2017,6.25,9.502
3/5/2017,6.25,9.503
3/11/2017,6.25,9.504
3/18/2017,6.25,9.505
3/24/2017,6.25,9.507
3/30/2017,6.25,9.508
4/6/2017,6.25,9.499
4/12/2017,6.25,9.49
4/19/2017,6.25,9.491
4/26/2017,6.25,9.493
5/3/2017,6.25,9.494
5/10/2017,6.25,9.495
5/17/2017,6.25,9.496
5/24/2017,6.25,9.498
5/31/2017,6.25,9.499
6/7/2017,6.25,9.49
6/13/2017,6.25,9.481
6/19/2017,6.232,9.482
6/25/2017,6.214,9.484
7/1/2017,6.196,9.485
7/8/2017,6.179,9.486
7/14/2017,6.161,9.487
7/20/2017,6.143,9.489
7/26/2017,6.125,9.49
8/2/2017,6.125,9.481
8/9/2017,6.125,9.472
8/16/2017,6.107,9.473
8/23/2017,6.089,9.475
8/30/2017,6.071,9.476
9/6/2017,6.054,9.477
9/13/2017,6.036,9.478
9/20/2017,6.018,9.48
9/27/2017,6,9.481
10/4/2017,6,9.472
10/11/2017,6,9.463
10/18/2017,6,9.464
10/25/2017,6,9.466
11/1/2017,6,9.467
11/8/2017,6,9.468
11/15/2017,6,9.469
11/22/2017,6,9.471
11/29/2017,6,9.472
12/6/2017,6,9.463
12/13/2017,6,9.454
12/20/2017,6,9.455
12/27/2017,6,9.457
1/3/2018,6,9.458
1/10/2018,6,9.459
1/17/2018,6,9.46
1/24/2018,6,9.462
1/31/2018,6,9.463
2/7/2018,6,9.454
2/13/2018,6,9.454
2/19/2018,6,9.454
2/26/2018,6,9.455
3/4/2018,6,9.455
3/10/2018,6,9.455
3/17/2018,6,9.455
3/23/2018,6,9.456
3/29/2018,6,9.456
4/5/2018,6,9.456
4/11/2018,6.125,9.456
4/18/2018,6.107,9.456
4/25/2018,6.089,9.457
5/2/2018,6.071,9.457
5/9/2018,6.054,9.457
5/16/2018,6.036,9.457
5/23/2018,6.018,9.458
5/30/2018,6,9.458
6/6/2018,6.125,9.458
6/12/2018,6.375,9.458
6/18/2018,6.339,9.458
6/24/2018,6.304,9.459
6/30/2018,6.268,9.459
7/7/2018,6.232,9.459
7/13/2018,6.196,9.459
7/19/2018,6.161,9.46
7/25/2018,6.125,9.46
8/1/2018,6.375,9.46
8/8/2018,6.5,9.46
8/15/2018,6.482,9.46
8/22/2018,6.464,9.461
8/29/2018,6.446,9.461
9/6/2018,6.429,9.461
9/13/2018,6.411,9.461
9/20/2018,6.393,9.462
9/27/2018,6.375,9.462
10/5/2018,6.5,9.462
10/11/2018,6.5,9.462
10/18/2018,6.5,9.462
10/25/2018,6.5,9.463
11/1/2018,6.5,9.463
11/7/2018,6.5,9.463
11/14/2018,6.5,9.463
11/21/2018,6.5,9.464
11/28/2018,6.5,9.464
12/5/2018,6.5,9.464
12/12/2018,6.5,9.464
12/19/2018,6.482,9.464
12/26/2018,6.464,9.465
1/2/2019,6.446,9.465
1/9/2019,6.429,9.465
1/16/2019,6.411,9.465
1/23/2019,6.393,9.466
1/30/2019,6.375,9.466
2/7/2019,6.375,9.466
2/13/2019,6.375,9.413
2/19/2019,6.339,9.421
2/25/2019,6.304,9.428
3/3/2019,6.268,9.436
3/10/2019,6.232,9.443
3/16/2019,6.196,9.451
3/22/2019,6.161,9.458
3/28/2019,6.125,9.466
4/4/2019,6.125,9.413
4/11/2019,6.125,9.361
4/18/2019,6.089,9.368
4/25/2019,6.054,9.376
5/2/2019,6.018,9.383
5/9/2019,5.982,9.391
5/16/2019,5.946,9.398
5/23/2019,5.911,9.406
5/30/2019,5.875,9.413
6/6/2019,5.875,9.361
6/12/2019,5.875,9.308
6/19/2019,5.832,9.316
6/26/2019,5.789,9.323
7/3/2019,5.746,9.331
7/10/2019,5.704,9.338
7/17/2019,5.661,9.346
7/24/2019,5.618,9.353
7/31/2019,5.575,9.361
8/7/2019,5.575,9.308
8/13/2019,5.575,9.255
8/19/2019,5.532,9.263
8/26/2019,5.489,9.27
9/1/2019,5.446,9.278
9/8/2019,5.404,9.285
9/14/2019,5.361,9.293
9/21/2019,5.318,9.3
9/27/2019,5.275,9.308
10/4/2019,5.275,9.255
10/10/2019,5.275,9.203
10/17/2019,5.257,9.21
10/24/2019,5.239,9.218
10/31/2019,5.221,9.225
11/7/2019,5.204,9.233
11/14/2019,5.186,9.24
11/21/2019,5.168,9.248
11/28/2019,5.15,9.255
12/5/2019,5.15,9.203
12/12/2019,5.15,9.15
12/19/2019,5.15,9.158
12/26/2019,5.15,9.165
1/2/2020,5.15,9.173
1/9/2020,5.15,9.18
1/16/2020,5.15,9.188
1/23/2020,5.15,9.195
1/30/2020,5.15,9.203
2/6/2020,5.15,9.15
2/11/2020,5.15,9.075
2/17/2020,5.096,9.086
2/22/2020,5.043,9.096
2/28/2020,4.989,9.107
3/4/2020,4.936,9.118
3/10/2020,4.882,9.129
3/15/2020,4.829,9.139
3/21/2020,4.775,9.15
3/27/2020,4.775,9.075
4/2/2020,4.775,8.999
4/8/2020,4.664,9.01
4/14/2020,4.554,9.021
4/20/2020,4.443,9.032
4/27/2020,4.332,9.042
5/3/2020,4.221,9.053
5/9/2020,4.111,9.064
5/15/2020,4,9.075
5/22/2020,4,8.999
5/30/2020,4,8.924
6/7/2020,4,8.935
6/16/2020,4,8.945
6/24/2020,4,8.956
7/3/2020,4,8.967
7/11/2020,4,8.978
7/20/2020,4,8.988
7/28/2020,4,8.999
8/6/2020,4,8.924
8/13/2020,4,8.849
8/20/2020,4,8.86
8/27/2020,4,8.87
9/3/2020,4,8.881
9/10/2020,4,8.892
9/17/2020,4,8.903
9/24/2020,4,8.913
10/1/2020,4,8.924
10/9/2020,4,8.849
10/15/2020,4,8.773
10/21/2020,4,8.784
10/27/2020,4,8.795
11/2/2020,4,8.806
11/9/2020,4,8.816
11/15/2020,4,8.827
11/21/2020,4,8.838
11/27/2020,4,8.849
12/4/2020,4,8.773
12/11/2020,4,8.698
12/18/2020,4,8.709
12/25/2020,4,8.719
1/1/2021,4,8.73
1/8/2021,4,8.741
1/15/2021,4,8.752
1/22/2021,4,8.762
1/29/2021,4,8.773
2/5/2021,4,8.698
2/11/2021,4,8.676
2/18/2021,4,8.679
2/25/2021,4,8.682
3/4/2021,4,8.685
3/10/2021,4,8.689
3/17/2021,4,8.692
3/24/2021,4,8.695
3/31/2021,4,8.698
4/7/2021,4,8.676
4/13/2021,4,8.654
4/19/2021,4,8.657
4/26/2021,4,8.66
5/2/2021,4,8.663
5/9/2021,4,8.667
5/15/2021,4,8.67
5/22/2021,4,8.673
5/28/2021,4,8.676
6/4/2021,4,8.654
6/11/2021,4,8.632
6/18/2021,4,8.635
6/25/2021,4,8.638
7/2/2021,4,8.641
7/9/2021,4,8.645
7/16/2021,4,8.648
7/23/2021,4,8.651
7/30/2021,4,8.654
8/6/2021,4,8.632
8/13/2021,4,8.611
8/20/2021,4,8.614
8/27/2021,4,8.617
9/3/2021,4,8.62
9/10/2021,4,8.623
9/17/2021,4,8.626
9/24/2021,4,8.629
10/1/2021,4,8.632
10/8/2021,4,8.611
10/14/2021,4,8.589
10/21/2021,4,8.592
10/28/2021,4,8.595
11/4/2021,4,8.598
11/10/2021,4,8.602
11/17/2021,4,8.605
11/24/2021,4,8.608
12/1/2021,4,8.611
12/8/2021,4,8.589
12/15/2021,4,8.567
12/22/2021,4,8.57
12/29/2021,4,8.573
1/5/2022,4,8.576
1/12/2022,4,8.58
1/19/2022,4,8.583
1/26/2022,4,8.586
2/2/2022,4,8.589
2/10/2022,4,8.567
2/16/2022,4,8.567
2/22/2022,4,8.59
3/1/2022,4,8.613
3/7/2022,4,8.636
3/13/2022,4,8.66
3/20/2022,4,8.683
3/26/2022,4,8.706
4/1/2022,4,8.729
4/8/2022,4,8.729
4/10/2022,4.2,8.729
4/13/2022,4.171,8.752
4/16/2022,4.143,8.775
4/19/2022,4.114,8.798
4/22/2022,4.086,8.822
4/25/2022,4.057,8.845
4/28/2022,4.029,8.868
5/1/2022,4,8.891
5/4/2022,4.2,8.891
5/7/2022,4.65,8.891
5/11/2022,4.586,8.914
5/15/2022,4.521,8.937
5/19/2022,4.457,8.96
5/23/2022,4.393,8.984
5/27/2022,4.329,9.007
5/31/2022,4.264,9.03
6/4/2022,4.2,9.053
6/8/2022,4.65,9.053
6/14/2022,5.15,9.053
6/20/2022,5.079,9.076
6/27/2022,5.007,9.099
7/3/2022,4.936,9.122
7/10/2022,4.864,9.145
7/16/2022,4.793,9.168
7/23/2022,4.721,9.191
7/29/2022,4.65,9.214
8/5/2022,5.15,9.214
8/11/2022,5.65,9.214
8/17/2022,5.579,9.237
8/23/2022,5.507,9.26
8/29/2022,5.436,9.283
9/5/2022,5.364,9.307
9/11/2022,5.293,9.33
9/17/2022,5.221,9.353
9/23/2022,5.15,9.376
9/30/2022,5.65,9.376
10/7/2022,6.075,9.376
10/15/2022,6.014,9.399
10/22/2022,5.954,9.422
10/30/2022,5.893,9.445
11/6/2022,5.832,9.469
11/14/2022,5.771,9.492
11/21/2022,5.711,9.515
11/29/2022,5.65,9.538
12/7/2022,6.075,9.538
12/14/2022,6.375,9.538
12/21/2022,6.332,9.561
12/28/2022,6.289,9.584
1/4/2023,6.246,9.607
1/11/2023,6.204,9.631
1/18/2023,6.161,9.654
1/25/2023,6.118,9.677
2/1/2023,6.075,9.7
2/8/2023,6.375,9.7
2/14/2023,6.5,9.7
2/20/2023,6.482,9.705
2/27/2023,6.464,9.709
3/5/2023,6.446,9.714
3/11/2023,6.429,9.719
3/18/2023,6.411,9.724
3/24/2023,6.393,9.728
3/30/2023,6.375,9.733
4/6/2023,6.5,9.733
4/13/2023,6.5,9.733
4/20/2023,6.5,9.738
4/27/2023,6.5,9.743
5/4/2023,6.5,9.748
5/11/2023,6.5,9.752
5/18/2023,6.5,9.757
5/25/2023,6.5,9.762
6/1/2023,6.5,9.767
6/8/2023,6.5,9.767
6/15/2023,6.5,9.767
6/22/2023,6.5,9.772
6/29/2023,6.5,9.776
7/6/2023,6.5,9.781
7/13/2023,6.5,9.786
7/20/2023,6.5,9.791
7/27/2023,6.5,9.795
8/3/2023,6.5,9.8
8/10/2023,6.5,9.8
8/16/2023,6.5,9.8
8/22/2023,6.5,9.805
8/29/2023,6.5,9.809
9/4/2023,6.5,9.814
9/10/2023,6.5,9.819
9/17/2023,6.5,9.824
9/23/2023,6.5,9.828
9/29/2023,6.5,9.833
10/6/2023,6.5,9.833
10/13/2023,6.5,9.833
10/20/2023,6.5,9.838
10/27/2023,6.5,9.843
11/3/2023,6.5,9.848
11/10/2023,6.5,9.852
11/17/2023,6.5,9.857
11/24/2023,6.5,9.862
12/1/2023,6.5,9.867
12/8/2023,6.5,9.867
12/14/2023,6.5,9.867
12/21/2023,6.5,9.872
12/28/2023,6.5,9.876
1/4/2024,6.5,9.881
1/11/2024,6.5,9.886
1/18/2024,6.5,9.891
1/25/2024,6.5,9.895
2/1/2024,6.5,9.9
2/8/2024,6.5,9.9
2/14/2024,6.5,9.9
2/20/2024,6.5,9.902
2/27/2024,6.5,9.905
3/4/2024,6.5,9.907
3/10/2024,6.5,9.91
3/17/2024,6.5,9.912
3/23/2024,6.5,9.915
3/29/2024,6.5,9.917
4/5/2024,6.5,9.917
4/12/2024,6.5,9.917
4/19/2024,6.5,9.919
4/26/2024,6.5,9.922
5/3/2024,6.5,9.924
5/10/2024,6.5,9.926
5/17/2024,6.5,9.928
5/24/2024,6.5,9.931
5/31/2024,6.5,9.933
6/7/2024,6.5,9.933
6/13/2024,6.5,9.933
6/20/2024,6.5,9.935
6/27/2024,6.5,9.938
7/4/2024,6.5,9.94
7/11/2024,6.5,9.943
7/18/2024,6.5,9.945
7/25/2024,6.5,9.948
8/1/2024,6.5,9.95
8/8/2024,6.5,9.95
8/14/2024,6.5,9.95
8/21/2024,6.5,9.952
8/28/2024,6.5,9.955
9/4/2024,6.5,9.957
9/11/2024,6.5,9.96
9/18/2024,6.5,9.962
9/25/2024,6.5,9.965
10/2/2024,6.5,9.967
10/9/2024,6.5,9.967
10/15/2024,6.5,9.967
10/21/2024,6.5,9.969
10/28/2024,6.5,9.972
11/3/2024,6.5,9.974
11/10/2024,6.5,9.976
11/16/2024,6.5,9.978
11/23/2024,6.5,9.981
11/29/2024,6.5,9.983
12/6/2024,6.5,9.983
12/13/2024,6.5,9.983
12/20/2024,6.482,9.985
12/27/2024,6.464,9.988
1/3/2025,6.446,9.99
1/10/2025,6.429,9.993
1/17/2025,6.411,9.995
1/24/2025,6.393,9.998
1/31/2025,6.375,10
2/7/2025,6.375,10
