Date,Average
2000-01-30,8.0
2000-02-01,9.6
2000-02-03,9.371
2000-02-05,9.143
2000-02-07,8.914
2000-02-10,8.686
2000-02-12,8.457
2000-02-14,8.229
2000-02-16,8.0
2000-02-19,9.6
2000-02-21,12.0
2000-02-23,11.657
2000-02-25,11.314
2000-02-27,10.971
2000-02-29,10.629
2000-03-02,10.286
2000-03-04,9.943
2000-03-06,9.6
2000-03-09,12.0
2000-03-14,12.0
2000-03-19,11.857
2000-03-24,11.714
2000-03-29,11.571
2000-04-03,11.429
2000-04-08,11.286
2000-04-13,11.143
2000-04-18,11.0
2000-04-23,11.0
2000-04-25,11.0
2000-04-27,10.786
2000-04-29,10.571
2000-05-01,10.357
2000-05-03,10.143
2000-05-05,9.929
2000-05-07,9.714
2000-05-09,9.5
2000-05-12,9.5
2000-05-14,9.5
2000-05-16,9.464
2000-05-19,9.429
2000-05-21,9.393
2000-05-23,9.357
2000-05-26,9.321
2000-05-28,9.286
2000-05-30,9.25
2000-06-02,9.25
2000-06-07,9.25
2000-06-13,9.229
2000-06-19,9.207
2000-06-24,9.186
2000-06-30,9.164
2000-07-06,9.143
2000-07-11,9.121
2000-07-17,9.1
2000-07-23,9.1
2000-07-25,9.1
2000-07-27,9.086
2000-07-29,9.071
2000-07-31,9.057
2000-08-03,9.043
2000-08-05,9.029
2000-08-07,9.014
2000-08-09,9.0
2000-08-12,9.0
2000-08-15,9.0
2000-08-18,8.964
2000-08-22,8.929
2000-08-25,8.893
2000-08-29,8.857
2000-09-01,8.821
2000-09-05,8.786
2000-09-08,8.75
2000-09-12,8.75
2000-09-17,8.75
2000-09-22,8.679
2000-09-28,8.607
2000-10-03,8.536
2000-10-09,8.464
2000-10-14,8.393
2000-10-20,8.321
2000-10-25,8.25
2000-10-31,8.25
2000-11-03,8.25
2000-11-06,8.214
2000-11-10,8.179
2000-11-13,8.143
2000-11-16,8.107
2000-11-20,8.071
2000-11-23,8.036
2000-11-26,8.0
2000-11-30,8.0
2000-12-02,8.0
2000-12-04,8.0
2000-12-06,8.0
2000-12-08,8.0
2000-12-11,8.0
2000-12-13,8.0
2000-12-15,8.0
2000-12-17,8.0
2000-12-20,8.0
2000-12-24,8.0
2000-12-29,8.0
2001-01-02,8.0
2001-01-07,8.0
2001-01-11,8.0
2001-01-16,8.0
2001-01-20,8.0
2001-01-25,8.0
2001-01-30,8.0
2001-02-01,8.0
2001-02-03,7.929
2001-02-05,7.857
2001-02-07,7.786
2001-02-10,7.714
2001-02-12,7.643
2001-02-14,7.571
2001-02-16,7.5
2001-02-19,7.5
2001-02-21,7.5
2001-02-23,7.429
2001-02-25,7.357
2001-02-27,7.286
2001-03-01,7.214
2001-03-03,7.143
2001-03-05,7.071
2001-03-07,7.0
2001-03-09,7.0
2001-03-14,7.0
2001-03-19,6.964
2001-03-24,6.929
2001-03-29,6.893
2001-04-03,6.857
2001-04-08,6.821
2001-04-13,6.786
2001-04-18,6.75
2001-04-23,6.75
2001-04-25,6.75
2001-04-27,6.75
2001-04-29,6.75
2001-05-01,6.75
2001-05-03,6.75
2001-05-05,6.75
2001-05-07,6.75
2001-05-09,6.75
2001-05-12,6.75
2001-05-14,6.75
2001-05-16,6.714
2001-05-19,6.679
2001-05-21,6.643
2001-05-23,6.607
2001-05-26,6.571
2001-05-28,6.536
2001-05-30,6.5
2001-06-02,6.5
2001-06-07,6.5
2001-06-13,6.5
2001-06-19,6.5
2001-06-24,6.5
2001-06-30,6.5
2001-07-06,6.5
2001-07-11,6.5
2001-07-17,6.5
2001-07-23,6.5
2001-07-25,6.5
2001-07-27,6.5
2001-07-29,6.5
2001-07-31,6.5
2001-08-03,6.5
2001-08-05,6.5
2001-08-07,6.5
2001-08-09,6.5
2001-08-12,6.5
2001-08-15,6.5
2001-08-18,6.5
2001-08-22,6.5
2001-08-25,6.5
2001-08-29,6.5
2001-09-01,6.5
2001-09-05,6.5
2001-09-08,6.5
2001-09-12,6.5
2001-09-17,6.5
2001-09-22,6.5
2001-09-28,6.5
2001-10-03,6.5
2001-10-09,6.5
2001-10-14,6.5
2001-10-20,6.5
2001-10-25,6.5
2001-10-31,6.5
2001-11-03,6.5
2001-11-06,6.5
2001-11-10,6.5
2001-11-13,6.5
2001-11-16,6.5
2001-11-20,6.5
2001-11-23,6.5
2001-11-26,6.5
2001-11-30,6.5
2001-12-02,6.5
2001-12-04,6.5
2001-12-06,6.5
2001-12-08,6.5
2001-12-11,6.5
2001-12-13,6.5
2001-12-15,6.5
2001-12-17,6.5
2001-12-20,6.5
2001-12-24,6.5
2001-12-29,6.5
2002-01-02,6.5
2002-01-07,6.5
2002-01-11,6.5
2002-01-16,6.5
2002-01-20,6.5
2002-01-25,6.5
2002-01-30,6.5
2002-02-01,6.5
2002-02-03,6.5
2002-02-05,6.5
2002-02-07,6.5
2002-02-10,6.5
2002-02-12,6.5
2002-02-14,6.5
2002-02-16,6.5
2002-02-19,6.5
2002-02-21,6.5
2002-02-23,6.429
2002-02-25,6.357
2002-02-27,6.286
2002-03-01,6.214
2002-03-03,6.143
2002-03-05,6.071
2002-03-07,6.0
2002-03-09,6.0
2002-03-14,6.0
2002-03-19,6.0
2002-03-24,6.0
2002-03-29,6.0
2002-04-03,6.0
2002-04-08,6.0
2002-04-13,6.0
2002-04-18,6.0
2002-04-23,6.0
2002-04-25,6.0
2002-04-27,6.0
2002-04-29,6.0
2002-05-01,6.0
2002-05-03,6.0
2002-05-05,6.0
2002-05-07,6.0
2002-05-09,6.0
2002-05-12,6.0
2002-05-14,6.0
2002-05-16,5.964
2002-05-19,5.929
2002-05-21,5.893
2002-05-23,5.857
2002-05-26,5.821
2002-05-28,5.786
2002-05-30,5.75
2002-06-02,5.75
2002-06-07,5.75
2002-06-13,5.75
2002-06-19,5.75
2002-06-24,5.75
2002-06-30,5.75
2002-07-06,5.75
2002-07-11,5.75
2002-07-17,5.75
2002-07-23,5.75
2002-07-25,5.75
2002-07-27,5.75
2002-07-29,5.75
2002-07-31,5.75
2002-08-03,5.75
2002-08-05,5.75
2002-08-07,5.75
2002-08-09,5.75
2002-08-12,5.75
2002-08-15,5.75
2002-08-18,5.75
2002-08-22,5.75
2002-08-25,5.75
2002-08-29,5.75
2002-09-01,5.75
2002-09-05,5.75
2002-09-08,5.75
2002-09-12,5.75
2002-09-17,5.75
2002-09-22,5.75
2002-09-28,5.75
2002-10-03,5.75
2002-10-09,5.75
2002-10-14,5.75
2002-10-20,5.75
2002-10-25,5.75
2002-10-31,5.75
2002-11-03,5.75
2002-11-06,5.714
2002-11-10,5.679
2002-11-13,5.643
2002-11-16,5.607
2002-11-20,5.571
2002-11-23,5.536
2002-11-26,5.5
2002-11-30,5.5
2002-12-02,5.5
2002-12-04,5.5
2002-12-06,5.5
2002-12-08,5.5
2002-12-11,5.5
2002-12-13,5.5
2002-12-15,5.5
2002-12-17,5.5
2002-12-20,5.5
2002-12-24,5.5
2002-12-29,5.5
2003-01-02,5.5
2003-01-07,5.5
2003-01-11,5.5
2003-01-16,5.5
2003-01-20,5.5
2003-01-25,5.5
2003-01-30,5.5
2003-02-01,5.5
2003-02-03,5.5
2003-02-05,5.5
2003-02-07,5.5
2003-02-10,5.5
2003-02-12,5.5
2003-02-14,5.5
2003-02-16,5.5
2003-02-19,5.5
2003-02-21,5.5
2003-02-23,5.429
2003-02-25,5.357
2003-02-27,5.286
2003-03-01,5.214
2003-03-03,5.143
2003-03-05,5.071
2003-03-07,5.0
2003-03-09,5.0
2003-03-14,5.0
2003-03-19,5.0
2003-03-24,5.0
2003-03-29,5.0
2003-04-03,5.0
2003-04-08,5.0
2003-04-13,5.0
2003-04-18,5.0
2003-04-23,5.0
2003-04-25,5.0
2003-04-27,5.0
2003-04-29,5.0
2003-05-01,5.0
2003-05-03,5.0
2003-05-05,5.0
2003-05-07,5.0
2003-05-09,5.0
2003-05-12,5.0
2003-05-14,5.0
2003-05-16,5.0
2003-05-19,5.0
2003-05-21,5.0
2003-05-23,5.0
2003-05-26,5.0
2003-05-28,5.0
2003-05-30,5.0
2003-06-02,5.0
2003-06-07,5.0
2003-06-13,5.0
2003-06-19,5.0
2003-06-24,5.0
2003-06-30,5.0
2003-07-06,5.0
2003-07-11,5.0
2003-07-17,5.0
2003-07-23,5.0
2003-07-25,5.0
2003-07-27,4.929
2003-07-29,4.857
2003-07-31,4.786
2003-08-03,4.714
2003-08-05,4.643
2003-08-07,4.571
2003-08-09,4.5
2003-08-12,4.5
2003-08-15,4.5
2003-08-18,4.5
2003-08-22,4.5
2003-08-25,4.5
2003-08-29,4.5
2003-09-01,4.5
2003-09-05,4.5
2003-09-08,4.5
2003-09-12,4.5
2003-09-17,4.5
2003-09-22,4.5
2003-09-28,4.5
2003-10-03,4.5
2003-10-09,4.5
2003-10-14,4.5
2003-10-20,4.5
2003-10-25,4.5
2003-10-31,4.5
2003-11-03,4.5
2003-11-06,4.5
2003-11-10,4.5
2003-11-13,4.5
2003-11-16,4.5
2003-11-20,4.5
2003-11-23,4.5
2003-11-26,4.5
2003-11-30,4.5
2003-12-02,4.5
2003-12-04,4.5
2003-12-06,4.5
2003-12-08,4.5
2003-12-11,4.5
2003-12-13,4.5
2003-12-15,4.5
2003-12-17,4.5
2003-12-20,4.5
2003-12-24,4.5
2003-12-29,4.5
2004-01-02,4.5
2004-01-07,4.5
2004-01-11,4.5
2004-01-16,4.5
2004-01-20,4.5
2004-01-25,4.5
2004-01-30,4.5
2004-02-01,4.5
2004-02-03,4.5
2004-02-05,4.5
2004-02-07,4.5
2004-02-10,4.5
2004-02-12,4.5
2004-02-14,4.5
2004-02-16,4.5
2004-02-19,4.5
2004-02-21,4.5
2004-02-23,4.5
2004-02-25,4.5
2004-02-27,4.5
2004-02-29,4.5
2004-03-02,4.5
2004-03-04,4.5
2004-03-06,4.5
2004-03-09,4.5
2004-03-14,4.5
2004-03-19,4.5
2004-03-24,4.5
2004-03-29,4.5
2004-04-03,4.5
2004-04-08,4.5
2004-04-13,4.5
2004-04-18,4.5
2004-04-23,4.5
2004-04-25,4.5
2004-04-27,4.5
2004-04-29,4.5
2004-05-01,4.5
2004-05-03,4.5
2004-05-05,4.5
2004-05-07,4.5
2004-05-09,4.5
2004-05-12,4.5
2004-05-14,4.5
2004-05-16,4.5
2004-05-19,4.5
2004-05-21,4.5
2004-05-23,4.5
2004-05-26,4.5
2004-05-28,4.5
2004-05-30,4.5
2004-06-02,4.5
2004-06-07,4.5
2004-06-13,4.5
2004-06-19,4.5
2004-06-24,4.5
2004-06-30,4.5
2004-07-06,4.5
2004-07-11,4.5
2004-07-17,4.5
2004-07-23,4.5
2004-07-25,4.5
2004-07-27,4.5
2004-07-29,4.5
2004-07-31,4.5
2004-08-03,4.5
2004-08-05,4.5
2004-08-07,4.5
2004-08-09,4.5
2004-08-12,4.5
2004-08-15,4.5
2004-08-18,4.5
2004-08-22,4.5
2004-08-25,4.5
2004-08-29,4.5
2004-09-01,4.5
2004-09-05,4.5
2004-09-08,4.5
2004-09-12,4.5
2004-09-17,4.75
2004-09-22,4.714
2004-09-28,4.679
2004-10-03,4.643
2004-10-09,4.607
2004-10-14,4.571
2004-10-20,4.536
2004-10-25,4.5
2004-10-31,4.75
2004-11-03,6.0
2004-11-06,5.821
2004-11-10,5.643
2004-11-13,5.464
2004-11-16,5.286
2004-11-20,5.107
2004-11-23,4.929
2004-11-26,4.75
2004-11-30,6.0
2004-12-02,6.0
2004-12-04,6.0
2004-12-06,6.0
2004-12-08,6.0
2004-12-11,6.0
2004-12-13,6.0
2004-12-15,6.0
2004-12-17,6.0
2004-12-20,6.0
2004-12-24,6.0
2004-12-29,6.0
2005-01-02,6.0
2005-01-07,6.0
2005-01-11,6.0
2005-01-16,6.0
2005-01-20,6.0
2005-01-25,6.0
2005-01-30,6.0
2005-02-01,6.0
2005-02-03,6.0
2005-02-05,6.0
2005-02-07,6.0
2005-02-10,6.0
2005-02-12,6.0
2005-02-14,6.0
2005-02-16,6.0
2005-02-19,6.0
2005-02-21,6.0
2005-02-23,6.0
2005-02-25,6.0
2005-02-27,6.0
2005-03-01,6.0
2005-03-03,6.0
2005-03-05,6.0
2005-03-07,6.0
2005-03-09,6.0
2005-03-14,6.0
2005-03-19,6.0
2005-03-24,6.0
2005-03-29,6.0
2005-04-03,6.0
2005-04-08,6.0
2005-04-13,6.0
2005-04-18,6.0
2005-04-23,6.0
2005-04-25,6.0
2005-04-27,6.0
2005-04-29,6.0
2005-05-01,6.0
2005-05-03,6.0
2005-05-05,6.0
2005-05-07,6.0
2005-05-09,6.0
2005-05-12,6.0
2005-05-14,6.0
2005-05-16,6.0
2005-05-19,6.0
2005-05-21,6.0
2005-05-23,6.0
2005-05-26,6.0
2005-05-28,6.0
2005-05-30,6.0
2005-06-02,6.0
2005-06-07,6.0
2005-06-13,6.0
2005-06-19,6.0
2005-06-24,6.0
2005-06-30,6.0
2005-07-06,6.0
2005-07-11,6.0
2005-07-17,6.0
2005-07-23,6.0
2005-07-25,6.0
2005-07-27,6.0
2005-07-29,6.0
2005-07-31,6.0
2005-08-03,6.0
2005-08-05,6.0
2005-08-07,6.0
2005-08-09,6.0
2005-08-12,6.0
2005-08-15,6.0
2005-08-18,6.0
2005-08-22,6.0
2005-08-25,6.0
2005-08-29,6.0
2005-09-01,6.0
2005-09-05,6.0
2005-09-08,6.0
2005-09-12,6.0
2005-09-17,6.0
2005-09-22,6.0
2005-09-28,6.0
2005-10-03,6.0
2005-10-09,6.0
2005-10-14,6.0
2005-10-20,6.0
2005-10-25,6.0
2005-10-31,6.0
2005-11-03,6.23
2005-11-06,6.197
2005-11-10,6.164
2005-11-13,6.131
2005-11-16,6.099
2005-11-20,6.066
2005-11-23,6.033
2005-11-26,6.0
2005-11-30,6.23
2005-12-02,6.25
2005-12-04,6.247
2005-12-06,6.244
2005-12-08,6.241
2005-12-11,6.239
2005-12-13,6.236
2005-12-15,6.233
2005-12-17,6.23
2005-12-20,6.25
2005-12-24,6.5
2005-12-29,6.464
2006-01-02,6.429
2006-01-07,6.393
2006-01-11,6.357
2006-01-16,6.321
2006-01-20,6.286
2006-01-25,6.25
2006-01-30,6.5
2006-02-01,6.5
2006-02-03,6.5
2006-02-05,6.5
2006-02-07,6.5
2006-02-10,6.5
2006-02-12,6.5
2006-02-14,6.5
2006-02-16,6.5
2006-02-19,6.5
2006-02-21,6.5
2006-02-23,6.5
2006-02-25,6.5
2006-02-27,6.5
2006-03-01,6.5
2006-03-03,6.5
2006-03-05,6.5
2006-03-07,6.5
2006-03-09,6.5
2006-03-14,6.5
2006-03-19,6.5
2006-03-24,6.5
2006-03-29,6.5
2006-04-03,6.5
2006-04-08,6.5
2006-04-13,6.5
2006-04-18,6.5
2006-04-23,6.5
2006-04-25,6.5
2006-04-27,6.5
2006-04-29,6.5
2006-05-01,6.5
2006-05-03,6.5
2006-05-05,6.5
2006-05-07,6.5
2006-05-09,6.5
2006-05-12,6.5
2006-05-14,6.75
2006-05-16,6.714
2006-05-19,6.679
2006-05-21,6.643
2006-05-23,6.607
2006-05-26,6.571
2006-05-28,6.536
2006-05-30,6.5
2006-06-02,6.75
2006-06-07,7.0
2006-06-13,6.964
2006-06-19,6.929
2006-06-24,6.893
2006-06-30,6.857
2006-07-06,6.821
2006-07-11,6.786
2006-07-17,6.75
2006-07-23,7.0
2006-07-25,7.0
2006-07-27,7.0
2006-07-29,7.0
2006-07-31,7.0
2006-08-03,7.0
2006-08-05,7.0
2006-08-07,7.0
2006-08-09,7.0
2006-08-12,7.0
2006-08-15,7.0
2006-08-18,7.0
2006-08-22,7.0
2006-08-25,7.0
2006-08-29,7.0
2006-09-01,7.0
2006-09-05,7.0
2006-09-08,7.0
2006-09-12,7.0
2006-09-17,7.0
2006-09-22,7.0
2006-09-28,7.0
2006-10-03,7.0
2006-10-09,7.0
2006-10-14,7.0
2006-10-20,7.0
2006-10-25,7.0
2006-10-31,7.0
2006-11-03,7.0
2006-11-06,7.0
2006-11-10,7.0
2006-11-13,7.0
2006-11-16,7.0
2006-11-20,7.0
2006-11-23,7.0
2006-11-26,7.0
2006-11-30,7.0
2006-12-02,7.0
2006-12-04,7.0
2006-12-06,7.0
2006-12-08,7.0
2006-12-11,7.0
2006-12-13,7.0
2006-12-15,7.0
2006-12-17,7.0
2006-12-20,7.0
2006-12-24,7.0
2006-12-29,7.0
2007-01-02,7.0
2007-01-07,7.0
2007-01-11,7.0
2007-01-16,7.0
2007-01-20,7.0
2007-01-25,7.0
2007-01-30,7.0
2007-02-01,7.0
2007-02-03,7.0
2007-02-05,7.0
2007-02-07,7.0
2007-02-10,7.0
2007-02-12,7.0
2007-02-14,7.0
2007-02-16,7.0
2007-02-19,7.0
2007-02-21,7.0
2007-02-23,7.0
2007-02-25,7.0
2007-02-27,7.0
2007-03-01,7.0
2007-03-03,7.0
2007-03-05,7.0
2007-03-07,7.0
2007-03-09,7.0
2007-03-14,7.0
2007-03-19,7.0
2007-03-24,7.0
2007-03-29,7.0
2007-04-03,7.0
2007-04-08,7.0
2007-04-13,7.0
2007-04-18,7.0
2007-04-23,7.0
2007-04-25,7.0
2007-04-27,7.0
2007-04-29,7.0
2007-05-01,7.0
2007-05-03,7.0
2007-05-05,7.0
2007-05-07,7.0
2007-05-09,7.0
2007-05-12,7.0
2007-05-14,7.0
2007-05-16,7.0
2007-05-19,7.0
2007-05-21,7.0
2007-05-23,7.0
2007-05-26,7.0
2007-05-28,7.0
2007-05-30,7.0
2007-06-02,7.0
2007-06-07,7.0
2007-06-13,7.0
2007-06-19,7.0
2007-06-24,7.0
2007-06-30,7.0
2007-07-06,7.0
2007-07-11,7.0
2007-07-17,7.0
2007-07-23,7.0
2007-07-25,7.0
2007-07-27,7.0
2007-07-29,7.0
2007-07-31,7.0
2007-08-03,7.0
2007-08-05,7.0
2007-08-07,7.0
2007-08-09,7.0
2007-08-12,7.0
2007-08-15,7.0
2007-08-18,7.0
2007-08-22,7.0
2007-08-25,7.0
2007-08-29,7.0
2007-09-01,7.0
2007-09-05,7.0
2007-09-08,7.0
2007-09-12,7.0
2007-09-17,7.0
2007-09-22,7.0
2007-09-28,7.0
2007-10-03,7.0
2007-10-09,7.0
2007-10-14,7.0
2007-10-20,7.0
2007-10-25,7.0
2007-10-31,7.0
2007-11-03,7.0
2007-11-06,7.0
2007-11-10,7.0
2007-11-13,7.0
2007-11-16,7.0
2007-11-20,7.0
2007-11-23,7.0
2007-11-26,7.0
2007-11-30,7.0
2007-12-02,7.0
2007-12-04,7.0
2007-12-06,7.0
2007-12-08,7.0
2007-12-11,7.0
2007-12-13,7.0
2007-12-15,7.0
2007-12-17,7.0
2007-12-20,7.0
2007-12-24,7.0
2007-12-29,7.0
2008-01-02,7.0
2008-01-07,7.0
2008-01-11,7.0
2008-01-16,7.0
2008-01-20,7.0
2008-01-25,7.0
2008-01-30,7.0
2008-02-01,7.0
2008-02-03,7.0
2008-02-05,7.0
2008-02-07,7.0
2008-02-10,7.0
2008-02-12,7.0
2008-02-14,7.0
2008-02-16,7.0
2008-02-19,7.0
2008-02-21,7.0
2008-02-23,7.0
2008-02-25,7.0
2008-02-27,7.0
2008-02-29,7.0
2008-03-02,7.0
2008-03-04,7.0
2008-03-06,7.0
2008-03-09,7.0
2008-03-14,7.0
2008-03-19,7.0
2008-03-24,7.0
2008-03-29,7.0
2008-04-03,7.0
2008-04-08,7.0
2008-04-13,7.0
2008-04-18,7.0
2008-04-23,7.0
2008-04-25,7.0
2008-04-27,7.0
2008-04-29,7.0
2008-05-01,7.0
2008-05-03,7.0
2008-05-05,7.0
2008-05-07,7.0
2008-05-09,7.0
2008-05-12,7.0
2008-05-14,7.0
2008-05-16,7.0
2008-05-19,7.0
2008-05-21,7.0
2008-05-23,7.0
2008-05-26,7.0
2008-05-28,7.0
2008-05-30,7.0
2008-06-02,7.0
2008-06-07,7.0
2008-06-13,7.0
2008-06-19,7.0
2008-06-24,7.0
2008-06-30,7.0
2008-07-06,7.0
2008-07-11,7.0
2008-07-17,7.0
2008-07-23,7.0
2008-07-25,7.0
2008-07-27,7.0
2008-07-29,7.0
2008-07-31,7.0
2008-08-03,7.0
2008-08-05,7.0
2008-08-07,7.0
2008-08-09,7.0
2008-08-12,7.0
2008-08-15,7.0
2008-08-18,7.0
2008-08-22,7.0
2008-08-25,7.0
2008-08-29,7.0
2008-09-01,7.0
2008-09-05,7.0
2008-09-08,7.0
2008-09-12,7.0
2008-09-17,7.0
2008-09-22,7.0
2008-09-28,7.0
2008-10-03,7.0
2008-10-09,7.0
2008-10-14,7.0
2008-10-20,7.0
2008-10-25,7.0
2008-10-31,7.0
2008-11-03,7.0
2008-11-06,7.0
2008-11-10,7.0
2008-11-13,7.0
2008-11-16,7.0
2008-11-20,7.0
2008-11-23,7.0
2008-11-26,7.0
2008-11-30,7.0
2008-12-02,7.0
2008-12-04,6.857
2008-12-06,6.714
2008-12-08,6.571
2008-12-11,6.429
2008-12-13,6.286
2008-12-15,6.143
2008-12-17,6.0
2008-12-20,6.0
2008-12-24,6.0
2008-12-29,5.857
2009-01-02,5.714
2009-01-07,5.571
2009-01-11,5.429
2009-01-16,5.286
2009-01-20,5.143
2009-01-25,5.0
2009-01-30,5.0
2009-02-01,5.0
2009-02-03,5.0
2009-02-05,5.0
2009-02-07,5.0
2009-02-10,5.0
2009-02-12,5.0
2009-02-14,5.0
2009-02-16,5.0
2009-02-19,5.0
2009-02-21,5.0
2009-02-23,5.0
2009-02-25,5.0
2009-02-27,5.0
2009-03-01,5.0
2009-03-03,5.0
2009-03-05,5.0
2009-03-07,5.0
2009-03-09,5.0
2009-03-14,5.0
2009-03-19,4.893
2009-03-24,4.786
2009-03-29,4.679
2009-04-03,4.571
2009-04-08,4.464
2009-04-13,4.357
2009-04-18,4.25
2009-04-23,4.25
2009-04-25,4.25
2009-04-27,4.25
2009-04-29,4.25
2009-05-01,4.25
2009-05-03,4.25
2009-05-05,4.25
2009-05-07,4.25
2009-05-09,4.25
2009-05-12,4.25
2009-05-14,4.25
2009-05-16,4.25
2009-05-19,4.25
2009-05-21,4.25
2009-05-23,4.25
2009-05-26,4.25
2009-05-28,4.25
2009-05-30,4.25
2009-06-02,4.25
2009-06-07,4.25
2009-06-13,4.25
2009-06-19,4.25
2009-06-24,4.25
2009-06-30,4.25
2009-07-06,4.25
2009-07-11,4.25
2009-07-17,4.25
2009-07-23,4.25
2009-07-25,4.25
2009-07-27,4.25
2009-07-29,4.25
2009-07-31,4.25
2009-08-03,4.25
2009-08-05,4.25
2009-08-07,4.25
2009-08-09,4.25
2009-08-12,4.25
2009-08-15,4.25
2009-08-18,4.25
2009-08-22,4.25
2009-08-25,4.25
2009-08-29,4.25
2009-09-01,4.25
2009-09-05,4.25
2009-09-08,4.25
2009-09-12,4.25
2009-09-17,4.25
2009-09-22,4.25
2009-09-28,4.25
2009-10-03,4.25
2009-10-09,4.25
2009-10-14,4.25
2009-10-20,4.25
2009-10-25,4.25
2009-10-31,4.25
2009-11-03,4.25
2009-11-06,4.25
2009-11-10,4.25
2009-11-13,4.25
2009-11-16,4.25
2009-11-20,4.25
2009-11-23,4.25
2009-11-26,4.25
2009-11-30,4.25
2009-12-02,4.25
2009-12-04,4.25
2009-12-06,4.25
2009-12-08,4.25
2009-12-11,4.25
2009-12-13,4.25
2009-12-15,4.25
2009-12-17,4.25
2009-12-20,4.25
2009-12-24,4.25
2009-12-29,4.25
2010-01-02,4.25
2010-01-07,4.25
2010-01-11,4.25
2010-01-16,4.25
2010-01-20,4.25
2010-01-25,4.25
2010-01-30,4.25
2010-02-01,4.25
2010-02-03,4.25
2010-02-05,4.25
2010-02-07,4.25
2010-02-10,4.25
2010-02-12,4.25
2010-02-14,4.25
2010-02-16,4.25
2010-02-19,4.25
2010-02-21,4.25
2010-02-23,4.25
2010-02-25,4.25
2010-02-27,4.25
2010-03-01,4.25
2010-03-03,4.25
2010-03-05,4.25
2010-03-07,4.25
2010-03-10,4.25
2010-03-14,4.75
2010-03-19,4.679
2010-03-24,4.607
2010-03-29,4.536
2010-04-03,4.464
2010-04-08,4.393
2010-04-13,4.321
2010-04-18,4.25
2010-04-23,4.75
2010-04-25,4.75
2010-04-27,4.75
2010-04-29,4.75
2010-05-01,4.75
2010-05-03,4.75
2010-05-05,4.75
2010-05-07,4.75
2010-05-09,4.75
2010-05-12,4.75
2010-05-14,5.0
2010-05-16,4.964
2010-05-19,4.929
2010-05-21,4.893
2010-05-23,4.857
2010-05-26,4.821
2010-05-28,4.786
2010-05-30,4.75
2010-06-02,5.0
2010-06-07,5.5
2010-06-13,5.429
2010-06-19,5.357
2010-06-24,5.286
2010-06-30,5.214
2010-07-06,5.143
2010-07-11,5.071
2010-07-17,5.0
2010-07-23,5.5
2010-07-25,5.5
2010-07-27,5.5
2010-07-29,5.5
2010-07-31,5.5
2010-08-03,5.5
2010-08-05,5.5
2010-08-07,5.5
2010-08-09,5.5
2010-08-12,5.5
2010-08-15,6.0
2010-08-18,5.929
2010-08-22,5.857
2010-08-25,5.786
2010-08-29,5.714
2010-09-01,5.643
2010-09-05,5.571
2010-09-08,5.5
2010-09-12,6.0
2010-09-17,6.0
2010-09-22,6.0
2010-09-28,6.0
2010-10-03,6.0
2010-10-09,6.0
2010-10-14,6.0
2010-10-20,6.0
2010-10-25,6.0
2010-10-31,6.0
2010-11-03,6.25
2010-11-06,6.214
2010-11-10,6.179
2010-11-13,6.143
2010-11-16,6.107
2010-11-20,6.071
2010-11-23,6.036
2010-11-26,6.0
2010-11-30,6.25
2010-12-02,6.25
2010-12-04,6.25
2010-12-06,6.25
2010-12-08,6.25
2010-12-11,6.25
2010-12-13,6.25
2010-12-15,6.25
2010-12-17,6.25
2010-12-20,6.25
2010-12-23,6.5
2010-12-27,6.464
2010-12-31,6.429
2011-01-04,6.393
2011-01-07,6.357
2011-01-11,6.321
2011-01-15,6.286
2011-01-19,6.25
2011-01-23,6.5
2011-01-25,6.5
2011-01-27,6.5
2011-01-29,6.5
2011-01-31,6.5
2011-02-03,6.5
2011-02-05,6.5
2011-02-07,6.5
2011-02-09,6.5
2011-02-12,6.5
2011-02-15,6.75
2011-02-18,6.714
2011-02-21,6.679
2011-02-24,6.643
2011-02-27,6.607
2011-03-02,6.571
2011-03-05,6.536
2011-03-08,6.5
2011-03-12,6.75
2011-03-16,6.75
2011-03-20,6.75
2011-03-25,6.75
2011-03-29,6.75
2011-04-02,6.75
2011-04-07,6.75
2011-04-11,6.75
2011-04-15,6.75
2011-04-20,6.75
2011-04-22,7.25
2011-04-24,7.179
2011-04-27,7.107
2011-04-29,7.036
2011-05-02,6.964
2011-05-04,6.893
2011-05-07,6.821
2011-05-09,6.75
2011-05-12,7.25
2011-05-15,7.5
2011-05-19,7.464
2011-05-23,7.429
2011-05-27,7.393
2011-05-31,7.357
2011-06-04,7.321
2011-06-08,7.286
2011-06-12,7.25
2011-06-16,7.5
2011-06-20,8.0
2011-06-24,7.929
2011-06-29,7.857
2011-07-03,7.786
2011-07-08,7.714
2011-07-12,7.643
2011-07-17,7.571
2011-07-21,7.5
2011-07-26,8.0
2011-07-30,8.0
2011-08-03,8.0
2011-08-07,8.0
2011-08-11,8.0
2011-08-15,8.0
2011-08-19,8.0
2011-08-23,8.0
2011-08-27,8.0
2011-08-31,8.0
2011-09-01,8.25
2011-09-03,8.214
2011-09-05,8.179
2011-09-07,8.143
2011-09-08,8.107
2011-09-10,8.071
2011-09-12,8.036
2011-09-14,8.0
2011-09-16,8.25
2011-09-20,8.5
2011-09-25,8.464
2011-09-30,8.429
2011-10-04,8.393
2011-10-09,8.357
2011-10-14,8.321
2011-10-18,8.286
2011-10-23,8.25
2011-10-28,8.5
2011-10-31,8.5
2011-11-04,8.5
2011-11-08,8.5
2011-11-11,8.5
2011-11-15,8.5
2011-11-19,8.5
2011-11-22,8.5
2011-11-26,8.5
2011-11-30,8.5
2011-12-01,8.5
2011-12-03,8.5
2011-12-05,8.5
2011-12-07,8.5
2011-12-08,8.5
2011-12-10,8.5
2011-12-12,8.5
2011-12-14,8.5
2011-12-16,8.5
2011-12-20,8.5
2011-12-24,8.5
2011-12-29,8.5
2012-01-02,8.5
2012-01-06,8.5
2012-01-11,8.5
2012-01-15,8.5
2012-01-19,8.5
2012-01-24,8.5
2012-01-26,8.5
2012-01-29,8.5
2012-02-01,8.5
2012-02-04,8.5
2012-02-07,8.5
2012-02-10,8.5
2012-02-13,8.5
2012-02-16,8.5
2012-02-19,8.5
2012-02-21,8.5
2012-02-24,8.5
2012-02-27,8.5
2012-03-01,8.5
2012-03-03,8.5
2012-03-06,8.5
2012-03-09,8.5
2012-03-12,8.5
2012-03-15,8.5
2012-03-18,8.5
2012-03-22,8.429
2012-03-26,8.357
2012-03-29,8.286
2012-04-02,8.214
2012-04-06,8.143
2012-04-09,8.071
2012-04-13,8.0
2012-04-17,8.0
2012-04-21,8.0
2012-04-26,8.0
2012-05-01,8.0
2012-05-06,8.0
2012-05-11,8.0
2012-05-16,8.0
2012-05-21,8.0
2012-05-26,8.0
2012-05-31,8.0
2012-06-02,8.0
2012-06-04,8.0
2012-06-06,8.0
2012-06-08,8.0
2012-06-10,8.0
2012-06-12,8.0
2012-06-14,8.0
2012-06-16,8.0
2012-06-18,8.0
2012-06-22,8.0
2012-06-27,8.0
2012-07-02,8.0
2012-07-07,8.0
2012-07-11,8.0
2012-07-16,8.0
2012-07-21,8.0
2012-07-26,8.0
2012-07-31,8.0
2012-08-03,8.0
2012-08-06,8.0
2012-08-10,8.0
2012-08-13,8.0
2012-08-17,8.0
2012-08-20,8.0
2012-08-24,8.0
2012-08-27,8.0
2012-08-31,8.0
2012-09-01,8.0
2012-09-03,8.0
2012-09-05,8.0
2012-09-07,8.0
2012-09-09,8.0
2012-09-11,8.0
2012-09-13,8.0
2012-09-15,8.0
2012-09-17,8.0
2012-09-21,8.0
2012-09-26,8.0
2012-10-01,8.0
2012-10-06,8.0
2012-10-10,8.0
2012-10-15,8.0
2012-10-20,8.0
2012-10-25,8.0
2012-10-30,8.0
2012-11-02,8.0
2012-11-05,8.0
2012-11-09,8.0
2012-11-12,8.0
2012-11-16,8.0
2012-11-19,8.0
2012-11-23,8.0
2012-11-26,8.0
2012-11-30,8.0
2012-12-02,8.0
2012-12-04,8.0
2012-12-06,8.0
2012-12-08,8.0
2012-12-10,8.0
2012-12-12,8.0
2012-12-14,8.0
2012-12-16,8.0
2012-12-18,8.0
2012-12-22,8.0
2012-12-27,7.964
2013-01-01,7.929
2013-01-05,7.893
2013-01-10,7.857
2013-01-15,7.821
2013-01-19,7.786
2013-01-24,7.75
2013-01-29,7.75
2013-02-03,7.75
2013-02-08,7.732
2013-02-14,7.714
2013-02-19,7.696
2013-02-25,7.679
2013-03-02,7.661
2013-03-08,7.643
2013-03-13,7.625
2013-03-19,7.625
2013-03-24,7.625
2013-03-29,7.589
2013-04-03,7.554
2013-04-08,7.518
2013-04-13,7.482
2013-04-18,7.446
2013-04-23,7.411
2013-04-28,7.375
2013-05-03,7.375
2013-05-08,7.375
2013-05-13,7.357
2013-05-18,7.339
2013-05-23,7.321
2013-05-28,7.304
2013-06-02,7.286
2013-06-07,7.268
2013-06-12,7.25
2013-06-17,7.25
2013-06-21,7.25
2013-06-26,7.25
2013-07-01,7.25
2013-07-06,7.25
2013-07-10,7.25
2013-07-15,7.25
2013-07-20,7.25
2013-07-25,7.25
2013-07-30,7.25
2013-08-04,7.375
2013-08-10,7.357
2013-08-16,7.339
2013-08-22,7.321
2013-08-27,7.304
2013-09-02,7.286
2013-09-08,7.268
2013-09-14,7.25
2013-09-20,7.375
2013-09-24,7.625
2013-09-28,7.589
2013-10-03,7.554
2013-10-07,7.518
2013-10-11,7.482
2013-10-16,7.446
2013-10-20,7.411
2013-10-24,7.375
2013-10-29,7.625
2013-11-03,7.75
2013-11-09,7.732
2013-11-14,7.714
2013-11-20,7.696
2013-11-25,7.679
2013-12-01,7.661
2013-12-06,7.643
2013-12-12,7.625
2013-12-18,7.75
2013-12-22,7.875
2013-12-27,7.857
2013-12-31,7.839
2014-01-05,7.821
2014-01-09,7.804
2014-01-14,7.786
2014-01-18,7.768
2014-01-23,7.75
2014-01-28,7.875
2014-02-04,8.0
2014-02-11,7.982
2014-02-18,7.964
2014-02-25,7.946
2014-03-04,7.929
2014-03-11,7.911
2014-03-18,7.893
2014-03-25,7.875
2014-04-01,8.0
2014-04-08,8.0
2014-04-15,8.0
2014-04-22,8.0
2014-04-29,8.0
2014-05-06,8.0
2014-05-13,8.0
2014-05-20,8.0
2014-05-27,8.0
2014-06-03,8.0
2014-06-10,8.0
2014-06-17,8.0
2014-06-24,8.0
2014-07-01,8.0
2014-07-08,8.0
2014-07-15,8.0
2014-07-22,8.0
2014-07-29,8.0
2014-08-05,8.0
2014-08-11,8.0
2014-08-17,8.0
2014-08-23,8.0
2014-08-29,8.0
2014-09-05,8.0
2014-09-11,8.0
2014-09-17,8.0
2014-09-23,8.0
2014-09-30,8.0
2014-10-07,8.0
2014-10-14,8.0
2014-10-21,8.0
2014-10-28,8.0
2014-11-04,8.0
2014-11-11,8.0
2014-11-18,8.0
2014-11-25,8.0
2014-12-02,8.0
2014-12-06,8.0
2014-12-11,7.982
2014-12-16,7.964
2014-12-21,7.946
2014-12-26,7.929
2014-12-31,7.911
2015-01-05,7.893
2015-01-10,7.875
2015-01-15,7.875
2015-01-17,7.875
2015-01-19,7.857
2015-01-21,7.839
2015-01-23,7.821
2015-01-25,7.804
2015-01-27,7.786
2015-01-29,7.768
2015-01-31,7.75
2015-02-03,7.75
2015-02-06,7.75
2015-02-09,7.732
2015-02-12,7.714
2015-02-15,7.696
2015-02-19,7.679
2015-02-22,7.661
2015-02-25,7.643
2015-02-28,7.625
2015-03-04,7.625
2015-03-07,7.625
2015-03-11,7.607
2015-03-15,7.589
2015-03-19,7.571
2015-03-22,7.554
2015-03-26,7.536
2015-03-30,7.518
2015-04-03,7.5
2015-04-07,7.5
2015-04-13,7.5
2015-04-19,7.482
2015-04-25,7.464
2015-05-01,7.446
2015-05-08,7.429
2015-05-14,7.411
2015-05-20,7.393
2015-05-26,7.375
2015-06-02,7.375
2015-06-09,7.375
2015-06-16,7.357
2015-06-23,7.339
2015-06-30,7.321
2015-07-07,7.304
2015-07-14,7.286
2015-07-21,7.268
2015-07-28,7.25
2015-08-04,7.25
2015-08-10,7.25
2015-08-16,7.214
2015-08-22,7.179
2015-08-28,7.143
2015-09-04,7.107
2015-09-10,7.071
2015-09-16,7.036
2015-09-22,7.0
2015-09-29,7.0
2015-10-06,7.0
2015-10-13,6.964
2015-10-20,6.929
2015-10-27,6.893
2015-11-03,6.857
2015-11-10,6.821
2015-11-17,6.786
2015-11-24,6.75
2015-12-01,6.75
2015-12-08,6.75
2015-12-15,6.75
2015-12-22,6.75
2015-12-29,6.75
2016-01-05,6.75
2016-01-12,6.75
2016-01-19,6.75
2016-01-26,6.75
2016-02-02,6.75
2016-02-09,6.75
2016-02-16,6.732
2016-02-23,6.714
2016-03-01,6.696
2016-03-08,6.679
2016-03-15,6.661
2016-03-22,6.643
2016-03-29,6.625
2016-04-05,6.625
2016-04-12,6.625
2016-04-19,6.607
2016-04-26,6.589
2016-05-03,6.571
2016-05-10,6.554
2016-05-17,6.536
2016-05-24,6.518
2016-05-31,6.5
2016-06-07,6.5
2016-06-14,6.5
2016-06-21,6.5
2016-06-28,6.5
2016-07-05,6.5
2016-07-12,6.5
2016-07-19,6.5
2016-07-26,6.5
2016-08-02,6.5
2016-08-09,6.5
2016-08-15,6.5
2016-08-21,6.482
2016-08-27,6.464
2016-09-02,6.446
2016-09-09,6.429
2016-09-15,6.411
2016-09-21,6.393
2016-09-27,6.375
2016-10-04,6.375
2016-10-11,6.375
2016-10-18,6.357
2016-10-25,6.339
2016-11-01,6.321
2016-11-08,6.304
2016-11-15,6.286
2016-11-22,6.268
2016-11-29,6.25
2016-12-07,6.25
2016-12-14,6.25
2016-12-21,6.25
2016-12-28,6.25
2017-01-04,6.25
2017-01-11,6.25
2017-01-18,6.25
2017-01-25,6.25
2017-02-01,6.25
2017-02-08,6.25
2017-02-14,6.25
2017-02-20,6.25
2017-02-27,6.25
2017-03-05,6.25
2017-03-11,6.25
2017-03-18,6.25
2017-03-24,6.25
2017-03-30,6.25
2017-04-06,6.25
2017-04-12,6.25
2017-04-19,6.25
2017-04-26,6.25
2017-05-03,6.25
2017-05-10,6.25
2017-05-17,6.25
2017-05-24,6.25
2017-05-31,6.25
2017-06-07,6.25
2017-06-13,6.25
2017-06-19,6.232
2017-06-25,6.214
2017-07-01,6.196
2017-07-08,6.179
2017-07-14,6.161
2017-07-20,6.143
2017-07-26,6.125
2017-08-02,6.125
2017-08-09,6.125
2017-08-16,6.107
2017-08-23,6.089
2017-08-30,6.071
2017-09-06,6.054
2017-09-13,6.036
2017-09-20,6.018
2017-09-27,6.0
2017-10-04,6.0
2017-10-11,6.0
2017-10-18,6.0
2017-10-25,6.0
2017-11-01,6.0
2017-11-08,6.0
2017-11-15,6.0
2017-11-22,6.0
2017-11-29,6.0
2017-12-06,6.0
2017-12-13,6.0
2017-12-20,6.0
2017-12-27,6.0
2018-01-03,6.0
2018-01-10,6.0
2018-01-17,6.0
2018-01-24,6.0
2018-01-31,6.0
2018-02-07,6.0
2018-02-13,6.0
2018-02-19,6.0
2018-02-26,6.0
2018-03-04,6.0
2018-03-10,6.0
2018-03-17,6.0
2018-03-23,6.0
2018-03-29,6.0
2018-04-05,6.0
2018-04-11,6.125
2018-04-18,6.107
2018-04-25,6.089
2018-05-02,6.071
2018-05-09,6.054
2018-05-16,6.036
2018-05-23,6.018
2018-05-30,6.0
2018-06-06,6.125
2018-06-12,6.375
2018-06-18,6.339
2018-06-24,6.304
2018-06-30,6.268
2018-07-07,6.232
2018-07-13,6.196
2018-07-19,6.161
2018-07-25,6.125
2018-08-01,6.375
2018-08-08,6.5
2018-08-15,6.482
2018-08-22,6.464
2018-08-29,6.446
2018-09-06,6.429
2018-09-13,6.411
2018-09-20,6.393
2018-09-27,6.375
2018-10-05,6.5
2018-10-11,6.5
2018-10-18,6.5
2018-10-25,6.5
2018-11-01,6.5
2018-11-07,6.5
2018-11-14,6.5
2018-11-21,6.5
2018-11-28,6.5
2018-12-05,6.5
2018-12-12,6.5
2018-12-19,6.482
2018-12-26,6.464
2019-01-02,6.446
2019-01-09,6.429
2019-01-16,6.411
2019-01-23,6.393
2019-01-30,6.375
2019-02-07,6.375
2019-02-13,6.375
2019-02-19,6.339
2019-02-25,6.304
2019-03-03,6.268
2019-03-10,6.232
2019-03-16,6.196
2019-03-22,6.161
2019-03-28,6.125
2019-04-04,6.125
2019-04-11,6.125
2019-04-18,6.089
2019-04-25,6.054
2019-05-02,6.018
2019-05-09,5.982
2019-05-16,5.946
2019-05-23,5.911
2019-05-30,5.875
2019-06-06,5.875
2019-06-12,5.875
2019-06-19,5.832
2019-06-26,5.789
2019-07-03,5.746
2019-07-10,5.704
2019-07-17,5.661
2019-07-24,5.618
2019-07-31,5.575
2019-08-07,5.575
2019-08-13,5.575
2019-08-19,5.532
2019-08-26,5.489
2019-09-01,5.446
2019-09-08,5.404
2019-09-14,5.361
2019-09-21,5.318
2019-09-27,5.275
2019-10-04,5.275
2019-10-10,5.275
2019-10-17,5.257
2019-10-24,5.239
2019-10-31,5.221
2019-11-07,5.204
2019-11-14,5.186
2019-11-21,5.168
2019-11-28,5.15
2019-12-05,5.15
2019-12-12,5.15
2019-12-19,5.15
2019-12-26,5.15
2020-01-02,5.15
2020-01-09,5.15
2020-01-16,5.15
2020-01-23,5.15
2020-01-30,5.15
2020-02-06,5.15
2020-02-11,5.15
2020-02-17,5.096
2020-02-22,5.043
2020-02-28,4.989
2020-03-04,4.936
2020-03-10,4.882
2020-03-15,4.829
2020-03-21,4.775
2020-03-27,4.775
2020-04-02,4.775
2020-04-08,4.664
2020-04-14,4.554
2020-04-20,4.443
2020-04-27,4.332
2020-05-03,4.221
2020-05-09,4.111
2020-05-15,4.0
2020-05-22,4.0
2020-05-30,4.0
2020-06-07,4.0
2020-06-16,4.0
2020-06-24,4.0
2020-07-03,4.0
2020-07-11,4.0
2020-07-20,4.0
2020-07-28,4.0
2020-08-06,4.0
2020-08-13,4.0
2020-08-20,4.0
2020-08-27,4.0
2020-09-03,4.0
2020-09-10,4.0
2020-09-17,4.0
2020-09-24,4.0
2020-10-01,4.0
2020-10-09,4.0
2020-10-15,4.0
2020-10-21,4.0
2020-10-27,4.0
2020-11-02,4.0
2020-11-09,4.0
2020-11-15,4.0
2020-11-21,4.0
2020-11-27,4.0
2020-12-04,4.0
2020-12-11,4.0
2020-12-18,4.0
2020-12-25,4.0
2021-01-01,4.0
2021-01-08,4.0
2021-01-15,4.0
2021-01-22,4.0
2021-01-29,4.0
2021-02-05,4.0
2021-02-11,4.0
2021-02-18,4.0
2021-02-25,4.0
2021-03-04,4.0
2021-03-10,4.0
2021-03-17,4.0
2021-03-24,4.0
2021-03-31,4.0
2021-04-07,4.0
2021-04-13,4.0
2021-04-19,4.0
2021-04-26,4.0
2021-05-02,4.0
2021-05-09,4.0
2021-05-15,4.0
2021-05-22,4.0
2021-05-28,4.0
2021-06-04,4.0
2021-06-11,4.0
2021-06-18,4.0
2021-06-25,4.0
2021-07-02,4.0
2021-07-09,4.0
2021-07-16,4.0
2021-07-23,4.0
2021-07-30,4.0
2021-08-06,4.0
2021-08-13,4.0
2021-08-20,4.0
2021-08-27,4.0
2021-09-03,4.0
2021-09-10,4.0
2021-09-17,4.0
2021-09-24,4.0
2021-10-01,4.0
2021-10-08,4.0
2021-10-14,4.0
2021-10-21,4.0
2021-10-28,4.0
2021-11-04,4.0
2021-11-10,4.0
2021-11-17,4.0
2021-11-24,4.0
2021-12-01,4.0
2021-12-08,4.0
2021-12-15,4.0
2021-12-22,4.0
2021-12-29,4.0
2022-01-05,4.0
2022-01-12,4.0
2022-01-19,4.0
2022-01-26,4.0
2022-02-02,4.0
2022-02-10,4.0
2022-02-16,4.0
2022-02-22,4.0
2022-03-01,4.0
2022-03-07,4.0
2022-03-13,4.0
2022-03-20,4.0
2022-03-26,4.0
2022-04-01,4.0
2022-04-08,4.0
2022-04-10,4.2
2022-04-13,4.171
2022-04-16,4.143
2022-04-19,4.114
2022-04-22,4.086
2022-04-25,4.057
2022-04-28,4.029
2022-05-01,4.0
2022-05-04,4.2
2022-05-07,4.65
2022-05-11,4.586
2022-05-15,4.521
2022-05-19,4.457
2022-05-23,4.393
2022-05-27,4.329
2022-05-31,4.264
2022-06-04,4.2
2022-06-08,4.65
2022-06-14,5.15
2022-06-20,5.079
2022-06-27,5.007
2022-07-03,4.936
2022-07-10,4.864
2022-07-16,4.793
2022-07-23,4.721
2022-07-29,4.65
2022-08-05,5.15
2022-08-11,5.65
2022-08-17,5.579
2022-08-23,5.507
2022-08-29,5.436
2022-09-05,5.364
2022-09-11,5.293
2022-09-17,5.221
2022-09-23,5.15
2022-09-30,5.65
2022-10-07,6.075
2022-10-15,6.014
2022-10-22,5.954
2022-10-30,5.893
2022-11-06,5.832
2022-11-14,5.771
2022-11-21,5.711
2022-11-29,5.65
2022-12-07,6.075
2022-12-14,6.375
2022-12-21,6.332
2022-12-28,6.289
2023-01-04,6.246
2023-01-11,6.204
2023-01-18,6.161
2023-01-25,6.118
2023-02-01,6.075
2023-02-08,6.375
2023-02-14,6.5
2023-02-20,6.482
2023-02-27,6.464
2023-03-05,6.446
2023-03-11,6.429
2023-03-18,6.411
2023-03-24,6.393
2023-03-30,6.375
2023-04-06,6.5
2023-04-13,6.5
2023-04-20,6.5
2023-04-27,6.5
2023-05-04,6.5
2023-05-11,6.5
2023-05-18,6.5
2023-05-25,6.5
2023-06-01,6.5
2023-06-08,6.5
2023-06-15,6.5
2023-06-22,6.5
2023-06-29,6.5
2023-07-06,6.5
2023-07-13,6.5
2023-07-20,6.5
2023-07-27,6.5
2023-08-03,6.5
2023-08-10,6.5
2023-08-16,6.5
2023-08-22,6.5
2023-08-29,6.5
2023-09-04,6.5
2023-09-10,6.5
2023-09-17,6.5
2023-09-23,6.5
2023-09-29,6.5
2023-10-06,6.5
2023-10-13,6.5
2023-10-20,6.5
2023-10-27,6.5
2023-11-03,6.5
2023-11-10,6.5
2023-11-17,6.5
2023-11-24,6.5
2023-12-01,6.5
2023-12-08,6.5
2023-12-14,6.5
2023-12-21,6.5
2023-12-28,6.5
2024-01-04,6.5
2024-01-11,6.5
2024-01-18,6.5
2024-01-25,6.5
2024-02-01,6.5
2024-02-08,6.5
2024-02-14,6.5
2024-02-20,6.5
2024-02-27,6.5
2024-03-04,6.5
2024-03-10,6.5
2024-03-17,6.5
2024-03-23,6.5
2024-03-29,6.5
2024-04-05,6.5
2024-04-12,6.5
2024-04-19,6.5
2024-04-26,6.5
2024-05-03,6.5
2024-05-10,6.5
2024-05-17,6.5
2024-05-24,6.5
2024-05-31,6.5
2024-06-07,6.5
2024-06-13,6.5
2024-06-20,6.5
2024-06-27,6.5
2024-07-04,6.5
2024-07-11,6.5
2024-07-18,6.5
2024-07-25,6.5
2024-08-01,6.5
2024-08-08,6.5
2024-08-14,6.5
2024-08-21,6.5
2024-08-28,6.5
2024-09-04,6.5
2024-09-11,6.5
2024-09-18,6.5
2024-09-25,6.5
2024-10-02,6.5
2024-10-09,6.5
2024-10-15,6.5
2024-10-21,6.5
2024-10-28,6.5
2024-11-03,6.5
2024-11-10,6.5
2024-11-16,6.5
2024-11-23,6.5
2024-11-29,6.5
2024-12-06,6.5
2024-12-13,6.5
2024-12-20,6.482
2024-12-27,6.464
2025-01-03,6.446
2025-01-10,6.429
2025-01-17,6.411
2025-01-24,6.393
2025-01-31,6.375
2025-02-07,6.375
