Date,Average,Inflation Rate
1/30/2000,8,3.8
2/1/2000,9.6,3.8
2/3/2000,9.371,3.807
2/5/2000,9.143,3.814
2/7/2000,8.914,3.821
2/10/2000,8.686,3.829
2/12/2000,8.457,3.836
2/14/2000,8.229,3.843
2/16/2000,8,3.85
2/19/2000,9.6,3.85
2/21/2000,12,3.85
2/23/2000,11.657,3.857
2/25/2000,11.314,3.864
2/27/2000,10.971,3.871
2/29/2000,10.629,3.879
3/2/2000,10.286,3.886
3/4/2000,9.943,3.893
3/6/2000,9.6,3.9
3/9/2000,12,3.9
3/14/2000,12,3.9
3/19/2000,11.857,3.907
3/24/2000,11.714,3.914
3/29/2000,11.571,3.921
4/3/2000,11.429,3.929
4/8/2000,11.286,3.936
4/13/2000,11.143,3.943
4/18/2000,11,3.95
4/23/2000,11,3.95
4/25/2000,11,3.95
4/27/2000,10.786,3.957
4/29/2000,10.571,3.964
5/1/2000,10.357,3.971
5/3/2000,10.143,3.979
5/5/2000,9.929,3.986
5/7/2000,9.714,3.993
5/9/2000,9.5,4
5/12/2000,9.5,4
5/14/2000,9.5,4
5/16/2000,9.464,4.007
5/19/2000,9.429,4.014
5/21/2000,9.393,4.021
5/23/2000,9.357,4.029
5/26/2000,9.321,4.036
5/28/2000,9.286,4.043
5/30/2000,9.25,4.05
6/2/2000,9.25,4.05
6/7/2000,9.25,4.05
6/13/2000,9.229,4.057
6/19/2000,9.207,4.064
6/24/2000,9.186,4.071
6/30/2000,9.164,4.079
7/6/2000,9.143,4.086
7/11/2000,9.121,4.093
7/17/2000,9.1,4.1
7/23/2000,9.1,4.1
7/25/2000,9.1,4.1
7/27/2000,9.086,4.107
7/29/2000,9.071,4.114
7/31/2000,9.057,4.121
8/3/2000,9.043,4.129
8/5/2000,9.029,4.136
8/7/2000,9.014,4.143
8/9/2000,9,4.15
8/12/2000,9,4.15
8/15/2000,9,4.15
8/18/2000,8.964,4.157
8/22/2000,8.929,4.164
8/25/2000,8.893,4.171
8/29/2000,8.857,4.179
9/1/2000,8.821,4.186
9/5/2000,8.786,4.193
9/8/2000,8.75,4.2
9/12/2000,8.75,4.2
9/17/2000,8.75,4.2
9/22/2000,8.679,4.207
9/28/2000,8.607,4.214
10/3/2000,8.536,4.221
10/9/2000,8.464,4.229
10/14/2000,8.393,4.236
10/20/2000,8.321,4.243
10/25/2000,8.25,4.25
10/31/2000,8.25,4.25
11/3/2000,8.25,4.25
11/6/2000,8.214,4.257
11/10/2000,8.179,4.264
11/13/2000,8.143,4.271
11/16/2000,8.107,4.279
11/20/2000,8.071,4.286
11/23/2000,8.036,4.293
11/26/2000,8,4.3
11/30/2000,8,4.3
12/2/2000,8,4.3
12/4/2000,8,4.307
12/6/2000,8,4.314
12/8/2000,8,4.321
12/11/2000,8,4.329
12/13/2000,8,4.336
12/15/2000,8,4.343
12/17/2000,8,4.35
12/20/2000,8,4.35
12/24/2000,8,4.35
12/29/2000,8,4.357
1/2/2001,8,4.364
1/7/2001,8,4.371
1/11/2001,8,4.379
1/16/2001,8,4.386
1/20/2001,8,4.393
1/25/2001,8,4.4
1/30/2001,8,4.4
2/1/2001,8,4.4
2/3/2001,7.929,4.407
2/5/2001,7.857,4.414
2/7/2001,7.786,4.421
2/10/2001,7.714,4.429
2/12/2001,7.643,4.436
2/14/2001,7.571,4.443
2/16/2001,7.5,4.45
2/19/2001,7.5,4.45
2/21/2001,7.5,4.45
2/23/2001,7.429,4.457
2/25/2001,7.357,4.464
2/27/2001,7.286,4.471
3/1/2001,7.214,4.479
3/3/2001,7.143,4.486
3/5/2001,7.071,4.493
3/7/2001,7,4.5
3/9/2001,7,4.5
3/14/2001,7,4.5
3/19/2001,6.964,4.507
3/24/2001,6.929,4.514
3/29/2001,6.893,4.521
4/3/2001,6.857,4.529
4/8/2001,6.821,4.536
4/13/2001,6.786,4.543
4/18/2001,6.75,4.55
4/23/2001,6.75,4.55
4/25/2001,6.75,4.55
4/27/2001,6.75,4.557
4/29/2001,6.75,4.564
5/1/2001,6.75,4.571
5/3/2001,6.75,4.579
5/5/2001,6.75,4.586
5/7/2001,6.75,4.593
5/9/2001,6.75,4.6
5/12/2001,6.75,4.6
5/14/2001,6.75,4.6
5/16/2001,6.714,4.607
5/19/2001,6.679,4.614
5/21/2001,6.643,4.621
5/23/2001,6.607,4.629
5/26/2001,6.571,4.636
5/28/2001,6.536,4.643
5/30/2001,6.5,4.65
6/2/2001,6.5,4.65
6/7/2001,6.5,4.65
6/13/2001,6.5,4.657
6/19/2001,6.5,4.664
6/24/2001,6.5,4.671
6/30/2001,6.5,4.679
7/6/2001,6.5,4.686
7/11/2001,6.5,4.693
7/17/2001,6.5,4.7
7/23/2001,6.5,4.7
7/25/2001,6.5,4.7
7/27/2001,6.5,4.707
7/29/2001,6.5,4.714
7/31/2001,6.5,4.721
8/3/2001,6.5,4.729
8/5/2001,6.5,4.736
8/7/2001,6.5,4.743
8/9/2001,6.5,4.75
8/12/2001,6.5,4.75
8/15/2001,6.5,4.75
8/18/2001,6.5,4.757
8/22/2001,6.5,4.764
8/25/2001,6.5,4.771
8/29/2001,6.5,4.779
9/1/2001,6.5,4.786
9/5/2001,6.5,4.793
9/8/2001,6.5,4.8
9/12/2001,6.5,4.8
9/17/2001,6.5,4.8
9/22/2001,6.5,4.807
9/28/2001,6.5,4.814
10/3/2001,6.5,4.821
10/9/2001,6.5,4.829
10/14/2001,6.5,4.836
10/20/2001,6.5,4.843
10/25/2001,6.5,4.85
10/31/2001,6.5,4.85
11/3/2001,6.5,4.85
11/6/2001,6.5,4.857
11/10/2001,6.5,4.864
11/13/2001,6.5,4.871
11/16/2001,6.5,4.879
11/20/2001,6.5,4.886
11/23/2001,6.5,4.893
11/26/2001,6.5,4.9
11/30/2001,6.5,4.9
12/2/2001,6.5,4.9
12/4/2001,6.5,4.907
12/6/2001,6.5,4.914
12/8/2001,6.5,4.921
12/11/2001,6.5,4.929
12/13/2001,6.5,4.936
12/15/2001,6.5,4.943
12/17/2001,6.5,4.95
12/20/2001,6.5,4.95
12/24/2001,6.5,4.95
12/29/2001,6.5,4.957
1/2/2002,6.5,4.964
1/7/2002,6.5,4.971
1/11/2002,6.5,4.979
1/16/2002,6.5,4.986
1/20/2002,6.5,4.993
1/25/2002,6.5,5
1/30/2002,6.5,5
2/1/2002,6.5,4.925
2/3/2002,6.5,4.936
2/5/2002,6.5,4.946
2/7/2002,6.5,4.957
2/10/2002,6.5,4.968
2/12/2002,6.5,4.979
2/14/2002,6.5,4.989
2/16/2002,6.5,5
2/19/2002,6.5,4.925
2/21/2002,6.5,4.85
2/23/2002,6.429,4.861
2/25/2002,6.357,4.871
2/27/2002,6.286,4.882
3/1/2002,6.214,4.893
3/3/2002,6.143,4.904
3/5/2002,6.071,4.914
3/7/2002,6,4.925
3/9/2002,6,4.85
3/14/2002,6,4.775
3/19/2002,6,4.786
3/24/2002,6,4.796
3/29/2002,6,4.807
4/3/2002,6,4.818
4/8/2002,6,4.829
4/13/2002,6,4.839
4/18/2002,6,4.85
4/23/2002,6,4.775
4/25/2002,6,4.7
4/27/2002,6,4.711
4/29/2002,6,4.721
5/1/2002,6,4.732
5/3/2002,6,4.743
5/5/2002,6,4.754
5/7/2002,6,4.764
5/9/2002,6,4.775
5/12/2002,6,4.7
5/14/2002,6,4.625
5/16/2002,5.964,4.636
5/19/2002,5.929,4.646
5/21/2002,5.893,4.657
5/23/2002,5.857,4.668
5/26/2002,5.821,4.679
5/28/2002,5.786,4.689
5/30/2002,5.75,4.7
6/2/2002,5.75,4.625
6/7/2002,5.75,4.55
6/13/2002,5.75,4.561
6/19/2002,5.75,4.571
6/24/2002,5.75,4.582
6/30/2002,5.75,4.593
7/6/2002,5.75,4.604
7/11/2002,5.75,4.614
7/17/2002,5.75,4.625
7/23/2002,5.75,4.55
7/25/2002,5.75,4.475
7/27/2002,5.75,4.486
7/29/2002,5.75,4.496
7/31/2002,5.75,4.507
8/3/2002,5.75,4.518
8/5/2002,5.75,4.529
8/7/2002,5.75,4.539
8/9/2002,5.75,4.55
8/12/2002,5.75,4.475
8/15/2002,5.75,4.4
8/18/2002,5.75,4.411
8/22/2002,5.75,4.421
8/25/2002,5.75,4.432
8/29/2002,5.75,4.443
9/1/2002,5.75,4.454
9/5/2002,5.75,4.464
9/8/2002,5.75,4.475
9/12/2002,5.75,4.4
9/17/2002,5.75,4.325
9/22/2002,5.75,4.336
9/28/2002,5.75,4.346
10/3/2002,5.75,4.357
10/9/2002,5.75,4.368
10/14/2002,5.75,4.379
10/20/2002,5.75,4.389
10/25/2002,5.75,4.4
10/31/2002,5.75,4.325
11/3/2002,5.75,4.25
11/6/2002,5.714,4.261
11/10/2002,5.679,4.271
11/13/2002,5.643,4.282
11/16/2002,5.607,4.293
11/20/2002,5.571,4.304
11/23/2002,5.536,4.314
11/26/2002,5.5,4.325
11/30/2002,5.5,4.25
12/2/2002,5.5,4.175
12/4/2002,5.5,4.186
12/6/2002,5.5,4.196
12/8/2002,5.5,4.207
12/11/2002,5.5,4.218
12/13/2002,5.5,4.229
12/15/2002,5.5,4.239
12/17/2002,5.5,4.25
12/20/2002,5.5,4.175
12/24/2002,5.5,4.1
12/29/2002,5.5,4.111
1/2/2003,5.5,4.121
1/7/2003,5.5,4.132
1/11/2003,5.5,4.143
1/16/2003,5.5,4.154
1/20/2003,5.5,4.164
1/25/2003,5.5,4.175
1/30/2003,5.5,4.1
2/1/2003,5.5,4.092
2/3/2003,5.5,4.093
2/5/2003,5.5,4.094
2/7/2003,5.5,4.095
2/10/2003,5.5,4.097
2/12/2003,5.5,4.098
2/14/2003,5.5,4.099
2/16/2003,5.5,4.1
2/19/2003,5.5,4.092
2/21/2003,5.5,4.083
2/23/2003,5.429,4.084
2/25/2003,5.357,4.086
2/27/2003,5.286,4.087
3/1/2003,5.214,4.088
3/3/2003,5.143,4.089
3/5/2003,5.071,4.091
3/7/2003,5,4.092
3/9/2003,5,4.083
3/14/2003,5,4.075
3/19/2003,5,4.076
3/24/2003,5,4.077
3/29/2003,5,4.078
4/3/2003,5,4.08
4/8/2003,5,4.081
4/13/2003,5,4.082
4/18/2003,5,4.083
4/23/2003,5,4.075
4/25/2003,5,4.067
4/27/2003,5,4.068
4/29/2003,5,4.069
5/1/2003,5,4.07
5/3/2003,5,4.072
5/5/2003,5,4.073
5/7/2003,5,4.074
5/9/2003,5,4.075
5/12/2003,5,4.067
5/14/2003,5,4.058
5/16/2003,5,4.059
5/19/2003,5,4.061
5/21/2003,5,4.062
5/23/2003,5,4.063
5/26/2003,5,4.064
5/28/2003,5,4.066
5/30/2003,5,4.067
6/2/2003,5,4.058
6/7/2003,5,4.05
6/13/2003,5,4.051
6/19/2003,5,4.052
6/24/2003,5,4.053
6/30/2003,5,4.055
7/6/2003,5,4.056
7/11/2003,5,4.057
7/17/2003,5,4.058
7/23/2003,5,4.05
7/25/2003,5,4.042
7/27/2003,4.929,4.043
7/29/2003,4.857,4.044
7/31/2003,4.786,4.045
8/3/2003,4.714,4.047
8/5/2003,4.643,4.048
8/7/2003,4.571,4.049
8/9/2003,4.5,4.05
8/12/2003,4.5,4.042
8/15/2003,4.5,4.033
8/18/2003,4.5,4.034
8/22/2003,4.5,4.036
8/25/2003,4.5,4.037
8/29/2003,4.5,4.038
9/1/2003,4.5,4.039
9/5/2003,4.5,4.041
9/8/2003,4.5,4.042
9/12/2003,4.5,4.033
9/17/2003,4.5,4.025
9/22/2003,4.5,4.026
9/28/2003,4.5,4.027
10/3/2003,4.5,4.028
10/9/2003,4.5,4.03
10/14/2003,4.5,4.031
10/20/2003,4.5,4.032
10/25/2003,4.5,4.033
10/31/2003,4.5,4.025
11/3/2003,4.5,4.017
11/6/2003,4.5,4.018
11/10/2003,4.5,4.019
11/13/2003,4.5,4.02
11/16/2003,4.5,4.022
11/20/2003,4.5,4.023
11/23/2003,4.5,4.024
11/26/2003,4.5,4.025
11/30/2003,4.5,4.017
12/2/2003,4.5,4.008
12/4/2003,4.5,4.009
12/6/2003,4.5,4.011
12/8/2003,4.5,4.012
12/11/2003,4.5,4.013
12/13/2003,4.5,4.014
12/15/2003,4.5,4.016
12/17/2003,4.5,4.017
12/20/2003,4.5,4.008
12/24/2003,4.5,4
12/29/2003,4.5,4.001
1/2/2004,4.5,4.002
1/7/2004,4.5,4.003
1/11/2004,4.5,4.005
1/16/2004,4.5,4.006
1/20/2004,4.5,4.007
1/25/2004,4.5,4.008
1/30/2004,4.5,4
2/1/2004,4.5,3.975
2/3/2004,4.5,3.979
2/5/2004,4.5,3.982
2/7/2004,4.5,3.986
2/10/2004,4.5,3.989
2/12/2004,4.5,3.993
2/14/2004,4.5,3.996
2/16/2004,4.5,4
2/19/2004,4.5,3.975
2/21/2004,4.5,3.95
2/23/2004,4.5,3.954
2/25/2004,4.5,3.957
2/27/2004,4.5,3.961
2/29/2004,4.5,3.964
3/2/2004,4.5,3.968
3/4/2004,4.5,3.971
3/6/2004,4.5,3.975
3/9/2004,4.5,3.95
3/14/2004,4.5,3.925
3/19/2004,4.5,3.929
3/24/2004,4.5,3.932
3/29/2004,4.5,3.936
4/3/2004,4.5,3.939
4/8/2004,4.5,3.943
4/13/2004,4.5,3.946
4/18/2004,4.5,3.95
4/23/2004,4.5,3.925
4/25/2004,4.5,3.9
4/27/2004,4.5,3.904
4/29/2004,4.5,3.907
5/1/2004,4.5,3.911
5/3/2004,4.5,3.914
5/5/2004,4.5,3.918
5/7/2004,4.5,3.921
5/9/2004,4.5,3.925
5/12/2004,4.5,3.9
5/14/2004,4.5,3.875
5/16/2004,4.5,3.879
5/19/2004,4.5,3.882
5/21/2004,4.5,3.886
5/23/2004,4.5,3.889
5/26/2004,4.5,3.893
5/28/2004,4.5,3.896
5/30/2004,4.5,3.9
6/2/2004,4.5,3.875
6/7/2004,4.5,3.85
6/13/2004,4.5,3.854
6/19/2004,4.5,3.857
6/24/2004,4.5,3.861
6/30/2004,4.5,3.864
7/6/2004,4.5,3.868
7/11/2004,4.5,3.871
7/17/2004,4.5,3.875
7/23/2004,4.5,3.85
7/25/2004,4.5,3.825
7/27/2004,4.5,3.829
7/29/2004,4.5,3.832
7/31/2004,4.5,3.836
8/3/2004,4.5,3.839
8/5/2004,4.5,3.843
8/7/2004,4.5,3.846
8/9/2004,4.5,3.85
8/12/2004,4.5,3.825
8/15/2004,4.5,3.8
8/18/2004,4.5,3.804
8/22/2004,4.5,3.807
8/25/2004,4.5,3.811
8/29/2004,4.5,3.814
9/1/2004,4.5,3.818
9/5/2004,4.5,3.821
9/8/2004,4.5,3.825
9/12/2004,4.5,3.8
9/17/2004,4.75,3.775
9/22/2004,4.714,3.779
9/28/2004,4.679,3.782
10/3/2004,4.643,3.786
10/9/2004,4.607,3.789
10/14/2004,4.571,3.793
10/20/2004,4.536,3.796
10/25/2004,4.5,3.8
10/31/2004,4.75,3.775
11/3/2004,6,3.75
11/6/2004,5.821,3.754
11/10/2004,5.643,3.757
11/13/2004,5.464,3.761
11/16/2004,5.286,3.764
11/20/2004,5.107,3.768
11/23/2004,4.929,3.771
11/26/2004,4.75,3.775
11/30/2004,6,3.75
12/2/2004,6,3.725
12/4/2004,6,3.729
12/6/2004,6,3.732
12/8/2004,6,3.736
12/11/2004,6,3.739
12/13/2004,6,3.743
12/15/2004,6,3.746
12/17/2004,6,3.75
12/20/2004,6,3.725
12/24/2004,6,3.7
12/29/2004,6,3.704
1/2/2005,6,3.707
1/7/2005,6,3.711
1/11/2005,6,3.714
1/16/2005,6,3.718
1/20/2005,6,3.721
1/25/2005,6,3.725
1/30/2005,6,3.7
2/1/2005,6,3.7
2/3/2005,6,3.736
2/5/2005,6,3.771
2/7/2005,6,3.807
2/10/2005,6,3.843
2/12/2005,6,3.879
2/14/2005,6,3.914
2/16/2005,6,3.95
2/19/2005,6,3.95
2/21/2005,6,3.95
2/23/2005,6,3.986
2/25/2005,6,4.021
2/27/2005,6,4.057
3/1/2005,6,4.093
3/3/2005,6,4.129
3/5/2005,6,4.164
3/7/2005,6,4.2
3/9/2005,6,4.2
3/14/2005,6,4.2
3/19/2005,6,4.236
3/24/2005,6,4.271
3/29/2005,6,4.307
4/3/2005,6,4.343
4/8/2005,6,4.379
4/13/2005,6,4.414
4/18/2005,6,4.45
4/23/2005,6,4.45
4/25/2005,6,4.45
4/27/2005,6,4.486
4/29/2005,6,4.521
5/1/2005,6,4.557
5/3/2005,6,4.593
5/5/2005,6,4.629
5/7/2005,6,4.664
5/9/2005,6,4.7
5/12/2005,6,4.7
5/14/2005,6,4.7
5/16/2005,6,4.736
5/19/2005,6,4.771
5/21/2005,6,4.807
5/23/2005,6,4.843
5/26/2005,6,4.879
5/28/2005,6,4.914
5/30/2005,6,4.95
6/2/2005,6,4.95
6/7/2005,6,4.95
6/13/2005,6,4.986
6/19/2005,6,5.021
6/24/2005,6,5.057
6/30/2005,6,5.093
7/6/2005,6,5.129
7/11/2005,6,5.164
7/17/2005,6,5.2
7/23/2005,6,5.2
7/25/2005,6,5.2
7/27/2005,6,5.236
7/29/2005,6,5.271
7/31/2005,6,5.307
8/3/2005,6,5.343
8/5/2005,6,5.379
8/7/2005,6,5.414
8/9/2005,6,5.45
8/12/2005,6,5.45
8/15/2005,6,5.45
8/18/2005,6,5.486
8/22/2005,6,5.521
8/25/2005,6,5.557
8/29/2005,6,5.593
9/1/2005,6,5.629
9/5/2005,6,5.664
9/8/2005,6,5.7
9/12/2005,6,5.7
9/17/2005,6,5.7
9/22/2005,6,5.736
9/28/2005,6,5.771
10/3/2005,6,5.807
10/9/2005,6,5.843
10/14/2005,6,5.879
10/20/2005,6,5.914
10/25/2005,6,5.95
10/31/2005,6,5.95
11/3/2005,6.23,5.95
11/6/2005,6.197,5.986
11/10/2005,6.164,6.021
11/13/2005,6.131,6.057
11/16/2005,6.099,6.093
11/20/2005,6.066,6.129
11/23/2005,6.033,6.164
11/26/2005,6,6.2
11/30/2005,6.23,6.2
12/2/2005,6.25,6.2
12/4/2005,6.247,6.236
12/6/2005,6.244,6.271
12/8/2005,6.241,6.307
12/11/2005,6.239,6.343
12/13/2005,6.236,6.379
12/15/2005,6.233,6.414
12/17/2005,6.23,6.45
12/20/2005,6.25,6.45
12/24/2005,6.5,6.45
12/29/2005,6.464,6.486
1/2/2006,6.429,6.521
1/7/2006,6.393,6.557
1/11/2006,6.357,6.593
1/16/2006,6.321,6.629
1/20/2006,6.286,6.664
1/25/2006,6.25,6.7
1/30/2006,6.5,6.7
2/1/2006,6.5,6.633
2/3/2006,6.5,6.643
2/5/2006,6.5,6.652
2/7/2006,6.5,6.662
2/10/2006,6.5,6.671
2/12/2006,6.5,6.681
2/14/2006,6.5,6.69
2/16/2006,6.5,6.7
2/19/2006,6.5,6.633
2/21/2006,6.5,6.567
2/23/2006,6.5,6.576
2/25/2006,6.5,6.586
2/27/2006,6.5,6.595
3/1/2006,6.5,6.605
3/3/2006,6.5,6.614
3/5/2006,6.5,6.624
3/7/2006,6.5,6.633
3/9/2006,6.5,6.567
3/14/2006,6.5,6.5
3/19/2006,6.5,6.51
3/24/2006,6.5,6.519
3/29/2006,6.5,6.529
4/3/2006,6.5,6.538
4/8/2006,6.5,6.548
4/13/2006,6.5,6.557
4/18/2006,6.5,6.567
4/23/2006,6.5,6.5
4/25/2006,6.5,6.433
4/27/2006,6.5,6.443
4/29/2006,6.5,6.452
5/1/2006,6.5,6.462
5/3/2006,6.5,6.471
5/5/2006,6.5,6.481
5/7/2006,6.5,6.49
5/9/2006,6.5,6.5
5/12/2006,6.5,6.433
5/14/2006,6.75,6.367
5/16/2006,6.714,6.376
5/19/2006,6.679,6.386
5/21/2006,6.643,6.395
5/23/2006,6.607,6.405
5/26/2006,6.571,6.414
5/28/2006,6.536,6.424
5/30/2006,6.5,6.433
6/2/2006,6.75,6.367
6/7/2006,7,6.3
6/13/2006,6.964,6.31
6/19/2006,6.929,6.319
6/24/2006,6.893,6.329
6/30/2006,6.857,6.338
7/6/2006,6.821,6.348
7/11/2006,6.786,6.357
7/17/2006,6.75,6.367
7/23/2006,7,6.3
7/25/2006,7,6.233
7/27/2006,7,6.243
7/29/2006,7,6.252
7/31/2006,7,6.262
8/3/2006,7,6.271
8/5/2006,7,6.281
8/7/2006,7,6.29
8/9/2006,7,6.3
8/12/2006,7,6.233
8/15/2006,7,6.167
8/18/2006,7,6.176
8/22/2006,7,6.186
8/25/2006,7,6.195
8/29/2006,7,6.205
9/1/2006,7,6.214
9/5/2006,7,6.224
9/8/2006,7,6.233
9/12/2006,7,6.167
9/17/2006,7,6.1
9/22/2006,7,6.11
9/28/2006,7,6.119
10/3/2006,7,6.129
10/9/2006,7,6.138
10/14/2006,7,6.148
10/20/2006,7,6.157
10/25/2006,7,6.167
10/31/2006,7,6.1
11/3/2006,7,6.033
11/6/2006,7,6.043
11/10/2006,7,6.052
11/13/2006,7,6.062
11/16/2006,7,6.071
11/20/2006,7,6.081
11/23/2006,7,6.09
11/26/2006,7,6.1
11/30/2006,7,6.033
12/2/2006,7,5.967
12/4/2006,7,5.976
12/6/2006,7,5.986
12/8/2006,7,5.995
12/11/2006,7,6.005
12/13/2006,7,6.014
12/15/2006,7,6.024
12/17/2006,7,6.033
12/20/2006,7,5.967
12/24/2006,7,5.9
12/29/2006,7,5.91
1/2/2007,7,5.919
1/7/2007,7,5.929
1/11/2007,7,5.938
1/16/2007,7,5.948
1/20/2007,7,5.957
1/25/2007,7,5.967
1/30/2007,7,5.9
2/1/2007,7,5.9
2/3/2007,7,5.939
2/5/2007,7,5.979
2/7/2007,7,6.018
2/10/2007,7,6.057
2/12/2007,7,6.096
2/14/2007,7,6.136
2/16/2007,7,6.175
2/19/2007,7,6.175
2/21/2007,7,6.175
2/23/2007,7,6.214
2/25/2007,7,6.254
2/27/2007,7,6.293
3/1/2007,7,6.332
3/3/2007,7,6.371
3/5/2007,7,6.411
3/7/2007,7,6.45
3/9/2007,7,6.45
3/14/2007,7,6.45
3/19/2007,7,6.489
3/24/2007,7,6.529
3/29/2007,7,6.568
4/3/2007,7,6.607
4/8/2007,7,6.646
4/13/2007,7,6.686
4/18/2007,7,6.725
4/23/2007,7,6.725
4/25/2007,7,6.725
4/27/2007,7,6.764
4/29/2007,7,6.804
5/1/2007,7,6.843
5/3/2007,7,6.882
5/5/2007,7,6.921
5/7/2007,7,6.961
5/9/2007,7,7
5/12/2007,7,7
5/14/2007,7,7
5/16/2007,7,7.039
5/19/2007,7,7.079
5/21/2007,7,7.118
5/23/2007,7,7.157
5/26/2007,7,7.196
5/28/2007,7,7.236
5/30/2007,7,7.275
6/2/2007,7,7.275
6/7/2007,7,7.275
6/13/2007,7,7.314
6/19/2007,7,7.354
6/24/2007,7,7.393
6/30/2007,7,7.432
7/6/2007,7,7.471
7/11/2007,7,7.511
7/17/2007,7,7.55
7/23/2007,7,7.55
7/25/2007,7,7.55
7/27/2007,7,7.589
7/29/2007,7,7.629
7/31/2007,7,7.668
8/3/2007,7,7.707
8/5/2007,7,7.746
8/7/2007,7,7.786
8/9/2007,7,7.825
8/12/2007,7,7.825
8/15/2007,7,7.825
8/18/2007,7,7.864
8/22/2007,7,7.904
8/25/2007,7,7.943
8/29/2007,7,7.982
9/1/2007,7,8.021
9/5/2007,7,8.061
9/8/2007,7,8.1
9/12/2007,7,8.1
9/17/2007,7,8.1
9/22/2007,7,8.139
9/28/2007,7,8.179
10/3/2007,7,8.218
10/9/2007,7,8.257
10/14/2007,7,8.296
10/20/2007,7,8.336
10/25/2007,7,8.375
10/31/2007,7,8.375
11/3/2007,7,8.375
11/6/2007,7,8.414
11/10/2007,7,8.454
11/13/2007,7,8.493
11/16/2007,7,8.532
11/20/2007,7,8.571
11/23/2007,7,8.611
11/26/2007,7,8.65
11/30/2007,7,8.65
12/2/2007,7,8.65
12/4/2007,7,8.689
12/6/2007,7,8.729
12/8/2007,7,8.768
12/11/2007,7,8.807
12/13/2007,7,8.846
12/15/2007,7,8.886
12/17/2007,7,8.925
12/20/2007,7,8.925
12/24/2007,7,8.925
12/29/2007,7,8.964
1/2/2008,7,9.004
1/7/2008,7,9.043
1/11/2008,7,9.082
1/16/2008,7,9.121
1/20/2008,7,9.161
1/25/2008,7,9.2
1/30/2008,7,9.2
2/1/2008,7,9.2
2/3/2008,7,9.217
2/5/2008,7,9.233
2/7/2008,7,9.25
2/10/2008,7,9.267
2/12/2008,7,9.284
2/14/2008,7,9.3
2/16/2008,7,9.317
2/19/2008,7,9.317
2/21/2008,7,9.317
2/23/2008,7,9.334
2/25/2008,7,9.35
2/27/2008,7,9.367
2/29/2008,7,9.383
3/2/2008,7,9.4
3/4/2008,7,9.416
3/6/2008,7,9.433
3/9/2008,7,9.433
3/14/2008,7,9.433
3/19/2008,7,9.45
3/24/2008,7,9.466
3/29/2008,7,9.483
4/3/2008,7,9.5
4/8/2008,7,9.517
4/13/2008,7,9.533
4/18/2008,7,9.55
4/23/2008,7,9.55
4/25/2008,7,9.55
4/27/2008,7,9.567
4/29/2008,7,9.583
5/1/2008,7,9.6
5/3/2008,7,9.617
5/5/2008,7,9.634
5/7/2008,7,9.65
5/9/2008,7,9.667
5/12/2008,7,9.667
5/14/2008,7,9.667
5/16/2008,7,9.684
5/19/2008,7,9.7
5/21/2008,7,9.717
5/23/2008,7,9.733
5/26/2008,7,9.75
5/28/2008,7,9.766
5/30/2008,7,9.783
6/2/2008,7,9.783
6/7/2008,7,9.783
6/13/2008,7,9.8
6/19/2008,7,9.816
6/24/2008,7,9.833
6/30/2008,7,9.85
7/6/2008,7,9.867
7/11/2008,7,9.883
7/17/2008,7,9.9
7/23/2008,7,9.9
7/25/2008,7,9.9
7/27/2008,7,9.917
7/29/2008,7,9.933
7/31/2008,7,9.95
8/3/2008,7,9.967
8/5/2008,7,9.984
8/7/2008,7,10
8/9/2008,7,10.017
8/12/2008,7,10.017
8/15/2008,7,10.017
8/18/2008,7,10.034
8/22/2008,7,10.05
8/25/2008,7,10.067
8/29/2008,7,10.083
9/1/2008,7,10.1
9/5/2008,7,10.116
9/8/2008,7,10.133
9/12/2008,7,10.133
9/17/2008,7,10.133
9/22/2008,7,10.15
9/28/2008,7,10.166
10/3/2008,7,10.183
10/9/2008,7,10.2
10/14/2008,7,10.217
10/20/2008,7,10.233
10/25/2008,7,10.25
10/31/2008,7,10.25
11/3/2008,7,10.25
11/6/2008,7,10.267
11/10/2008,7,10.283
11/13/2008,7,10.3
11/16/2008,7,10.317
11/20/2008,7,10.334
11/23/2008,7,10.35
11/26/2008,7,10.367
11/30/2008,7,10.367
12/2/2008,7,10.367
12/4/2008,6.857,10.384
12/6/2008,6.714,10.4
12/8/2008,6.571,10.417
12/11/2008,6.429,10.433
12/13/2008,6.286,10.45
12/15/2008,6.143,10.466
12/17/2008,6,10.483
12/20/2008,6,10.483
12/24/2008,6,10.483
12/29/2008,5.857,10.5
1/2/2009,5.714,10.516
1/7/2009,5.571,10.533
1/11/2009,5.429,10.55
1/16/2009,5.286,10.567
1/20/2009,5.143,10.583
1/25/2009,5,10.6
1/30/2009,5,10.6
2/1/2009,5,10.5
2/3/2009,5,10.514
2/5/2009,5,10.529
2/7/2009,5,10.543
2/10/2009,5,10.557
2/12/2009,5,10.571
2/14/2009,5,10.586
2/16/2009,5,10.6
2/19/2009,5,10.5
2/21/2009,5,10.4
2/23/2009,5,10.414
2/25/2009,5,10.429
2/27/2009,5,10.443
3/1/2009,5,10.457
3/3/2009,5,10.471
3/5/2009,5,10.486
3/7/2009,5,10.5
3/9/2009,5,10.4
3/14/2009,5,10.3
3/19/2009,4.893,10.314
3/24/2009,4.786,10.329
3/29/2009,4.679,10.343
4/3/2009,4.571,10.357
4/8/2009,4.464,10.371
4/13/2009,4.357,10.386
4/18/2009,4.25,10.4
4/23/2009,4.25,10.3
4/25/2009,4.25,10.2
4/27/2009,4.25,10.214
4/29/2009,4.25,10.229
5/1/2009,4.25,10.243
5/3/2009,4.25,10.257
5/5/2009,4.25,10.271
5/7/2009,4.25,10.286
5/9/2009,4.25,10.3
5/12/2009,4.25,10.2
5/14/2009,4.25,10.1
5/16/2009,4.25,10.114
5/19/2009,4.25,10.129
5/21/2009,4.25,10.143
5/23/2009,4.25,10.157
5/26/2009,4.25,10.171
5/28/2009,4.25,10.186
5/30/2009,4.25,10.2
6/2/2009,4.25,10.1
6/7/2009,4.25,10
6/13/2009,4.25,10.014
6/19/2009,4.25,10.029
6/24/2009,4.25,10.043
6/30/2009,4.25,10.057
7/6/2009,4.25,10.071
7/11/2009,4.25,10.086
7/17/2009,4.25,10.1
7/23/2009,4.25,10
7/25/2009,4.25,9.9
7/27/2009,4.25,9.914
7/29/2009,4.25,9.929
7/31/2009,4.25,9.943
8/3/2009,4.25,9.957
8/5/2009,4.25,9.971
8/7/2009,4.25,9.986
8/9/2009,4.25,10
8/12/2009,4.25,9.9
8/15/2009,4.25,9.8
8/18/2009,4.25,9.814
8/22/2009,4.25,9.829
8/25/2009,4.25,9.843
8/29/2009,4.25,9.857
9/1/2009,4.25,9.871
9/5/2009,4.25,9.886
9/8/2009,4.25,9.9
9/12/2009,4.25,9.8
9/17/2009,4.25,9.7
9/22/2009,4.25,9.714
9/28/2009,4.25,9.729
10/3/2009,4.25,9.743
10/9/2009,4.25,9.757
10/14/2009,4.25,9.771
10/20/2009,4.25,9.786
10/25/2009,4.25,9.8
10/31/2009,4.25,9.7
11/3/2009,4.25,9.6
11/6/2009,4.25,9.614
11/10/2009,4.25,9.629
11/13/2009,4.25,9.643
11/16/2009,4.25,9.657
11/20/2009,4.25,9.671
11/23/2009,4.25,9.686
11/26/2009,4.25,9.7
11/30/2009,4.25,9.6
12/2/2009,4.25,9.5
12/4/2009,4.25,9.514
12/6/2009,4.25,9.529
12/8/2009,4.25,9.543
12/11/2009,4.25,9.557
12/13/2009,4.25,9.571
12/15/2009,4.25,9.586
12/17/2009,4.25,9.6
12/20/2009,4.25,9.5
12/24/2009,4.25,9.4
12/29/2009,4.25,9.414
1/2/2010,4.25,9.429
1/7/2010,4.25,9.443
1/11/2010,4.25,9.457
1/16/2010,4.25,9.471
1/20/2010,4.25,9.486
1/25/2010,4.25,9.5
1/30/2010,4.25,9.4
2/1/2010,4.25,9.292
2/3/2010,4.25,9.307
2/5/2010,4.25,9.323
2/7/2010,4.25,9.338
2/10/2010,4.25,9.354
2/12/2010,4.25,9.369
2/14/2010,4.25,9.385
2/16/2010,4.25,9.4
2/19/2010,4.25,9.292
2/21/2010,4.25,9.183
2/23/2010,4.25,9.199
2/25/2010,4.25,9.214
2/27/2010,4.25,9.23
3/1/2010,4.25,9.245
3/3/2010,4.25,9.261
3/5/2010,4.25,9.276
3/7/2010,4.25,9.292
3/10/2010,4.25,9.183
3/14/2010,4.75,9.075
3/19/2010,4.679,9.09
3/24/2010,4.607,9.106
3/29/2010,4.536,9.121
4/3/2010,4.464,9.137
4/8/2010,4.393,9.152
4/13/2010,4.321,9.168
4/18/2010,4.25,9.183
4/23/2010,4.75,9.075
4/25/2010,4.75,8.967
4/27/2010,4.75,8.982
4/29/2010,4.75,8.998
5/1/2010,4.75,9.013
5/3/2010,4.75,9.029
5/5/2010,4.75,9.044
5/7/2010,4.75,9.06
5/9/2010,4.75,9.075
5/12/2010,4.75,8.967
5/14/2010,5,8.858
5/16/2010,4.964,8.874
5/19/2010,4.929,8.889
5/21/2010,4.893,8.905
5/23/2010,4.857,8.92
5/26/2010,4.821,8.936
5/28/2010,4.786,8.951
5/30/2010,4.75,8.967
6/2/2010,5,8.858
6/7/2010,5.5,8.75
6/13/2010,5.429,8.765
6/19/2010,5.357,8.781
6/24/2010,5.286,8.796
6/30/2010,5.214,8.812
7/6/2010,5.143,8.827
7/11/2010,5.071,8.843
7/17/2010,5,8.858
7/23/2010,5.5,8.75
7/25/2010,5.5,8.642
7/27/2010,5.5,8.657
7/29/2010,5.5,8.673
7/31/2010,5.5,8.688
8/3/2010,5.5,8.704
8/5/2010,5.5,8.719
8/7/2010,5.5,8.735
8/9/2010,5.5,8.75
8/12/2010,5.5,8.642
8/15/2010,6,8.533
8/18/2010,5.929,8.549
8/22/2010,5.857,8.564
8/25/2010,5.786,8.58
8/29/2010,5.714,8.595
9/1/2010,5.643,8.611
9/5/2010,5.571,8.626
9/8/2010,5.5,8.642
9/12/2010,6,8.533
9/17/2010,6,8.425
9/22/2010,6,8.44
9/28/2010,6,8.456
10/3/2010,6,8.471
10/9/2010,6,8.487
10/14/2010,6,8.502
10/20/2010,6,8.518
10/25/2010,6,8.533
10/31/2010,6,8.425
11/3/2010,6.25,8.317
11/6/2010,6.214,8.332
11/10/2010,6.179,8.348
11/13/2010,6.143,8.363
11/16/2010,6.107,8.379
11/20/2010,6.071,8.394
11/23/2010,6.036,8.41
11/26/2010,6,8.425
11/30/2010,6.25,8.317
12/2/2010,6.25,8.208
12/4/2010,6.25,8.224
12/6/2010,6.25,8.239
12/8/2010,6.25,8.255
12/11/2010,6.25,8.27
12/13/2010,6.25,8.286
12/15/2010,6.25,8.301
12/17/2010,6.25,8.317
12/20/2010,6.25,8.208
12/23/2010,6.5,8.1
12/27/2010,6.464,8.115
12/31/2010,6.429,8.131
1/4/2011,6.393,8.146
1/7/2011,6.357,8.162
1/11/2011,6.321,8.177
1/15/2011,6.286,8.193
1/19/2011,6.25,8.208
1/23/2011,6.5,8.1
1/25/2011,6.5,8.1
1/27/2011,6.5,8.123
1/29/2011,6.5,8.145
1/31/2011,6.5,8.168
2/3/2011,6.5,8.19
2/5/2011,6.5,8.213
2/7/2011,6.5,8.235
2/9/2011,6.5,8.258
2/12/2011,6.5,8.258
2/15/2011,6.75,8.258
2/18/2011,6.714,8.281
2/21/2011,6.679,8.303
2/24/2011,6.643,8.326
2/27/2011,6.607,8.349
3/2/2011,6.571,8.372
3/5/2011,6.536,8.394
3/8/2011,6.5,8.417
3/12/2011,6.75,8.417
3/16/2011,6.75,8.417
3/20/2011,6.75,8.44
3/25/2011,6.75,8.462
3/29/2011,6.75,8.485
4/2/2011,6.75,8.507
4/7/2011,6.75,8.53
4/11/2011,6.75,8.552
4/15/2011,6.75,8.575
4/20/2011,6.75,8.575
4/22/2011,7.25,8.575
4/24/2011,7.179,8.598
4/27/2011,7.107,8.62
4/29/2011,7.036,8.643
5/2/2011,6.964,8.665
5/4/2011,6.893,8.688
5/7/2011,6.821,8.71
5/9/2011,6.75,8.733
5/12/2011,7.25,8.733
5/15/2011,7.5,8.733
5/19/2011,7.464,8.756
5/23/2011,7.429,8.778
5/27/2011,7.393,8.801
5/31/2011,7.357,8.824
6/4/2011,7.321,8.847
6/8/2011,7.286,8.869
6/12/2011,7.25,8.892
6/16/2011,7.5,8.892
6/20/2011,8,8.892
6/24/2011,7.929,8.915
6/29/2011,7.857,8.937
7/3/2011,7.786,8.96
7/8/2011,7.714,8.982
7/12/2011,7.643,9.005
7/17/2011,7.571,9.027
7/21/2011,7.5,9.05
7/26/2011,8,9.05
7/30/2011,8,9.05
8/3/2011,8,9.073
8/7/2011,8,9.095
8/11/2011,8,9.118
8/15/2011,8,9.14
8/19/2011,8,9.163
8/23/2011,8,9.185
8/27/2011,8,9.208
8/31/2011,8,9.208
9/1/2011,8.25,9.208
9/3/2011,8.214,9.231
9/5/2011,8.179,9.253
9/7/2011,8.143,9.276
9/8/2011,8.107,9.299
9/10/2011,8.071,9.322
9/12/2011,8.036,9.344
9/14/2011,8,9.367
9/16/2011,8.25,9.367
9/20/2011,8.5,9.367
9/25/2011,8.464,9.39
9/30/2011,8.429,9.412
10/4/2011,8.393,9.435
10/9/2011,8.357,9.457
10/14/2011,8.321,9.48
10/18/2011,8.286,9.502
10/23/2011,8.25,9.525
10/28/2011,8.5,9.525
10/31/2011,8.5,9.525
11/4/2011,8.5,9.548
11/8/2011,8.5,9.57
11/11/2011,8.5,9.593
11/15/2011,8.5,9.615
11/19/2011,8.5,9.638
11/22/2011,8.5,9.66
11/26/2011,8.5,9.683
11/30/2011,8.5,9.683
12/1/2011,8.5,9.683
12/3/2011,8.5,9.706
12/5/2011,8.5,9.728
12/7/2011,8.5,9.751
12/8/2011,8.5,9.774
12/10/2011,8.5,9.797
12/12/2011,8.5,9.819
12/14/2011,8.5,9.842
12/16/2011,8.5,9.842
12/20/2011,8.5,9.842
12/24/2011,8.5,9.865
12/29/2011,8.5,9.887
1/2/2012,8.5,9.91
1/6/2012,8.5,9.932
1/11/2012,8.5,9.955
1/15/2012,8.5,9.977
1/19/2012,8.5,10
1/24/2012,8.5,10
1/26/2012,8.5,9.95
1/29/2012,8.5,9.957
2/1/2012,8.5,9.964
2/4/2012,8.5,9.971
2/7/2012,8.5,9.979
2/10/2012,8.5,9.986
2/13/2012,8.5,9.993
2/16/2012,8.5,10
2/19/2012,8.5,9.95
2/21/2012,8.5,9.9
2/24/2012,8.5,9.907
2/27/2012,8.5,9.914
3/1/2012,8.5,9.921
3/3/2012,8.5,9.929
3/6/2012,8.5,9.936
3/9/2012,8.5,9.943
3/12/2012,8.5,9.95
3/15/2012,8.5,9.9
3/18/2012,8.5,9.85
3/22/2012,8.429,9.857
3/26/2012,8.357,9.864
3/29/2012,8.286,9.871
4/2/2012,8.214,9.879
4/6/2012,8.143,9.886
4/9/2012,8.071,9.893
4/13/2012,8,9.9
4/17/2012,8,9.85
4/21/2012,8,9.8
4/26/2012,8,9.807
5/1/2012,8,9.814
5/6/2012,8,9.821
5/11/2012,8,9.829
5/16/2012,8,9.836
5/21/2012,8,9.843
5/26/2012,8,9.85
5/31/2012,8,9.8
6/2/2012,8,9.75
6/4/2012,8,9.757
6/6/2012,8,9.764
6/8/2012,8,9.771
6/10/2012,8,9.779
6/12/2012,8,9.786
6/14/2012,8,9.793
6/16/2012,8,9.8
6/18/2012,8,9.75
6/22/2012,8,9.7
6/27/2012,8,9.707
7/2/2012,8,9.714
7/7/2012,8,9.721
7/11/2012,8,9.729
7/16/2012,8,9.736
7/21/2012,8,9.743
7/26/2012,8,9.75
7/31/2012,8,9.7
8/3/2012,8,9.65
8/6/2012,8,9.657
8/10/2012,8,9.664
8/13/2012,8,9.671
8/17/2012,8,9.679
8/20/2012,8,9.686
8/24/2012,8,9.693
8/27/2012,8,9.7
8/31/2012,8,9.65
9/1/2012,8,9.6
9/3/2012,8,9.607
9/5/2012,8,9.614
9/7/2012,8,9.621
9/9/2012,8,9.629
9/11/2012,8,9.636
9/13/2012,8,9.643
9/15/2012,8,9.65
9/17/2012,8,9.6
9/21/2012,8,9.55
9/26/2012,8,9.557
10/1/2012,8,9.564
10/6/2012,8,9.571
10/10/2012,8,9.579
10/15/2012,8,9.586
10/20/2012,8,9.593
10/25/2012,8,9.6
10/30/2012,8,9.55
11/2/2012,8,9.5
11/5/2012,8,9.507
11/9/2012,8,9.514
11/12/2012,8,9.521
11/16/2012,8,9.529
11/19/2012,8,9.536
11/23/2012,8,9.543
11/26/2012,8,9.55
11/30/2012,8,9.5
12/2/2012,8,9.45
12/4/2012,8,9.457
12/6/2012,8,9.464
12/8/2012,8,9.471
12/10/2012,8,9.479
12/12/2012,8,9.486
12/14/2012,8,9.493
12/16/2012,8,9.5
12/18/2012,8,9.45
12/22/2012,8,9.4
12/27/2012,7.964,9.407
1/1/2013,7.929,9.414
1/5/2013,7.893,9.421
1/10/2013,7.857,9.429
1/15/2013,7.821,9.436
1/19/2013,7.786,9.443
1/24/2013,7.75,9.45
1/29/2013,7.75,9.4
2/3/2013,7.75,8.95
2/8/2013,7.732,9.014
2/14/2013,7.714,9.079
2/19/2013,7.696,9.143
2/25/2013,7.679,9.207
3/2/2013,7.661,9.271
3/8/2013,7.643,9.336
3/13/2013,7.625,9.4
3/19/2013,7.625,8.95
3/24/2013,7.625,8.5
3/29/2013,7.589,8.564
4/3/2013,7.554,8.629
4/8/2013,7.518,8.693
4/13/2013,7.482,8.757
4/18/2013,7.446,8.821
4/23/2013,7.411,8.886
4/28/2013,7.375,8.95
5/3/2013,7.375,8.5
5/8/2013,7.375,8.05
5/13/2013,7.357,8.114
5/18/2013,7.339,8.179
5/23/2013,7.321,8.243
5/28/2013,7.304,8.307
6/2/2013,7.286,8.371
6/7/2013,7.268,8.436
6/12/2013,7.25,8.5
6/17/2013,7.25,8.05
6/21/2013,7.25,7.6
6/26/2013,7.25,7.664
7/1/2013,7.25,7.729
7/6/2013,7.25,7.793
7/10/2013,7.25,7.857
7/15/2013,7.25,7.921
7/20/2013,7.25,7.986
7/25/2013,7.25,8.05
7/30/2013,7.25,7.6
8/4/2013,7.375,7.15
8/10/2013,7.357,7.214
8/16/2013,7.339,7.279
8/22/2013,7.321,7.343
8/27/2013,7.304,7.407
9/2/2013,7.286,7.471
9/8/2013,7.268,7.536
9/14/2013,7.25,7.6
9/20/2013,7.375,7.15
9/24/2013,7.625,6.7
9/28/2013,7.589,6.764
10/3/2013,7.554,6.829
10/7/2013,7.518,6.893
10/11/2013,7.482,6.957
10/16/2013,7.446,7.021
10/20/2013,7.411,7.086
10/24/2013,7.375,7.15
10/29/2013,7.625,6.7
11/3/2013,7.75,6.25
11/9/2013,7.732,6.314
11/14/2013,7.714,6.379
11/20/2013,7.696,6.443
11/25/2013,7.679,6.507
12/1/2013,7.661,6.571
12/6/2013,7.643,6.636
12/12/2013,7.625,6.7
12/18/2013,7.75,6.25
12/22/2013,7.875,5.8
12/27/2013,7.857,5.864
12/31/2013,7.839,5.929
1/5/2014,7.821,5.993
1/9/2014,7.804,6.057
1/14/2014,7.786,6.121
1/18/2014,7.768,6.186
1/23/2014,7.75,6.25
1/28/2014,7.875,5.8
2/4/2014,8,5.65
2/11/2014,7.982,5.671
2/18/2014,7.964,5.693
2/25/2014,7.946,5.714
3/4/2014,7.929,5.736
3/11/2014,7.911,5.757
3/18/2014,7.893,5.779
3/25/2014,7.875,5.8
4/1/2014,8,5.65
4/8/2014,8,5.5
4/15/2014,8,5.521
4/22/2014,8,5.543
4/29/2014,8,5.564
5/6/2014,8,5.586
5/13/2014,8,5.607
5/20/2014,8,5.629
5/27/2014,8,5.65
6/3/2014,8,5.5
6/10/2014,8,5.35
6/17/2014,8,5.371
6/24/2014,8,5.393
7/1/2014,8,5.414
7/8/2014,8,5.436
7/15/2014,8,5.457
7/22/2014,8,5.479
7/29/2014,8,5.5
8/5/2014,8,5.35
8/11/2014,8,5.2
8/17/2014,8,5.221
8/23/2014,8,5.243
8/29/2014,8,5.264
9/5/2014,8,5.286
9/11/2014,8,5.307
9/17/2014,8,5.329
9/23/2014,8,5.35
9/30/2014,8,5.2
10/7/2014,8,5.05
10/14/2014,8,5.071
10/21/2014,8,5.093
10/28/2014,8,5.114
11/4/2014,8,5.136
11/11/2014,8,5.157
11/18/2014,8,5.179
11/25/2014,8,5.2
12/2/2014,8,5.05
12/6/2014,8,4.9
12/11/2014,7.982,4.921
12/16/2014,7.964,4.943
12/21/2014,7.946,4.964
12/26/2014,7.929,4.986
12/31/2014,7.911,5.007
1/5/2015,7.893,5.029
1/10/2015,7.875,5.05
1/15/2015,7.875,4.9
1/17/2015,7.875,4.85
1/19/2015,7.857,4.857
1/21/2015,7.839,4.864
1/23/2015,7.821,4.871
1/25/2015,7.804,4.879
1/27/2015,7.786,4.886
1/29/2015,7.768,4.893
1/31/2015,7.75,4.9
2/3/2015,7.75,4.85
2/6/2015,7.75,4.8
2/9/2015,7.732,4.807
2/12/2015,7.714,4.814
2/15/2015,7.696,4.821
2/19/2015,7.679,4.829
2/22/2015,7.661,4.836
2/25/2015,7.643,4.843
2/28/2015,7.625,4.85
3/4/2015,7.625,4.8
3/7/2015,7.625,4.75
3/11/2015,7.607,4.757
3/15/2015,7.589,4.764
3/19/2015,7.571,4.771
3/22/2015,7.554,4.779
3/26/2015,7.536,4.786
3/30/2015,7.518,4.793
4/3/2015,7.5,4.8
4/7/2015,7.5,4.75
4/13/2015,7.5,4.7
4/19/2015,7.482,4.707
4/25/2015,7.464,4.714
5/1/2015,7.446,4.721
5/8/2015,7.429,4.729
5/14/2015,7.411,4.736
5/20/2015,7.393,4.743
5/26/2015,7.375,4.75
6/2/2015,7.375,4.7
6/9/2015,7.375,4.65
6/16/2015,7.357,4.657
6/23/2015,7.339,4.664
6/30/2015,7.321,4.671
7/7/2015,7.304,4.679
7/14/2015,7.286,4.686
7/21/2015,7.268,4.693
7/28/2015,7.25,4.7
8/4/2015,7.25,4.65
8/10/2015,7.25,4.6
8/16/2015,7.214,4.607
8/22/2015,7.179,4.614
8/28/2015,7.143,4.621
9/4/2015,7.107,4.629
9/10/2015,7.071,4.636
9/16/2015,7.036,4.643
9/22/2015,7,4.65
9/29/2015,7,4.6
10/6/2015,7,4.55
10/13/2015,6.964,4.557
10/20/2015,6.929,4.564
10/27/2015,6.893,4.571
11/3/2015,6.857,4.579
11/10/2015,6.821,4.586
11/17/2015,6.786,4.593
11/24/2015,6.75,4.6
12/1/2015,6.75,4.55
12/8/2015,6.75,4.5
12/15/2015,6.75,4.507
12/22/2015,6.75,4.514
12/29/2015,6.75,4.521
1/5/2016,6.75,4.529
1/12/2016,6.75,4.536
1/19/2016,6.75,4.543
1/26/2016,6.75,4.55
2/2/2016,6.75,4.5
2/9/2016,6.75,4.35
2/16/2016,6.732,4.371
2/23/2016,6.714,4.393
3/1/2016,6.696,4.414
3/8/2016,6.679,4.436
3/15/2016,6.661,4.457
3/22/2016,6.643,4.479
3/29/2016,6.625,4.5
4/5/2016,6.625,4.35
4/12/2016,6.625,4.2
4/19/2016,6.607,4.221
4/26/2016,6.589,4.243
5/3/2016,6.571,4.264
5/10/2016,6.554,4.286
5/17/2016,6.536,4.307
5/24/2016,6.518,4.329
5/31/2016,6.5,4.35
6/7/2016,6.5,4.2
6/14/2016,6.5,4.05
6/21/2016,6.5,4.071
6/28/2016,6.5,4.093
7/5/2016,6.5,4.114
7/12/2016,6.5,4.136
7/19/2016,6.5,4.157
7/26/2016,6.5,4.179
8/2/2016,6.5,4.2
8/9/2016,6.5,4.05
8/15/2016,6.5,3.9
8/21/2016,6.482,3.921
8/27/2016,6.464,3.943
9/2/2016,6.446,3.964
9/9/2016,6.429,3.986
9/15/2016,6.411,4.007
9/21/2016,6.393,4.029
9/27/2016,6.375,4.05
10/4/2016,6.375,3.9
10/11/2016,6.375,3.75
10/18/2016,6.357,3.771
10/25/2016,6.339,3.793
11/1/2016,6.321,3.814
11/8/2016,6.304,3.836
11/15/2016,6.286,3.857
11/22/2016,6.268,3.879
11/29/2016,6.25,3.9
12/7/2016,6.25,3.75
12/14/2016,6.25,3.6
12/21/2016,6.25,3.621
12/28/2016,6.25,3.643
1/4/2017,6.25,3.664
1/11/2017,6.25,3.686
1/18/2017,6.25,3.707
1/25/2017,6.25,3.729
2/1/2017,6.25,3.75
2/8/2017,6.25,3.6
2/14/2017,6.25,3.567
2/20/2017,6.25,3.572
2/27/2017,6.25,3.576
3/5/2017,6.25,3.581
3/11/2017,6.25,3.586
3/18/2017,6.25,3.591
3/24/2017,6.25,3.595
3/30/2017,6.25,3.6
4/6/2017,6.25,3.567
4/12/2017,6.25,3.533
4/19/2017,6.25,3.538
4/26/2017,6.25,3.543
5/3/2017,6.25,3.548
5/10/2017,6.25,3.552
5/17/2017,6.25,3.557
5/24/2017,6.25,3.562
5/31/2017,6.25,3.567
6/7/2017,6.25,3.533
6/13/2017,6.25,3.5
6/19/2017,6.232,3.505
6/25/2017,6.214,3.509
7/1/2017,6.196,3.514
7/8/2017,6.179,3.519
7/14/2017,6.161,3.524
7/20/2017,6.143,3.528
7/26/2017,6.125,3.533
8/2/2017,6.125,3.5
8/9/2017,6.125,3.467
8/16/2017,6.107,3.472
8/23/2017,6.089,3.476
8/30/2017,6.071,3.481
9/6/2017,6.054,3.486
9/13/2017,6.036,3.491
9/20/2017,6.018,3.495
9/27/2017,6,3.5
10/4/2017,6,3.467
10/11/2017,6,3.433
10/18/2017,6,3.438
10/25/2017,6,3.443
11/1/2017,6,3.448
11/8/2017,6,3.452
11/15/2017,6,3.457
11/22/2017,6,3.462
11/29/2017,6,3.467
12/6/2017,6,3.433
12/13/2017,6,3.4
12/20/2017,6,3.405
12/27/2017,6,3.409
1/3/2018,6,3.414
1/10/2018,6,3.419
1/17/2018,6,3.424
1/24/2018,6,3.428
1/31/2018,6,3.433
2/7/2018,6,3.4
2/13/2018,6,3.4
2/19/2018,6,3.433
2/26/2018,6,3.467
3/4/2018,6,3.5
3/10/2018,6,3.533
3/17/2018,6,3.566
3/23/2018,6,3.6
3/29/2018,6,3.633
4/5/2018,6,3.633
4/11/2018,6.125,3.633
4/18/2018,6.107,3.666
4/25/2018,6.089,3.7
5/2/2018,6.071,3.733
5/9/2018,6.054,3.767
5/16/2018,6.036,3.8
5/23/2018,6.018,3.834
5/30/2018,6,3.867
6/6/2018,6.125,3.867
6/12/2018,6.375,3.867
6/18/2018,6.339,3.9
6/24/2018,6.304,3.934
6/30/2018,6.268,3.967
7/7/2018,6.232,4
7/13/2018,6.196,4.033
7/19/2018,6.161,4.067
7/25/2018,6.125,4.1
8/1/2018,6.375,4.1
8/8/2018,6.5,4.1
8/15/2018,6.482,4.133
8/22/2018,6.464,4.167
8/29/2018,6.446,4.2
9/6/2018,6.429,4.233
9/13/2018,6.411,4.266
9/20/2018,6.393,4.3
9/27/2018,6.375,4.333
10/5/2018,6.5,4.333
10/11/2018,6.5,4.333
10/18/2018,6.5,4.366
10/25/2018,6.5,4.4
11/1/2018,6.5,4.433
11/7/2018,6.5,4.467
11/14/2018,6.5,4.5
11/21/2018,6.5,4.534
11/28/2018,6.5,4.567
12/5/2018,6.5,4.567
12/12/2018,6.5,4.567
12/19/2018,6.482,4.6
12/26/2018,6.464,4.634
1/2/2019,6.446,4.667
1/9/2019,6.429,4.7
1/16/2019,6.411,4.733
1/23/2019,6.393,4.767
1/30/2019,6.375,4.8
2/7/2019,6.375,4.8
2/13/2019,6.375,4.8
2/19/2019,6.339,4.833
2/25/2019,6.304,4.867
3/3/2019,6.268,4.9
3/10/2019,6.232,4.933
3/16/2019,6.196,4.966
3/22/2019,6.161,5
3/28/2019,6.125,5.033
4/4/2019,6.125,5.033
4/11/2019,6.125,5.033
4/18/2019,6.089,5.066
4/25/2019,6.054,5.1
5/2/2019,6.018,5.133
5/9/2019,5.982,5.167
5/16/2019,5.946,5.2
5/23/2019,5.911,5.234
5/30/2019,5.875,5.267
6/6/2019,5.875,5.267
6/12/2019,5.875,5.267
6/19/2019,5.832,5.3
6/26/2019,5.789,5.334
7/3/2019,5.746,5.367
7/10/2019,5.704,5.4
7/17/2019,5.661,5.433
7/24/2019,5.618,5.467
7/31/2019,5.575,5.5
8/7/2019,5.575,5.5
8/13/2019,5.575,5.5
8/19/2019,5.532,5.533
8/26/2019,5.489,5.567
9/1/2019,5.446,5.6
9/8/2019,5.404,5.633
9/14/2019,5.361,5.666
9/21/2019,5.318,5.7
9/27/2019,5.275,5.733
10/4/2019,5.275,5.733
10/10/2019,5.275,5.733
10/17/2019,5.257,5.766
10/24/2019,5.239,5.8
10/31/2019,5.221,5.833
11/7/2019,5.204,5.867
11/14/2019,5.186,5.9
11/21/2019,5.168,5.934
11/28/2019,5.15,5.967
12/5/2019,5.15,5.967
12/12/2019,5.15,5.967
12/19/2019,5.15,6
12/26/2019,5.15,6.034
1/2/2020,5.15,6.067
1/9/2020,5.15,6.1
1/16/2020,5.15,6.133
1/23/2020,5.15,6.167
1/30/2020,5.15,6.2
2/6/2020,5.15,6.2
2/11/2020,5.15,6.083
2/17/2020,5.096,6.1
2/22/2020,5.043,6.116
2/28/2020,4.989,6.133
3/4/2020,4.936,6.15
3/10/2020,4.882,6.167
3/15/2020,4.829,6.183
3/21/2020,4.775,6.2
3/27/2020,4.775,6.083
4/2/2020,4.775,5.967
4/8/2020,4.664,5.984
4/14/2020,4.554,6
4/20/2020,4.443,6.017
4/27/2020,4.332,6.033
5/3/2020,4.221,6.05
5/9/2020,4.111,6.066
5/15/2020,4,6.083
5/22/2020,4,5.967
5/30/2020,4,5.85
6/7/2020,4,5.867
6/16/2020,4,5.883
6/24/2020,4,5.9
7/3/2020,4,5.917
7/11/2020,4,5.934
7/20/2020,4,5.95
7/28/2020,4,5.967
8/6/2020,4,5.85
8/13/2020,4,5.733
8/20/2020,4,5.75
8/27/2020,4,5.766
9/3/2020,4,5.783
9/10/2020,4,5.8
9/17/2020,4,5.817
9/24/2020,4,5.833
10/1/2020,4,5.85
10/9/2020,4,5.733
10/15/2020,4,5.617
10/21/2020,4,5.634
10/27/2020,4,5.65
11/2/2020,4,5.667
11/9/2020,4,5.683
11/15/2020,4,5.7
11/21/2020,4,5.716
11/27/2020,4,5.733
12/4/2020,4,5.617
12/11/2020,4,5.5
12/18/2020,4,5.517
12/25/2020,4,5.533
1/1/2021,4,5.55
1/8/2021,4,5.567
1/15/2021,4,5.584
1/22/2021,4,5.6
1/29/2021,4,5.617
2/5/2021,4,5.5
2/11/2021,4,5.5
2/18/2021,4,5.529
2/25/2021,4,5.557
3/4/2021,4,5.586
3/10/2021,4,5.614
3/17/2021,4,5.643
3/24/2021,4,5.671
3/31/2021,4,5.7
4/7/2021,4,5.7
4/13/2021,4,5.7
4/19/2021,4,5.729
4/26/2021,4,5.757
5/2/2021,4,5.786
5/9/2021,4,5.814
5/15/2021,4,5.843
5/22/2021,4,5.871
5/28/2021,4,5.9
6/4/2021,4,5.9
6/11/2021,4,5.9
6/18/2021,4,5.929
6/25/2021,4,5.957
7/2/2021,4,5.986
7/9/2021,4,6.014
7/16/2021,4,6.043
7/23/2021,4,6.071
7/30/2021,4,6.1
8/6/2021,4,6.1
8/13/2021,4,6.1
8/20/2021,4,6.129
8/27/2021,4,6.157
9/3/2021,4,6.186
9/10/2021,4,6.214
9/17/2021,4,6.243
9/24/2021,4,6.271
10/1/2021,4,6.3
10/8/2021,4,6.3
10/14/2021,4,6.3
10/21/2021,4,6.329
10/28/2021,4,6.357
11/4/2021,4,6.386
11/10/2021,4,6.414
11/17/2021,4,6.443
11/24/2021,4,6.471
12/1/2021,4,6.5
12/8/2021,4,6.5
12/15/2021,4,6.5
12/22/2021,4,6.529
12/29/2021,4,6.557
1/5/2022,4,6.586
1/12/2022,4,6.614
1/19/2022,4,6.643
1/26/2022,4,6.671
2/2/2022,4,6.7
2/10/2022,4,6.7
2/16/2022,4,6.514
2/22/2022,4,6.541
3/1/2022,4,6.567
3/7/2022,4,6.594
3/13/2022,4,6.62
3/20/2022,4,6.647
3/26/2022,4,6.673
4/1/2022,4,6.7
4/8/2022,4,6.514
4/10/2022,4.2,6.329
4/13/2022,4.171,6.355
4/16/2022,4.143,6.382
4/19/2022,4.114,6.408
4/22/2022,4.086,6.435
4/25/2022,4.057,6.461
4/28/2022,4.029,6.488
5/1/2022,4,6.514
5/4/2022,4.2,6.329
5/7/2022,4.65,6.143
5/11/2022,4.586,6.17
5/15/2022,4.521,6.196
5/19/2022,4.457,6.223
5/23/2022,4.393,6.249
5/27/2022,4.329,6.276
5/31/2022,4.264,6.302
6/4/2022,4.2,6.329
6/8/2022,4.65,6.143
6/14/2022,5.15,5.957
6/20/2022,5.079,5.984
6/27/2022,5.007,6.01
7/3/2022,4.936,6.037
7/10/2022,4.864,6.063
7/16/2022,4.793,6.09
7/23/2022,4.721,6.116
7/29/2022,4.65,6.143
8/5/2022,5.15,5.957
8/11/2022,5.65,5.771
8/17/2022,5.579,5.798
8/23/2022,5.507,5.824
8/29/2022,5.436,5.851
9/5/2022,5.364,5.877
9/11/2022,5.293,5.904
9/17/2022,5.221,5.93
9/23/2022,5.15,5.957
9/30/2022,5.65,5.771
10/7/2022,6.075,5.586
10/15/2022,6.014,5.612
10/22/2022,5.954,5.639
10/30/2022,5.893,5.665
11/6/2022,5.832,5.692
11/14/2022,5.771,5.718
11/21/2022,5.711,5.745
11/29/2022,5.65,5.771
12/7/2022,6.075,5.586
12/14/2022,6.375,5.4
12/21/2022,6.332,5.427
12/28/2022,6.289,5.453
1/4/2023,6.246,5.48
1/11/2023,6.204,5.506
1/18/2023,6.161,5.533
1/25/2023,6.118,5.559
2/1/2023,6.075,5.586
2/8/2023,6.375,5.4
2/14/2023,6.5,5.233
2/20/2023,6.482,5.257
2/27/2023,6.464,5.281
3/5/2023,6.446,5.305
3/11/2023,6.429,5.328
3/18/2023,6.411,5.352
3/24/2023,6.393,5.376
3/30/2023,6.375,5.4
4/6/2023,6.5,5.233
4/13/2023,6.5,5.067
4/20/2023,6.5,5.091
4/27/2023,6.5,5.114
5/4/2023,6.5,5.138
5/11/2023,6.5,5.162
5/18/2023,6.5,5.186
5/25/2023,6.5,5.209
6/1/2023,6.5,5.233
6/8/2023,6.5,5.067
6/15/2023,6.5,4.9
6/22/2023,6.5,4.924
6/29/2023,6.5,4.948
7/6/2023,6.5,4.972
7/13/2023,6.5,4.995
7/20/2023,6.5,5.019
7/27/2023,6.5,5.043
8/3/2023,6.5,5.067
8/10/2023,6.5,4.9
8/16/2023,6.5,4.733
8/22/2023,6.5,4.757
8/29/2023,6.5,4.781
9/4/2023,6.5,4.805
9/10/2023,6.5,4.828
9/17/2023,6.5,4.852
9/23/2023,6.5,4.876
9/29/2023,6.5,4.9
10/6/2023,6.5,4.733
10/13/2023,6.5,4.567
10/20/2023,6.5,4.591
10/27/2023,6.5,4.614
11/3/2023,6.5,4.638
11/10/2023,6.5,4.662
11/17/2023,6.5,4.686
11/24/2023,6.5,4.709
12/1/2023,6.5,4.733
12/8/2023,6.5,4.567
12/14/2023,6.5,4.4
12/21/2023,6.5,4.424
12/28/2023,6.5,4.448
1/4/2024,6.5,4.472
1/11/2024,6.5,4.495
1/18/2024,6.5,4.519
1/25/2024,6.5,4.543
2/1/2024,6.5,4.567
2/8/2024,6.5,4.4
2/14/2024,6.5,4.35
2/20/2024,6.5,4.357
2/27/2024,6.5,4.364
3/4/2024,6.5,4.371
3/10/2024,6.5,4.379
3/17/2024,6.5,4.386
3/23/2024,6.5,4.393
3/29/2024,6.5,4.4
4/5/2024,6.5,4.35
4/12/2024,6.5,4.3
4/19/2024,6.5,4.307
4/26/2024,6.5,4.314
5/3/2024,6.5,4.321
5/10/2024,6.5,4.329
5/17/2024,6.5,4.336
5/24/2024,6.5,4.343
5/31/2024,6.5,4.35
6/7/2024,6.5,4.3
6/13/2024,6.5,4.25
6/20/2024,6.5,4.257
6/27/2024,6.5,4.264
7/4/2024,6.5,4.271
7/11/2024,6.5,4.279
7/18/2024,6.5,4.286
7/25/2024,6.5,4.293
8/1/2024,6.5,4.3
8/8/2024,6.5,4.25
8/14/2024,6.5,4.2
8/21/2024,6.5,4.207
8/28/2024,6.5,4.214
9/4/2024,6.5,4.221
9/11/2024,6.5,4.229
9/18/2024,6.5,4.236
9/25/2024,6.5,4.243
10/2/2024,6.5,4.25
10/9/2024,6.5,4.2
10/15/2024,6.5,4.15
10/21/2024,6.5,4.157
10/28/2024,6.5,4.164
11/3/2024,6.5,4.171
11/10/2024,6.5,4.179
11/16/2024,6.5,4.186
11/23/2024,6.5,4.193
11/29/2024,6.5,4.2
12/6/2024,6.5,4.15
12/13/2024,6.5,4.1
12/20/2024,6.482,4.107
12/27/2024,6.464,4.114
1/3/2025,6.446,4.121
1/10/2025,6.429,4.129
1/17/2025,6.411,4.136
1/24/2025,6.393,4.143
1/31/2025,6.375,4.15
2/7/2025,6.375,4.1
