Date,Loan Rate
2000-01-30,12.292
2000-02-01,12.276
2000-02-03,12.278
2000-02-05,12.281
2000-02-07,12.283
2000-02-10,12.285
2000-02-12,12.287
2000-02-14,12.29
2000-02-16,12.292
2000-02-19,12.276
2000-02-21,12.26
2000-02-23,12.262
2000-02-25,12.265
2000-02-27,12.267
2000-02-29,12.269
2000-03-02,12.271
2000-03-04,12.274
2000-03-06,12.276
2000-03-09,12.26
2000-03-14,12.244
2000-03-19,12.246
2000-03-24,12.249
2000-03-29,12.251
2000-04-03,12.253
2000-04-08,12.255
2000-04-13,12.258
2000-04-18,12.26
2000-04-23,12.244
2000-04-25,12.228
2000-04-27,12.23
2000-04-29,12.233
2000-05-01,12.235
2000-05-03,12.237
2000-05-05,12.239
2000-05-07,12.242
2000-05-09,12.244
2000-05-12,12.228
2000-05-14,12.212
2000-05-16,12.214
2000-05-19,12.217
2000-05-21,12.219
2000-05-23,12.221
2000-05-26,12.223
2000-05-28,12.226
2000-05-30,12.228
2000-06-02,12.212
2000-06-07,12.196
2000-06-13,12.198
2000-06-19,12.201
2000-06-24,12.203
2000-06-30,12.205
2000-07-06,12.207
2000-07-11,12.21
2000-07-17,12.212
2000-07-23,12.196
2000-07-25,12.179
2000-07-27,12.181
2000-07-29,12.184
2000-07-31,12.186
2000-08-03,12.189
2000-08-05,12.191
2000-08-07,12.194
2000-08-09,12.196
2000-08-12,12.179
2000-08-15,12.163
2000-08-18,12.165
2000-08-22,12.168
2000-08-25,12.17
2000-08-29,12.172
2000-09-01,12.174
2000-09-05,12.177
2000-09-08,12.179
2000-09-12,12.163
2000-09-17,12.147
2000-09-22,12.149
2000-09-28,12.152
2000-10-03,12.154
2000-10-09,12.156
2000-10-14,12.158
2000-10-20,12.161
2000-10-25,12.163
2000-10-31,12.147
2000-11-03,12.131
2000-11-06,12.133
2000-11-10,12.136
2000-11-13,12.138
2000-11-16,12.14
2000-11-20,12.142
2000-11-23,12.145
2000-11-26,12.147
2000-11-30,12.131
2000-12-02,12.115
2000-12-04,12.117
2000-12-06,12.12
2000-12-08,12.122
2000-12-11,12.124
2000-12-13,12.126
2000-12-15,12.129
2000-12-17,12.131
2000-12-20,12.115
2000-12-24,12.099
2000-12-29,12.101
2001-01-02,12.104
2001-01-07,12.106
2001-01-11,12.108
2001-01-16,12.11
2001-01-20,12.113
2001-01-25,12.115
2001-01-30,12.099
2001-02-01,12.083
2001-02-03,12.085
2001-02-05,12.088
2001-02-07,12.09
2001-02-10,12.092
2001-02-12,12.094
2001-02-14,12.097
2001-02-16,12.099
2001-02-19,12.083
2001-02-21,12.068
2001-02-23,12.07
2001-02-25,12.072
2001-02-27,12.074
2001-03-01,12.077
2001-03-03,12.079
2001-03-05,12.081
2001-03-07,12.083
2001-03-09,12.068
2001-03-14,12.053
2001-03-19,12.055
2001-03-24,12.057
2001-03-29,12.059
2001-04-03,12.062
2001-04-08,12.064
2001-04-13,12.066
2001-04-18,12.068
2001-04-23,12.053
2001-04-25,12.038
2001-04-27,12.04
2001-04-29,12.042
2001-05-01,12.044
2001-05-03,12.047
2001-05-05,12.049
2001-05-07,12.051
2001-05-09,12.053
2001-05-12,12.038
2001-05-14,12.023
2001-05-16,12.025
2001-05-19,12.027
2001-05-21,12.029
2001-05-23,12.032
2001-05-26,12.034
2001-05-28,12.036
2001-05-30,12.038
2001-06-02,12.023
2001-06-07,12.008
2001-06-13,12.01
2001-06-19,12.012
2001-06-24,12.014
2001-06-30,12.017
2001-07-06,12.019
2001-07-11,12.021
2001-07-17,12.023
2001-07-23,12.008
2001-07-25,11.992
2001-07-27,11.994
2001-07-29,11.997
2001-07-31,11.999
2001-08-03,12.001
2001-08-05,12.003
2001-08-07,12.006
2001-08-09,12.008
2001-08-12,11.992
2001-08-15,11.977
2001-08-18,11.979
2001-08-22,11.981
2001-08-25,11.983
2001-08-29,11.986
2001-09-01,11.988
2001-09-05,11.99
2001-09-08,11.992
2001-09-12,11.977
2001-09-17,11.962
2001-09-22,11.964
2001-09-28,11.966
2001-10-03,11.968
2001-10-09,11.971
2001-10-14,11.973
2001-10-20,11.975
2001-10-25,11.977
2001-10-31,11.962
2001-11-03,11.947
2001-11-06,11.949
2001-11-10,11.951
2001-11-13,11.953
2001-11-16,11.956
2001-11-20,11.958
2001-11-23,11.96
2001-11-26,11.962
2001-11-30,11.947
2001-12-02,11.932
2001-12-04,11.934
2001-12-06,11.936
2001-12-08,11.938
2001-12-11,11.941
2001-12-13,11.943
2001-12-15,11.945
2001-12-17,11.947
2001-12-20,11.932
2001-12-24,11.917
2001-12-29,11.919
2002-01-02,11.921
2002-01-07,11.923
2002-01-11,11.926
2002-01-16,11.928
2002-01-20,11.93
2002-01-25,11.932
2002-01-30,11.917
2002-02-01,11.879
2002-02-03,11.884
2002-02-05,11.89
2002-02-07,11.895
2002-02-10,11.901
2002-02-12,11.906
2002-02-14,11.912
2002-02-16,11.917
2002-02-19,11.879
2002-02-21,11.84
2002-02-23,11.846
2002-02-25,11.851
2002-02-27,11.857
2002-03-01,11.862
2002-03-03,11.868
2002-03-05,11.873
2002-03-07,11.879
2002-03-09,11.84
2002-03-14,11.802
2002-03-19,11.807
2002-03-24,11.813
2002-03-29,11.818
2002-04-03,11.824
2002-04-08,11.829
2002-04-13,11.835
2002-04-18,11.84
2002-04-23,11.802
2002-04-25,11.764
2002-04-27,11.769
2002-04-29,11.775
2002-05-01,11.78
2002-05-03,11.786
2002-05-05,11.791
2002-05-07,11.797
2002-05-09,11.802
2002-05-12,11.764
2002-05-14,11.726
2002-05-16,11.731
2002-05-19,11.737
2002-05-21,11.742
2002-05-23,11.748
2002-05-26,11.753
2002-05-28,11.759
2002-05-30,11.764
2002-06-02,11.726
2002-06-07,11.688
2002-06-13,11.693
2002-06-19,11.699
2002-06-24,11.704
2002-06-30,11.71
2002-07-06,11.715
2002-07-11,11.721
2002-07-17,11.726
2002-07-23,11.688
2002-07-25,11.649
2002-07-27,11.655
2002-07-29,11.66
2002-07-31,11.666
2002-08-03,11.671
2002-08-05,11.677
2002-08-07,11.682
2002-08-09,11.688
2002-08-12,11.649
2002-08-15,11.611
2002-08-18,11.616
2002-08-22,11.622
2002-08-25,11.627
2002-08-29,11.633
2002-09-01,11.638
2002-09-05,11.644
2002-09-08,11.649
2002-09-12,11.611
2002-09-17,11.573
2002-09-22,11.578
2002-09-28,11.584
2002-10-03,11.589
2002-10-09,11.595
2002-10-14,11.6
2002-10-20,11.606
2002-10-25,11.611
2002-10-31,11.573
2002-11-03,11.534
2002-11-06,11.54
2002-11-10,11.545
2002-11-13,11.551
2002-11-16,11.556
2002-11-20,11.562
2002-11-23,11.567
2002-11-26,11.573
2002-11-30,11.534
2002-12-02,11.496
2002-12-04,11.501
2002-12-06,11.507
2002-12-08,11.512
2002-12-11,11.518
2002-12-13,11.523
2002-12-15,11.529
2002-12-17,11.534
2002-12-20,11.496
2002-12-24,11.458
2002-12-29,11.463
2003-01-02,11.469
2003-01-07,11.474
2003-01-11,11.48
2003-01-16,11.485
2003-01-20,11.491
2003-01-25,11.496
2003-01-30,11.458
2003-02-01,11.413
2003-02-03,11.419
2003-02-05,11.426
2003-02-07,11.432
2003-02-10,11.439
2003-02-12,11.445
2003-02-14,11.452
2003-02-16,11.458
2003-02-19,11.413
2003-02-21,11.368
2003-02-23,11.374
2003-02-25,11.381
2003-02-27,11.387
2003-03-01,11.394
2003-03-03,11.4
2003-03-05,11.407
2003-03-07,11.413
2003-03-09,11.368
2003-03-14,11.323
2003-03-19,11.329
2003-03-24,11.336
2003-03-29,11.342
2003-04-03,11.349
2003-04-08,11.355
2003-04-13,11.362
2003-04-18,11.368
2003-04-23,11.323
2003-04-25,11.278
2003-04-27,11.284
2003-04-29,11.291
2003-05-01,11.297
2003-05-03,11.304
2003-05-05,11.31
2003-05-07,11.317
2003-05-09,11.323
2003-05-12,11.278
2003-05-14,11.233
2003-05-16,11.239
2003-05-19,11.246
2003-05-21,11.252
2003-05-23,11.259
2003-05-26,11.265
2003-05-28,11.272
2003-05-30,11.278
2003-06-02,11.233
2003-06-07,11.188
2003-06-13,11.194
2003-06-19,11.201
2003-06-24,11.207
2003-06-30,11.214
2003-07-06,11.22
2003-07-11,11.227
2003-07-17,11.233
2003-07-23,11.188
2003-07-25,11.142
2003-07-27,11.149
2003-07-29,11.155
2003-07-31,11.162
2003-08-03,11.168
2003-08-05,11.175
2003-08-07,11.181
2003-08-09,11.188
2003-08-12,11.142
2003-08-15,11.097
2003-08-18,11.103
2003-08-22,11.11
2003-08-25,11.116
2003-08-29,11.123
2003-09-01,11.129
2003-09-05,11.136
2003-09-08,11.142
2003-09-12,11.097
2003-09-17,11.052
2003-09-22,11.058
2003-09-28,11.065
2003-10-03,11.071
2003-10-09,11.078
2003-10-14,11.084
2003-10-20,11.091
2003-10-25,11.097
2003-10-31,11.052
2003-11-03,11.007
2003-11-06,11.013
2003-11-10,11.02
2003-11-13,11.026
2003-11-16,11.033
2003-11-20,11.039
2003-11-23,11.046
2003-11-26,11.052
2003-11-30,11.007
2003-12-02,10.962
2003-12-04,10.968
2003-12-06,10.975
2003-12-08,10.981
2003-12-11,10.988
2003-12-13,10.994
2003-12-15,11.001
2003-12-17,11.007
2003-12-20,10.962
2003-12-24,10.917
2003-12-29,10.923
2004-01-02,10.93
2004-01-07,10.936
2004-01-11,10.943
2004-01-16,10.949
2004-01-20,10.956
2004-01-25,10.962
2004-01-30,10.917
2004-02-01,10.903
2004-02-03,10.905
2004-02-05,10.907
2004-02-07,10.909
2004-02-10,10.911
2004-02-12,10.913
2004-02-14,10.915
2004-02-16,10.917
2004-02-19,10.903
2004-02-21,10.889
2004-02-23,10.891
2004-02-25,10.893
2004-02-27,10.895
2004-02-29,10.897
2004-03-02,10.899
2004-03-04,10.901
2004-03-06,10.903
2004-03-09,10.889
2004-03-14,10.875
2004-03-19,10.877
2004-03-24,10.879
2004-03-29,10.881
2004-04-03,10.883
2004-04-08,10.885
2004-04-13,10.887
2004-04-18,10.889
2004-04-23,10.875
2004-04-25,10.861
2004-04-27,10.863
2004-04-29,10.865
2004-05-01,10.867
2004-05-03,10.869
2004-05-05,10.871
2004-05-07,10.873
2004-05-09,10.875
2004-05-12,10.861
2004-05-14,10.847
2004-05-16,10.849
2004-05-19,10.851
2004-05-21,10.853
2004-05-23,10.855
2004-05-26,10.857
2004-05-28,10.859
2004-05-30,10.861
2004-06-02,10.847
2004-06-07,10.834
2004-06-13,10.836
2004-06-19,10.838
2004-06-24,10.84
2004-06-30,10.841
2004-07-06,10.843
2004-07-11,10.845
2004-07-17,10.847
2004-07-23,10.834
2004-07-25,10.82
2004-07-27,10.822
2004-07-29,10.824
2004-07-31,10.826
2004-08-03,10.828
2004-08-05,10.83
2004-08-07,10.832
2004-08-09,10.834
2004-08-12,10.82
2004-08-15,10.806
2004-08-18,10.808
2004-08-22,10.81
2004-08-25,10.812
2004-08-29,10.814
2004-09-01,10.816
2004-09-05,10.818
2004-09-08,10.82
2004-09-12,10.806
2004-09-17,10.792
2004-09-22,10.794
2004-09-28,10.796
2004-10-03,10.798
2004-10-09,10.8
2004-10-14,10.802
2004-10-20,10.804
2004-10-25,10.806
2004-10-31,10.792
2004-11-03,10.778
2004-11-06,10.78
2004-11-10,10.782
2004-11-13,10.784
2004-11-16,10.786
2004-11-20,10.788
2004-11-23,10.79
2004-11-26,10.792
2004-11-30,10.778
2004-12-02,10.764
2004-12-04,10.766
2004-12-06,10.768
2004-12-08,10.77
2004-12-11,10.772
2004-12-13,10.774
2004-12-15,10.776
2004-12-17,10.778
2004-12-20,10.764
2004-12-24,10.75
2004-12-29,10.752
2005-01-02,10.754
2005-01-07,10.756
2005-01-11,10.758
2005-01-16,10.76
2005-01-20,10.762
2005-01-25,10.764
2005-01-30,10.75
2005-02-01,10.75
2005-02-03,10.755
2005-02-05,10.76
2005-02-07,10.765
2005-02-10,10.771
2005-02-12,10.776
2005-02-14,10.781
2005-02-16,10.786
2005-02-19,10.786
2005-02-21,10.786
2005-02-23,10.791
2005-02-25,10.797
2005-02-27,10.802
2005-03-01,10.807
2005-03-03,10.812
2005-03-05,10.818
2005-03-07,10.823
2005-03-09,10.823
2005-03-14,10.823
2005-03-19,10.828
2005-03-24,10.834
2005-03-29,10.839
2005-04-03,10.844
2005-04-08,10.849
2005-04-13,10.855
2005-04-18,10.86
2005-04-23,10.86
2005-04-25,10.86
2005-04-27,10.865
2005-04-29,10.87
2005-05-01,10.875
2005-05-03,10.881
2005-05-05,10.886
2005-05-07,10.891
2005-05-09,10.896
2005-05-12,10.896
2005-05-14,10.896
2005-05-16,10.901
2005-05-19,10.907
2005-05-21,10.912
2005-05-23,10.917
2005-05-26,10.922
2005-05-28,10.928
2005-05-30,10.933
2005-06-02,10.933
2005-06-07,10.933
2005-06-13,10.938
2005-06-19,10.943
2005-06-24,10.948
2005-06-30,10.954
2005-07-06,10.959
2005-07-11,10.964
2005-07-17,10.969
2005-07-23,10.969
2005-07-25,10.969
2005-07-27,10.974
2005-07-29,10.98
2005-07-31,10.985
2005-08-03,10.99
2005-08-05,10.995
2005-08-07,11.001
2005-08-09,11.006
2005-08-12,11.006
2005-08-15,11.006
2005-08-18,11.011
2005-08-22,11.016
2005-08-25,11.021
2005-08-29,11.027
2005-09-01,11.032
2005-09-05,11.037
2005-09-08,11.042
2005-09-12,11.042
2005-09-17,11.042
2005-09-22,11.047
2005-09-28,11.052
2005-10-03,11.057
2005-10-09,11.063
2005-10-14,11.068
2005-10-20,11.073
2005-10-25,11.078
2005-10-31,11.078
2005-11-03,11.078
2005-11-06,11.083
2005-11-10,11.089
2005-11-13,11.094
2005-11-16,11.099
2005-11-20,11.104
2005-11-23,11.11
2005-11-26,11.115
2005-11-30,11.115
2005-12-02,11.115
2005-12-04,11.12
2005-12-06,11.126
2005-12-08,11.131
2005-12-11,11.136
2005-12-13,11.141
2005-12-15,11.147
2005-12-17,11.152
2005-12-20,11.152
2005-12-24,11.152
2005-12-29,11.157
2006-01-02,11.162
2006-01-07,11.167
2006-01-11,11.173
2006-01-16,11.178
2006-01-20,11.183
2006-01-25,11.188
2006-01-30,11.188
2006-02-01,11.188
2006-02-03,11.21
2006-02-05,11.232
2006-02-07,11.254
2006-02-10,11.275
2006-02-12,11.297
2006-02-14,11.319
2006-02-16,11.341
2006-02-19,11.341
2006-02-21,11.341
2006-02-23,11.363
2006-02-25,11.385
2006-02-27,11.407
2006-03-01,11.428
2006-03-03,11.45
2006-03-05,11.472
2006-03-07,11.494
2006-03-09,11.494
2006-03-14,11.494
2006-03-19,11.516
2006-03-24,11.537
2006-03-29,11.559
2006-04-03,11.581
2006-04-08,11.603
2006-04-13,11.624
2006-04-18,11.646
2006-04-23,11.646
2006-04-25,11.646
2006-04-27,11.668
2006-04-29,11.69
2006-05-01,11.712
2006-05-03,11.733
2006-05-05,11.755
2006-05-07,11.777
2006-05-09,11.799
2006-05-12,11.799
2006-05-14,11.799
2006-05-16,11.821
2006-05-19,11.843
2006-05-21,11.865
2006-05-23,11.886
2006-05-26,11.908
2006-05-28,11.93
2006-05-30,11.952
2006-06-02,11.952
2006-06-07,11.952
2006-06-13,11.974
2006-06-19,11.996
2006-06-24,12.018
2006-06-30,12.039
2006-07-06,12.061
2006-07-11,12.083
2006-07-17,12.105
2006-07-23,12.105
2006-07-25,12.105
2006-07-27,12.127
2006-07-29,12.148
2006-07-31,12.17
2006-08-03,12.192
2006-08-05,12.214
2006-08-07,12.235
2006-08-09,12.257
2006-08-12,12.257
2006-08-15,12.257
2006-08-18,12.279
2006-08-22,12.301
2006-08-25,12.323
2006-08-29,12.344
2006-09-01,12.366
2006-09-05,12.388
2006-09-08,12.41
2006-09-12,12.41
2006-09-17,12.41
2006-09-22,12.432
2006-09-28,12.454
2006-10-03,12.476
2006-10-09,12.497
2006-10-14,12.519
2006-10-20,12.541
2006-10-25,12.563
2006-10-31,12.563
2006-11-03,12.563
2006-11-06,12.585
2006-11-10,12.607
2006-11-13,12.629
2006-11-16,12.65
2006-11-20,12.672
2006-11-23,12.694
2006-11-26,12.716
2006-11-30,12.716
2006-12-02,12.716
2006-12-04,12.738
2006-12-06,12.759
2006-12-08,12.781
2006-12-11,12.803
2006-12-13,12.825
2006-12-15,12.846
2006-12-17,12.868
2006-12-20,12.868
2006-12-24,12.868
2006-12-29,12.89
2007-01-02,12.912
2007-01-07,12.934
2007-01-11,12.955
2007-01-16,12.977
2007-01-20,12.999
2007-01-25,13.021
2007-01-30,13.021
2007-02-01,13.021
2007-02-03,13.024
2007-02-05,13.028
2007-02-07,13.031
2007-02-10,13.035
2007-02-12,13.038
2007-02-14,13.042
2007-02-16,13.045
2007-02-19,13.045
2007-02-21,13.045
2007-02-23,13.049
2007-02-25,13.052
2007-02-27,13.056
2007-03-01,13.059
2007-03-03,13.063
2007-03-05,13.066
2007-03-07,13.07
2007-03-09,13.07
2007-03-14,13.07
2007-03-19,13.073
2007-03-24,13.077
2007-03-29,13.08
2007-04-03,13.084
2007-04-08,13.087
2007-04-13,13.091
2007-04-18,13.094
2007-04-23,13.094
2007-04-25,13.094
2007-04-27,13.097
2007-04-29,13.101
2007-05-01,13.104
2007-05-03,13.108
2007-05-05,13.111
2007-05-07,13.115
2007-05-09,13.118
2007-05-12,13.118
2007-05-14,13.118
2007-05-16,13.121
2007-05-19,13.125
2007-05-21,13.128
2007-05-23,13.132
2007-05-26,13.135
2007-05-28,13.139
2007-05-30,13.142
2007-06-02,13.142
2007-06-07,13.142
2007-06-13,13.145
2007-06-19,13.149
2007-06-24,13.152
2007-06-30,13.156
2007-07-06,13.159
2007-07-11,13.163
2007-07-17,13.166
2007-07-23,13.166
2007-07-25,13.166
2007-07-27,13.17
2007-07-29,13.173
2007-07-31,13.177
2007-08-03,13.18
2007-08-05,13.184
2007-08-07,13.187
2007-08-09,13.191
2007-08-12,13.191
2007-08-15,13.191
2007-08-18,13.194
2007-08-22,13.198
2007-08-25,13.201
2007-08-29,13.205
2007-09-01,13.208
2007-09-05,13.212
2007-09-08,13.215
2007-09-12,13.215
2007-09-17,13.215
2007-09-22,13.218
2007-09-28,13.222
2007-10-03,13.225
2007-10-09,13.229
2007-10-14,13.232
2007-10-20,13.236
2007-10-25,13.239
2007-10-31,13.239
2007-11-03,13.239
2007-11-06,13.243
2007-11-10,13.246
2007-11-13,13.25
2007-11-16,13.253
2007-11-20,13.257
2007-11-23,13.26
2007-11-26,13.264
2007-11-30,13.264
2007-12-02,13.264
2007-12-04,13.267
2007-12-06,13.271
2007-12-08,13.274
2007-12-11,13.278
2007-12-13,13.281
2007-12-15,13.285
2007-12-17,13.288
2007-12-20,13.288
2007-12-24,13.288
2007-12-29,13.291
2008-01-02,13.295
2008-01-07,13.298
2008-01-11,13.302
2008-01-16,13.305
2008-01-20,13.309
2008-01-25,13.312
2008-01-30,13.312
2008-02-01,13.218
2008-02-03,13.231
2008-02-05,13.245
2008-02-07,13.258
2008-02-10,13.272
2008-02-12,13.285
2008-02-14,13.299
2008-02-16,13.312
2008-02-19,13.218
2008-02-21,13.125
2008-02-23,13.138
2008-02-25,13.152
2008-02-27,13.165
2008-02-29,13.178
2008-03-02,13.191
2008-03-04,13.205
2008-03-06,13.218
2008-03-09,13.125
2008-03-14,13.031
2008-03-19,13.044
2008-03-24,13.058
2008-03-29,13.071
2008-04-03,13.085
2008-04-08,13.098
2008-04-13,13.112
2008-04-18,13.125
2008-04-23,13.031
2008-04-25,12.937
2008-04-27,12.95
2008-04-29,12.964
2008-05-01,12.977
2008-05-03,12.991
2008-05-05,13.004
2008-05-07,13.018
2008-05-09,13.031
2008-05-12,12.937
2008-05-14,12.844
2008-05-16,12.857
2008-05-19,12.871
2008-05-21,12.884
2008-05-23,12.897
2008-05-26,12.91
2008-05-28,12.924
2008-05-30,12.937
2008-06-02,12.844
2008-06-07,12.75
2008-06-13,12.763
2008-06-19,12.777
2008-06-24,12.79
2008-06-30,12.804
2008-07-06,12.817
2008-07-11,12.831
2008-07-17,12.844
2008-07-23,12.75
2008-07-25,12.656
2008-07-27,12.669
2008-07-29,12.683
2008-07-31,12.696
2008-08-03,12.71
2008-08-05,12.723
2008-08-07,12.737
2008-08-09,12.75
2008-08-12,12.656
2008-08-15,12.563
2008-08-18,12.576
2008-08-22,12.59
2008-08-25,12.603
2008-08-29,12.616
2008-09-01,12.629
2008-09-05,12.643
2008-09-08,12.656
2008-09-12,12.563
2008-09-17,12.469
2008-09-22,12.482
2008-09-28,12.496
2008-10-03,12.509
2008-10-09,12.523
2008-10-14,12.536
2008-10-20,12.55
2008-10-25,12.563
2008-10-31,12.469
2008-11-03,12.375
2008-11-06,12.388
2008-11-10,12.402
2008-11-13,12.415
2008-11-16,12.429
2008-11-20,12.442
2008-11-23,12.456
2008-11-26,12.469
2008-11-30,12.375
2008-12-02,12.282
2008-12-04,12.295
2008-12-06,12.309
2008-12-08,12.322
2008-12-11,12.335
2008-12-13,12.348
2008-12-15,12.362
2008-12-17,12.375
2008-12-20,12.282
2008-12-24,12.188
2008-12-29,12.201
2009-01-02,12.215
2009-01-07,12.228
2009-01-11,12.242
2009-01-16,12.255
2009-01-20,12.269
2009-01-25,12.282
2009-01-30,12.188
2009-02-01,11.867
2009-02-03,11.913
2009-02-05,11.959
2009-02-07,12.005
2009-02-10,12.05
2009-02-12,12.096
2009-02-14,12.142
2009-02-16,12.188
2009-02-19,11.867
2009-02-21,11.546
2009-02-23,11.592
2009-02-25,11.638
2009-02-27,11.684
2009-03-01,11.729
2009-03-03,11.775
2009-03-05,11.821
2009-03-07,11.867
2009-03-09,11.546
2009-03-14,11.224
2009-03-19,11.27
2009-03-24,11.316
2009-03-29,11.362
2009-04-03,11.408
2009-04-08,11.454
2009-04-13,11.5
2009-04-18,11.546
2009-04-23,11.224
2009-04-25,10.903
2009-04-27,10.949
2009-04-29,10.995
2009-05-01,11.041
2009-05-03,11.086
2009-05-05,11.132
2009-05-07,11.178
2009-05-09,11.224
2009-05-12,10.903
2009-05-14,10.582
2009-05-16,10.628
2009-05-19,10.674
2009-05-21,10.72
2009-05-23,10.765
2009-05-26,10.811
2009-05-28,10.857
2009-05-30,10.903
2009-06-02,10.582
2009-06-07,10.26
2009-06-13,10.306
2009-06-19,10.352
2009-06-24,10.398
2009-06-30,10.444
2009-07-06,10.49
2009-07-11,10.536
2009-07-17,10.582
2009-07-23,10.26
2009-07-25,9.939
2009-07-27,9.985
2009-07-29,10.031
2009-07-31,10.077
2009-08-03,10.122
2009-08-05,10.168
2009-08-07,10.214
2009-08-09,10.26
2009-08-12,9.939
2009-08-15,9.618
2009-08-18,9.664
2009-08-22,9.71
2009-08-25,9.756
2009-08-29,9.801
2009-09-01,9.847
2009-09-05,9.893
2009-09-08,9.939
2009-09-12,9.618
2009-09-17,9.297
2009-09-22,9.343
2009-09-28,9.389
2009-10-03,9.435
2009-10-09,9.48
2009-10-14,9.526
2009-10-20,9.572
2009-10-25,9.618
2009-10-31,9.297
2009-11-03,8.976
2009-11-06,9.022
2009-11-10,9.068
2009-11-13,9.114
2009-11-16,9.159
2009-11-20,9.205
2009-11-23,9.251
2009-11-26,9.297
2009-11-30,8.976
2009-12-02,8.654
2009-12-04,8.7
2009-12-06,8.746
2009-12-08,8.792
2009-12-11,8.838
2009-12-13,8.884
2009-12-15,8.93
2009-12-17,8.976
2009-12-20,8.654
2009-12-24,8.333
2009-12-29,8.379
2010-01-02,8.425
2010-01-07,8.471
2010-01-11,8.516
2010-01-16,8.562
2010-01-20,8.608
2010-01-25,8.654
2010-01-30,8.333
2010-02-01,8.333
2010-02-03,8.355
2010-02-05,8.377
2010-02-07,8.399
2010-02-10,8.42
2010-02-12,8.442
2010-02-14,8.464
2010-02-16,8.486
2010-02-19,8.486
2010-02-21,8.486
2010-02-23,8.508
2010-02-25,8.53
2010-02-27,8.552
2010-03-01,8.573
2010-03-03,8.595
2010-03-05,8.617
2010-03-07,8.639
2010-03-10,8.639
2010-03-14,8.639
2010-03-19,8.661
2010-03-24,8.683
2010-03-29,8.705
2010-04-03,8.726
2010-04-08,8.748
2010-04-13,8.77
2010-04-18,8.792
2010-04-23,8.792
2010-04-25,8.792
2010-04-27,8.814
2010-04-29,8.835
2010-05-01,8.857
2010-05-03,8.879
2010-05-05,8.901
2010-05-07,8.922
2010-05-09,8.944
2010-05-12,8.944
2010-05-14,8.944
2010-05-16,8.966
2010-05-19,8.988
2010-05-21,9.01
2010-05-23,9.031
2010-05-26,9.053
2010-05-28,9.075
2010-05-30,9.097
2010-06-02,9.097
2010-06-07,9.097
2010-06-13,9.119
2010-06-19,9.141
2010-06-24,9.163
2010-06-30,9.184
2010-07-06,9.206
2010-07-11,9.228
2010-07-17,9.25
2010-07-23,9.25
2010-07-25,9.25
2010-07-27,9.272
2010-07-29,9.294
2010-07-31,9.316
2010-08-03,9.337
2010-08-05,9.359
2010-08-07,9.381
2010-08-09,9.403
2010-08-12,9.403
2010-08-15,9.403
2010-08-18,9.425
2010-08-22,9.447
2010-08-25,9.469
2010-08-29,9.49
2010-09-01,9.512
2010-09-05,9.534
2010-09-08,9.556
2010-09-12,9.556
2010-09-17,9.556
2010-09-22,9.578
2010-09-28,9.599
2010-10-03,9.621
2010-10-09,9.643
2010-10-14,9.665
2010-10-20,9.686
2010-10-25,9.708
2010-10-31,9.708
2010-11-03,9.708
2010-11-06,9.73
2010-11-10,9.752
2010-11-13,9.774
2010-11-16,9.795
2010-11-20,9.817
2010-11-23,9.839
2010-11-26,9.861
2010-11-30,9.861
2010-12-02,9.861
2010-12-04,9.883
2010-12-06,9.905
2010-12-08,9.927
2010-12-11,9.948
2010-12-13,9.97
2010-12-15,9.992
2010-12-17,10.014
2010-12-20,10.014
2010-12-23,10.014
2010-12-27,10.036
2010-12-31,10.058
2011-01-04,10.08
2011-01-07,10.101
2011-01-11,10.123
2011-01-15,10.145
2011-01-19,10.167
2011-01-23,10.167
2011-01-25,10.167
2011-01-27,10.172
2011-01-29,10.177
2011-01-31,10.182
2011-02-03,10.188
2011-02-05,10.193
2011-02-07,10.198
2011-02-09,10.203
2011-02-12,10.203
2011-02-15,10.203
2011-02-18,10.208
2011-02-21,10.214
2011-02-24,10.219
2011-02-27,10.224
2011-03-02,10.229
2011-03-05,10.235
2011-03-08,10.24
2011-03-12,10.24
2011-03-16,10.24
2011-03-20,10.245
2011-03-25,10.25
2011-03-29,10.255
2011-04-02,10.261
2011-04-07,10.266
2011-04-11,10.271
2011-04-15,10.276
2011-04-20,10.276
2011-04-22,10.276
2011-04-24,10.281
2011-04-27,10.287
2011-04-29,10.292
2011-05-02,10.297
2011-05-04,10.302
2011-05-07,10.308
2011-05-09,10.313
2011-05-12,10.313
2011-05-15,10.313
2011-05-19,10.318
2011-05-23,10.323
2011-05-27,10.328
2011-05-31,10.334
2011-06-04,10.339
2011-06-08,10.344
2011-06-12,10.349
2011-06-16,10.349
2011-06-20,10.349
2011-06-24,10.354
2011-06-29,10.36
2011-07-03,10.365
2011-07-08,10.37
2011-07-12,10.375
2011-07-17,10.381
2011-07-21,10.386
2011-07-26,10.386
2011-07-30,10.386
2011-08-03,10.391
2011-08-07,10.396
2011-08-11,10.401
2011-08-15,10.407
2011-08-19,10.412
2011-08-23,10.417
2011-08-27,10.422
2011-08-31,10.422
2011-09-01,10.422
2011-09-03,10.427
2011-09-05,10.432
2011-09-07,10.437
2011-09-08,10.443
2011-09-10,10.448
2011-09-12,10.453
2011-09-14,10.458
2011-09-16,10.458
2011-09-20,10.458
2011-09-25,10.463
2011-09-30,10.469
2011-10-04,10.474
2011-10-09,10.479
2011-10-14,10.484
2011-10-18,10.49
2011-10-23,10.495
2011-10-28,10.495
2011-10-31,10.495
2011-11-04,10.5
2011-11-08,10.505
2011-11-11,10.51
2011-11-15,10.516
2011-11-19,10.521
2011-11-22,10.526
2011-11-26,10.531
2011-11-30,10.531
2011-12-01,10.531
2011-12-03,10.536
2011-12-05,10.542
2011-12-07,10.547
2011-12-08,10.552
2011-12-10,10.557
2011-12-12,10.563
2011-12-14,10.568
2011-12-16,10.568
2011-12-20,10.568
2011-12-24,10.573
2011-12-29,10.578
2012-01-02,10.583
2012-01-06,10.589
2012-01-11,10.594
2012-01-15,10.599
2012-01-19,10.604
2012-01-24,10.604
2012-01-26,10.578
2012-01-29,10.582
2012-02-01,10.585
2012-02-04,10.589
2012-02-07,10.593
2012-02-10,10.597
2012-02-13,10.6
2012-02-16,10.604
2012-02-19,10.578
2012-02-21,10.552
2012-02-24,10.556
2012-02-27,10.559
2012-03-01,10.563
2012-03-03,10.567
2012-03-06,10.571
2012-03-09,10.574
2012-03-12,10.578
2012-03-15,10.552
2012-03-18,10.526
2012-03-22,10.53
2012-03-26,10.533
2012-03-29,10.537
2012-04-02,10.541
2012-04-06,10.545
2012-04-09,10.548
2012-04-13,10.552
2012-04-17,10.526
2012-04-21,10.5
2012-04-26,10.504
2012-05-01,10.507
2012-05-06,10.511
2012-05-11,10.515
2012-05-16,10.519
2012-05-21,10.522
2012-05-26,10.526
2012-05-31,10.5
2012-06-02,10.474
2012-06-04,10.478
2012-06-06,10.481
2012-06-08,10.485
2012-06-10,10.489
2012-06-12,10.493
2012-06-14,10.496
2012-06-16,10.5
2012-06-18,10.474
2012-06-22,10.448
2012-06-27,10.452
2012-07-02,10.455
2012-07-07,10.459
2012-07-11,10.463
2012-07-16,10.467
2012-07-21,10.47
2012-07-26,10.474
2012-07-31,10.448
2012-08-03,10.422
2012-08-06,10.426
2012-08-10,10.429
2012-08-13,10.433
2012-08-17,10.437
2012-08-20,10.441
2012-08-24,10.444
2012-08-27,10.448
2012-08-31,10.422
2012-09-01,10.396
2012-09-03,10.4
2012-09-05,10.403
2012-09-07,10.407
2012-09-09,10.411
2012-09-11,10.415
2012-09-13,10.418
2012-09-15,10.422
2012-09-17,10.396
2012-09-21,10.37
2012-09-26,10.374
2012-10-01,10.377
2012-10-06,10.381
2012-10-10,10.385
2012-10-15,10.389
2012-10-20,10.392
2012-10-25,10.396
2012-10-30,10.37
2012-11-02,10.344
2012-11-05,10.348
2012-11-09,10.351
2012-11-12,10.355
2012-11-16,10.359
2012-11-19,10.363
2012-11-23,10.366
2012-11-26,10.37
2012-11-30,10.344
2012-12-02,10.318
2012-12-04,10.322
2012-12-06,10.325
2012-12-08,10.329
2012-12-10,10.333
2012-12-12,10.337
2012-12-14,10.34
2012-12-16,10.344
2012-12-18,10.318
2012-12-22,10.292
2012-12-27,10.296
2013-01-01,10.299
2013-01-05,10.303
2013-01-10,10.307
2013-01-15,10.311
2013-01-19,10.314
2013-01-24,10.318
2013-01-29,10.292
2013-02-03,10.287
2013-02-08,10.288
2013-02-14,10.288
2013-02-19,10.289
2013-02-25,10.29
2013-03-02,10.291
2013-03-08,10.291
2013-03-13,10.292
2013-03-19,10.287
2013-03-24,10.282
2013-03-29,10.283
2013-04-03,10.283
2013-04-08,10.284
2013-04-13,10.285
2013-04-18,10.286
2013-04-23,10.286
2013-04-28,10.287
2013-05-03,10.282
2013-05-08,10.276
2013-05-13,10.277
2013-05-18,10.278
2013-05-23,10.279
2013-05-28,10.279
2013-06-02,10.28
2013-06-07,10.281
2013-06-12,10.282
2013-06-17,10.276
2013-06-21,10.271
2013-06-26,10.272
2013-07-01,10.272
2013-07-06,10.273
2013-07-10,10.274
2013-07-15,10.275
2013-07-20,10.275
2013-07-25,10.276
2013-07-30,10.271
2013-08-04,10.266
2013-08-10,10.267
2013-08-16,10.267
2013-08-22,10.268
2013-08-27,10.269
2013-09-02,10.27
2013-09-08,10.27
2013-09-14,10.271
2013-09-20,10.266
2013-09-24,10.26
2013-09-28,10.261
2013-10-03,10.262
2013-10-07,10.263
2013-10-11,10.263
2013-10-16,10.264
2013-10-20,10.265
2013-10-24,10.266
2013-10-29,10.26
2013-11-03,10.255
2013-11-09,10.256
2013-11-14,10.256
2013-11-20,10.257
2013-11-25,10.258
2013-12-01,10.259
2013-12-06,10.259
2013-12-12,10.26
2013-12-18,10.255
2013-12-22,10.25
2013-12-27,10.251
2013-12-31,10.251
2014-01-05,10.252
2014-01-09,10.253
2014-01-14,10.254
2014-01-18,10.254
2014-01-23,10.255
2014-01-28,10.25
2014-02-04,10.21
2014-02-11,10.216
2014-02-18,10.221
2014-02-25,10.227
2014-03-04,10.233
2014-03-11,10.239
2014-03-18,10.244
2014-03-25,10.25
2014-04-01,10.21
2014-04-08,10.169
2014-04-15,10.175
2014-04-22,10.181
2014-04-29,10.187
2014-05-06,10.192
2014-05-13,10.198
2014-05-20,10.204
2014-05-27,10.21
2014-06-03,10.169
2014-06-10,10.129
2014-06-17,10.135
2014-06-24,10.14
2014-07-01,10.146
2014-07-08,10.152
2014-07-15,10.158
2014-07-22,10.163
2014-07-29,10.169
2014-08-05,10.129
2014-08-11,10.089
2014-08-17,10.095
2014-08-23,10.1
2014-08-29,10.106
2014-09-05,10.112
2014-09-11,10.118
2014-09-17,10.123
2014-09-23,10.129
2014-09-30,10.089
2014-10-07,10.048
2014-10-14,10.054
2014-10-21,10.06
2014-10-28,10.066
2014-11-04,10.071
2014-11-11,10.077
2014-11-18,10.083
2014-11-25,10.089
2014-12-02,10.048
2014-12-06,10.008
2014-12-11,10.014
2014-12-16,10.019
2014-12-21,10.025
2014-12-26,10.031
2014-12-31,10.037
2015-01-05,10.042
2015-01-10,10.048
2015-01-15,10.008
2015-01-17,9.966
2015-01-19,9.972
2015-01-21,9.978
2015-01-23,9.984
2015-01-25,9.99
2015-01-27,9.996
2015-01-29,10.002
2015-01-31,10.008
2015-02-03,9.966
2015-02-06,9.924
2015-02-09,9.93
2015-02-12,9.936
2015-02-15,9.942
2015-02-19,9.948
2015-02-22,9.954
2015-02-25,9.96
2015-02-28,9.966
2015-03-04,9.924
2015-03-07,9.882
2015-03-11,9.888
2015-03-15,9.894
2015-03-19,9.9
2015-03-22,9.906
2015-03-26,9.912
2015-03-30,9.918
2015-04-03,9.924
2015-04-07,9.882
2015-04-13,9.84
2015-04-19,9.846
2015-04-25,9.852
2015-05-01,9.858
2015-05-08,9.864
2015-05-14,9.87
2015-05-20,9.876
2015-05-26,9.882
2015-06-02,9.84
2015-06-09,9.798
2015-06-16,9.804
2015-06-23,9.81
2015-06-30,9.816
2015-07-07,9.822
2015-07-14,9.828
2015-07-21,9.834
2015-07-28,9.84
2015-08-04,9.798
2015-08-10,9.756
2015-08-16,9.762
2015-08-22,9.768
2015-08-28,9.774
2015-09-04,9.78
2015-09-10,9.786
2015-09-16,9.792
2015-09-22,9.798
2015-09-29,9.756
2015-10-06,9.714
2015-10-13,9.72
2015-10-20,9.726
2015-10-27,9.732
2015-11-03,9.738
2015-11-10,9.744
2015-11-17,9.75
2015-11-24,9.756
2015-12-01,9.714
2015-12-08,9.672
2015-12-15,9.678
2015-12-22,9.684
2015-12-29,9.69
2016-01-05,9.696
2016-01-12,9.702
2016-01-19,9.708
2016-01-26,9.714
2016-02-02,9.672
2016-02-09,9.645
2016-02-16,9.649
2016-02-23,9.653
2016-03-01,9.657
2016-03-08,9.66
2016-03-15,9.664
2016-03-22,9.668
2016-03-29,9.672
2016-04-05,9.645
2016-04-12,9.617
2016-04-19,9.621
2016-04-26,9.625
2016-05-03,9.629
2016-05-10,9.633
2016-05-17,9.637
2016-05-24,9.641
2016-05-31,9.645
2016-06-07,9.617
2016-06-14,9.59
2016-06-21,9.594
2016-06-28,9.598
2016-07-05,9.602
2016-07-12,9.605
2016-07-19,9.609
2016-07-26,9.613
2016-08-02,9.617
2016-08-09,9.59
2016-08-15,9.563
2016-08-21,9.567
2016-08-27,9.571
2016-09-02,9.575
2016-09-09,9.578
2016-09-15,9.582
2016-09-21,9.586
2016-09-27,9.59
2016-10-04,9.563
2016-10-11,9.535
2016-10-18,9.539
2016-10-25,9.543
2016-11-01,9.547
2016-11-08,9.551
2016-11-15,9.555
2016-11-22,9.559
2016-11-29,9.563
2016-12-07,9.535
2016-12-14,9.508
2016-12-21,9.512
2016-12-28,9.516
2017-01-04,9.52
2017-01-11,9.523
2017-01-18,9.527
2017-01-25,9.531
2017-02-01,9.535
2017-02-08,9.508
2017-02-14,9.499
2017-02-20,9.5
2017-02-27,9.502
2017-03-05,9.503
2017-03-11,9.504
2017-03-18,9.505
2017-03-24,9.507
2017-03-30,9.508
2017-04-06,9.499
2017-04-12,9.49
2017-04-19,9.491
2017-04-26,9.493
2017-05-03,9.494
2017-05-10,9.495
2017-05-17,9.496
2017-05-24,9.498
2017-05-31,9.499
2017-06-07,9.49
2017-06-13,9.481
2017-06-19,9.482
2017-06-25,9.484
2017-07-01,9.485
2017-07-08,9.486
2017-07-14,9.487
2017-07-20,9.489
2017-07-26,9.49
2017-08-02,9.481
2017-08-09,9.472
2017-08-16,9.473
2017-08-23,9.475
2017-08-30,9.476
2017-09-06,9.477
2017-09-13,9.478
2017-09-20,9.48
2017-09-27,9.481
2017-10-04,9.472
2017-10-11,9.463
2017-10-18,9.464
2017-10-25,9.466
2017-11-01,9.467
2017-11-08,9.468
2017-11-15,9.469
2017-11-22,9.471
2017-11-29,9.472
2017-12-06,9.463
2017-12-13,9.454
2017-12-20,9.455
2017-12-27,9.457
2018-01-03,9.458
2018-01-10,9.459
2018-01-17,9.46
2018-01-24,9.462
2018-01-31,9.463
2018-02-07,9.454
2018-02-13,9.454
2018-02-19,9.454
2018-02-26,9.455
2018-03-04,9.455
2018-03-10,9.455
2018-03-17,9.455
2018-03-23,9.456
2018-03-29,9.456
2018-04-05,9.456
2018-04-11,9.456
2018-04-18,9.456
2018-04-25,9.457
2018-05-02,9.457
2018-05-09,9.457
2018-05-16,9.457
2018-05-23,9.458
2018-05-30,9.458
2018-06-06,9.458
2018-06-12,9.458
2018-06-18,9.458
2018-06-24,9.459
2018-06-30,9.459
2018-07-07,9.459
2018-07-13,9.459
2018-07-19,9.46
2018-07-25,9.46
2018-08-01,9.46
2018-08-08,9.46
2018-08-15,9.46
2018-08-22,9.461
2018-08-29,9.461
2018-09-06,9.461
2018-09-13,9.461
2018-09-20,9.462
2018-09-27,9.462
2018-10-05,9.462
2018-10-11,9.462
2018-10-18,9.462
2018-10-25,9.463
2018-11-01,9.463
2018-11-07,9.463
2018-11-14,9.463
2018-11-21,9.464
2018-11-28,9.464
2018-12-05,9.464
2018-12-12,9.464
2018-12-19,9.464
2018-12-26,9.465
2019-01-02,9.465
2019-01-09,9.465
2019-01-16,9.465
2019-01-23,9.466
2019-01-30,9.466
2019-02-07,9.466
2019-02-13,9.413
2019-02-19,9.421
2019-02-25,9.428
2019-03-03,9.436
2019-03-10,9.443
2019-03-16,9.451
2019-03-22,9.458
2019-03-28,9.466
2019-04-04,9.413
2019-04-11,9.361
2019-04-18,9.368
2019-04-25,9.376
2019-05-02,9.383
2019-05-09,9.391
2019-05-16,9.398
2019-05-23,9.406
2019-05-30,9.413
2019-06-06,9.361
2019-06-12,9.308
2019-06-19,9.316
2019-06-26,9.323
2019-07-03,9.331
2019-07-10,9.338
2019-07-17,9.346
2019-07-24,9.353
2019-07-31,9.361
2019-08-07,9.308
2019-08-13,9.255
2019-08-19,9.263
2019-08-26,9.27
2019-09-01,9.278
2019-09-08,9.285
2019-09-14,9.293
2019-09-21,9.3
2019-09-27,9.308
2019-10-04,9.255
2019-10-10,9.203
2019-10-17,9.21
2019-10-24,9.218
2019-10-31,9.225
2019-11-07,9.233
2019-11-14,9.24
2019-11-21,9.248
2019-11-28,9.255
2019-12-05,9.203
2019-12-12,9.15
2019-12-19,9.158
2019-12-26,9.165
2020-01-02,9.173
2020-01-09,9.18
2020-01-16,9.188
2020-01-23,9.195
2020-01-30,9.203
2020-02-06,9.15
2020-02-11,9.075
2020-02-17,9.086
2020-02-22,9.096
2020-02-28,9.107
2020-03-04,9.118
2020-03-10,9.129
2020-03-15,9.139
2020-03-21,9.15
2020-03-27,9.075
2020-04-02,8.999
2020-04-08,9.01
2020-04-14,9.021
2020-04-20,9.032
2020-04-27,9.042
2020-05-03,9.053
2020-05-09,9.064
2020-05-15,9.075
2020-05-22,8.999
2020-05-30,8.924
2020-06-07,8.935
2020-06-16,8.945
2020-06-24,8.956
2020-07-03,8.967
2020-07-11,8.978
2020-07-20,8.988
2020-07-28,8.999
2020-08-06,8.924
2020-08-13,8.849
2020-08-20,8.86
2020-08-27,8.87
2020-09-03,8.881
2020-09-10,8.892
2020-09-17,8.903
2020-09-24,8.913
2020-10-01,8.924
2020-10-09,8.849
2020-10-15,8.773
2020-10-21,8.784
2020-10-27,8.795
2020-11-02,8.806
2020-11-09,8.816
2020-11-15,8.827
2020-11-21,8.838
2020-11-27,8.849
2020-12-04,8.773
2020-12-11,8.698
2020-12-18,8.709
2020-12-25,8.719
2021-01-01,8.73
2021-01-08,8.741
2021-01-15,8.752
2021-01-22,8.762
2021-01-29,8.773
2021-02-05,8.698
2021-02-11,8.676
2021-02-18,8.679
2021-02-25,8.682
2021-03-04,8.685
2021-03-10,8.689
2021-03-17,8.692
2021-03-24,8.695
2021-03-31,8.698
2021-04-07,8.676
2021-04-13,8.654
2021-04-19,8.657
2021-04-26,8.66
2021-05-02,8.663
2021-05-09,8.667
2021-05-15,8.67
2021-05-22,8.673
2021-05-28,8.676
2021-06-04,8.654
2021-06-11,8.632
2021-06-18,8.635
2021-06-25,8.638
2021-07-02,8.641
2021-07-09,8.645
2021-07-16,8.648
2021-07-23,8.651
2021-07-30,8.654
2021-08-06,8.632
2021-08-13,8.611
2021-08-20,8.614
2021-08-27,8.617
2021-09-03,8.62
2021-09-10,8.623
2021-09-17,8.626
2021-09-24,8.629
2021-10-01,8.632
2021-10-08,8.611
2021-10-14,8.589
2021-10-21,8.592
2021-10-28,8.595
2021-11-04,8.598
2021-11-10,8.602
2021-11-17,8.605
2021-11-24,8.608
2021-12-01,8.611
2021-12-08,8.589
2021-12-15,8.567
2021-12-22,8.57
2021-12-29,8.573
2022-01-05,8.576
2022-01-12,8.58
2022-01-19,8.583
2022-01-26,8.586
2022-02-02,8.589
2022-02-10,8.567
2022-02-16,8.567
2022-02-22,8.59
2022-03-01,8.613
2022-03-07,8.636
2022-03-13,8.66
2022-03-20,8.683
2022-03-26,8.706
2022-04-01,8.729
2022-04-08,8.729
2022-04-10,8.729
2022-04-13,8.752
2022-04-16,8.775
2022-04-19,8.798
2022-04-22,8.822
2022-04-25,8.845
2022-04-28,8.868
2022-05-01,8.891
2022-05-04,8.891
2022-05-07,8.891
2022-05-11,8.914
2022-05-15,8.937
2022-05-19,8.96
2022-05-23,8.984
2022-05-27,9.007
2022-05-31,9.03
2022-06-04,9.053
2022-06-08,9.053
2022-06-14,9.053
2022-06-20,9.076
2022-06-27,9.099
2022-07-03,9.122
2022-07-10,9.145
2022-07-16,9.168
2022-07-23,9.191
2022-07-29,9.214
2022-08-05,9.214
2022-08-11,9.214
2022-08-17,9.237
2022-08-23,9.26
2022-08-29,9.283
2022-09-05,9.307
2022-09-11,9.33
2022-09-17,9.353
2022-09-23,9.376
2022-09-30,9.376
2022-10-07,9.376
2022-10-15,9.399
2022-10-22,9.422
2022-10-30,9.445
2022-11-06,9.469
2022-11-14,9.492
2022-11-21,9.515
2022-11-29,9.538
2022-12-07,9.538
2022-12-14,9.538
2022-12-21,9.561
2022-12-28,9.584
2023-01-04,9.607
2023-01-11,9.631
2023-01-18,9.654
2023-01-25,9.677
2023-02-01,9.7
2023-02-08,9.7
2023-02-14,9.7
2023-02-20,9.705
2023-02-27,9.709
2023-03-05,9.714
2023-03-11,9.719
2023-03-18,9.724
2023-03-24,9.728
2023-03-30,9.733
2023-04-06,9.733
2023-04-13,9.733
2023-04-20,9.738
2023-04-27,9.743
2023-05-04,9.748
2023-05-11,9.752
2023-05-18,9.757
2023-05-25,9.762
2023-06-01,9.767
2023-06-08,9.767
2023-06-15,9.767
2023-06-22,9.772
2023-06-29,9.776
2023-07-06,9.781
2023-07-13,9.786
2023-07-20,9.791
2023-07-27,9.795
2023-08-03,9.8
2023-08-10,9.8
2023-08-16,9.8
2023-08-22,9.805
2023-08-29,9.809
2023-09-04,9.814
2023-09-10,9.819
2023-09-17,9.824
2023-09-23,9.828
2023-09-29,9.833
2023-10-06,9.833
2023-10-13,9.833
2023-10-20,9.838
2023-10-27,9.843
2023-11-03,9.848
2023-11-10,9.852
2023-11-17,9.857
2023-11-24,9.862
2023-12-01,9.867
2023-12-08,9.867
2023-12-14,9.867
2023-12-21,9.872
2023-12-28,9.876
2024-01-04,9.881
2024-01-11,9.886
2024-01-18,9.891
2024-01-25,9.895
2024-02-01,9.9
2024-02-08,9.9
2024-02-14,9.9
2024-02-20,9.902
2024-02-27,9.905
2024-03-04,9.907
2024-03-10,9.91
2024-03-17,9.912
2024-03-23,9.915
2024-03-29,9.917
2024-04-05,9.917
2024-04-12,9.917
2024-04-19,9.919
2024-04-26,9.922
2024-05-03,9.924
2024-05-10,9.926
2024-05-17,9.928
2024-05-24,9.931
2024-05-31,9.933
2024-06-07,9.933
2024-06-13,9.933
2024-06-20,9.935
2024-06-27,9.938
2024-07-04,9.94
2024-07-11,9.943
2024-07-18,9.945
2024-07-25,9.948
2024-08-01,9.95
2024-08-08,9.95
2024-08-14,9.95
2024-08-21,9.952
2024-08-28,9.955
2024-09-04,9.957
2024-09-11,9.96
2024-09-18,9.962
2024-09-25,9.965
2024-10-02,9.967
2024-10-09,9.967
2024-10-15,9.967
2024-10-21,9.969
2024-10-28,9.972
2024-11-03,9.974
2024-11-10,9.976
2024-11-16,9.978
2024-11-23,9.981
2024-11-29,9.983
2024-12-06,9.983
2024-12-13,9.983
2024-12-20,9.985
2024-12-27,9.988
2025-01-03,9.99
2025-01-10,9.993
2025-01-17,9.995
2025-01-24,9.998
2025-01-31,10.0
2025-02-07,10.0
