Date,1 Year,2 Year,3 Year,5 Year
2000-01-30,6.9,7.0,7.1,7.5
2000-02-01,6.886,6.985,7.084,7.492
2000-02-03,6.873,6.971,7.069,7.484
2000-02-05,6.859,6.956,7.053,7.476
2000-02-07,6.845,6.941,7.037,7.469
2000-02-10,6.831,6.926,7.022,7.461
2000-02-12,6.818,6.912,7.006,7.453
2000-02-14,6.804,6.897,6.99,7.445
2000-02-16,6.79,6.882,6.975,7.437
2000-02-19,6.776,6.868,6.959,7.429
2000-02-21,6.763,6.853,6.943,7.422
2000-02-23,6.749,6.838,6.927,7.414
2000-02-25,6.735,6.824,6.912,7.406
2000-02-27,6.722,6.809,6.896,7.398
2000-02-29,6.708,6.794,6.88,7.39
2000-03-02,6.694,6.779,6.865,7.382
2000-03-04,6.68,6.765,6.849,7.375
2000-03-06,6.667,6.75,6.833,7.367
2000-03-09,6.653,6.735,6.818,7.359
2000-03-14,6.639,6.721,6.802,7.351
2000-03-19,6.625,6.706,6.786,7.343
2000-03-24,6.612,6.691,6.771,7.335
2000-03-29,6.598,6.676,6.755,7.327
2000-04-03,6.584,6.662,6.739,7.32
2000-04-08,6.571,6.647,6.724,7.312
2000-04-13,6.557,6.632,6.708,7.304
2000-04-18,6.543,6.618,6.692,7.296
2000-04-23,6.529,6.603,6.676,7.288
2000-04-25,6.516,6.588,6.661,7.28
2000-04-27,6.502,6.574,6.645,7.273
2000-04-29,6.488,6.559,6.629,7.265
2000-05-01,6.475,6.544,6.614,7.257
2000-05-03,6.461,6.529,6.598,7.249
2000-05-05,6.447,6.515,6.582,7.241
2000-05-07,6.433,6.5,6.567,7.233
2000-05-09,6.42,6.485,6.551,7.225
2000-05-12,6.406,6.471,6.535,7.218
2000-05-14,6.392,6.456,6.52,7.21
2000-05-16,6.378,6.441,6.504,7.202
2000-05-19,6.365,6.426,6.488,7.194
2000-05-21,6.351,6.412,6.473,7.186
2000-05-23,6.337,6.397,6.457,7.178
2000-05-26,6.324,6.382,6.441,7.171
2000-05-28,6.31,6.368,6.425,7.163
2000-05-30,6.296,6.353,6.41,7.155
2000-06-02,6.282,6.338,6.394,7.147
2000-06-07,6.269,6.324,6.378,7.139
2000-06-13,6.255,6.309,6.363,7.131
2000-06-19,6.241,6.294,6.347,7.124
2000-06-24,6.227,6.279,6.331,7.116
2000-06-30,6.214,6.265,6.316,7.108
2000-07-06,6.2,6.25,6.3,7.1
2000-07-11,6.186,6.235,6.284,7.092
2000-07-17,6.173,6.221,6.269,7.084
2000-07-23,6.159,6.206,6.253,7.076
2000-07-25,6.145,6.191,6.237,7.069
2000-07-27,6.131,6.176,6.222,7.061
2000-07-29,6.118,6.162,6.206,7.053
2000-07-31,6.104,6.147,6.19,7.045
2000-08-03,6.09,6.132,6.175,7.037
2000-08-05,6.076,6.118,6.159,7.029
2000-08-07,6.063,6.103,6.143,7.022
2000-08-09,6.049,6.088,6.127,7.014
2000-08-12,6.035,6.074,6.112,7.006
2000-08-15,6.022,6.059,6.096,6.998
2000-08-18,6.008,6.044,6.08,6.99
2000-08-22,5.994,6.029,6.065,6.982
2000-08-25,5.98,6.015,6.049,6.975
2000-08-29,5.967,6.0,6.033,6.967
2000-09-01,5.953,5.985,6.018,6.959
2000-09-05,5.939,5.971,6.002,6.951
2000-09-08,5.925,5.956,5.986,6.943
2000-09-12,5.912,5.941,5.971,6.935
2000-09-17,5.898,5.926,5.955,6.927
2000-09-22,5.884,5.912,5.939,6.92
2000-09-28,5.871,5.897,5.924,6.912
2000-10-03,5.857,5.882,5.908,6.904
2000-10-09,5.843,5.868,5.892,6.896
2000-10-14,5.829,5.853,5.876,6.888
2000-10-20,5.816,5.838,5.861,6.88
2000-10-25,5.802,5.824,5.845,6.873
2000-10-31,5.788,5.809,5.829,6.865
2000-11-03,5.775,5.794,5.814,6.857
2000-11-06,5.761,5.779,5.798,6.849
2000-11-10,5.747,5.765,5.782,6.841
2000-11-13,5.733,5.75,5.767,6.833
2000-11-16,5.72,5.735,5.751,6.825
2000-11-20,5.706,5.721,5.735,6.818
2000-11-23,5.692,5.706,5.72,6.81
2000-11-26,5.678,5.691,5.704,6.802
2000-11-30,5.665,5.676,5.688,6.794
2000-12-02,5.651,5.662,5.673,6.786
2000-12-04,5.637,5.647,5.657,6.778
2000-12-06,5.624,5.632,5.641,6.771
2000-12-08,5.61,5.618,5.625,6.763
2000-12-11,5.596,5.603,5.61,6.755
2000-12-13,5.582,5.588,5.594,6.747
2000-12-15,5.569,5.574,5.578,6.739
2000-12-17,5.555,5.559,5.563,6.731
2000-12-20,5.541,5.544,5.547,6.724
2000-12-24,5.527,5.529,5.531,6.716
2000-12-29,5.514,5.515,5.516,6.708
2001-01-02,5.5,5.5,5.5,6.7
2001-01-07,5.5,5.5,5.5,6.7
2001-01-11,5.5,5.5,5.5,6.7
2001-01-16,5.5,5.5,5.5,6.7
2001-01-20,5.5,5.5,5.5,6.7
2001-01-25,5.5,5.5,5.5,6.7
2001-01-30,5.5,5.5,5.5,6.7
2001-02-01,5.5,5.5,5.5,6.7
2001-02-03,5.5,5.5,5.5,6.7
2001-02-05,5.5,5.5,5.5,6.7
2001-02-07,5.5,5.5,5.5,6.7
2001-02-10,5.5,5.5,5.5,6.7
2001-02-12,5.5,5.5,5.5,6.7
2001-02-14,5.5,5.5,5.5,6.7
2001-02-16,5.5,5.5,5.5,6.7
2001-02-19,5.5,5.5,5.5,6.7
2001-02-21,5.5,5.5,5.5,6.7
2001-02-23,5.5,5.5,5.5,6.7
2001-02-25,5.5,5.5,5.5,6.7
2001-02-27,5.5,5.5,5.5,6.7
2001-03-01,5.5,5.5,5.5,6.7
2001-03-03,5.5,5.5,5.5,6.7
2001-03-05,5.5,5.5,5.5,6.7
2001-03-07,5.5,5.5,5.5,6.7
2001-03-09,5.5,5.5,5.5,6.7
2001-03-14,5.5,5.5,5.5,6.7
2001-03-19,5.5,5.5,5.5,6.7
2001-03-24,5.5,5.5,5.5,6.7
2001-03-29,5.5,5.5,5.5,6.7
2001-04-03,5.5,5.5,5.5,6.7
2001-04-08,5.5,5.5,5.5,6.7
2001-04-13,5.5,5.5,5.5,6.7
2001-04-18,5.5,5.5,5.5,6.7
2001-04-23,5.5,5.5,5.5,6.7
2001-04-25,5.5,5.5,5.5,6.7
2001-04-27,5.5,5.5,5.5,6.7
2001-04-29,5.5,5.5,5.5,6.7
2001-05-01,5.5,5.5,5.5,6.7
2001-05-03,5.5,5.5,5.5,6.7
2001-05-05,5.5,5.5,5.5,6.7
2001-05-07,5.5,5.5,5.5,6.7
2001-05-09,5.5,5.5,5.5,6.7
2001-05-12,5.5,5.5,5.5,6.7
2001-05-14,5.5,5.5,5.5,6.7
2001-05-16,5.5,5.5,5.5,6.7
2001-05-19,5.5,5.5,5.5,6.7
2001-05-21,5.5,5.5,5.5,6.7
2001-05-23,5.5,5.5,5.5,6.7
2001-05-26,5.5,5.5,5.5,6.7
2001-05-28,5.5,5.5,5.5,6.7
2001-05-30,5.5,5.5,5.5,6.7
2001-06-02,5.5,5.5,5.5,6.7
2001-06-07,5.5,5.5,5.5,6.7
2001-06-13,5.5,5.5,5.5,6.7
2001-06-19,5.5,5.5,5.5,6.7
2001-06-24,5.5,5.5,5.5,6.7
2001-06-30,5.5,5.5,5.5,6.7
2001-07-06,5.5,5.5,5.5,6.7
2001-07-11,5.5,5.5,5.5,6.7
2001-07-17,5.5,5.5,5.5,6.7
2001-07-23,5.5,5.5,5.5,6.7
2001-07-25,5.5,5.5,5.5,6.7
2001-07-27,5.5,5.5,5.5,6.7
2001-07-29,5.5,5.5,5.5,6.7
2001-07-31,5.5,5.5,5.5,6.7
2001-08-03,5.5,5.5,5.5,6.7
2001-08-05,5.5,5.5,5.5,6.7
2001-08-07,5.5,5.5,5.5,6.7
2001-08-09,5.5,5.5,5.5,6.7
2001-08-12,5.5,5.5,5.5,6.7
2001-08-15,5.5,5.5,5.5,6.7
2001-08-18,5.5,5.5,5.5,6.7
2001-08-22,5.5,5.5,5.5,6.7
2001-08-25,5.5,5.5,5.5,6.7
2001-08-29,5.5,5.5,5.5,6.7
2001-09-01,5.5,5.5,5.5,6.7
2001-09-05,5.5,5.5,5.5,6.7
2001-09-08,5.5,5.5,5.5,6.7
2001-09-12,5.5,5.5,5.5,6.7
2001-09-17,5.5,5.5,5.5,6.7
2001-09-22,5.5,5.5,5.5,6.7
2001-09-28,5.5,5.5,5.5,6.7
2001-10-03,5.5,5.5,5.5,6.7
2001-10-09,5.5,5.5,5.5,6.7
2001-10-14,5.5,5.5,5.5,6.7
2001-10-20,5.5,5.5,5.5,6.7
2001-10-25,5.5,5.5,5.5,6.7
2001-10-31,5.5,5.5,5.5,6.7
2001-11-03,5.5,5.5,5.5,6.7
2001-11-06,5.5,5.5,5.5,6.7
2001-11-10,5.5,5.5,5.5,6.7
2001-11-13,5.5,5.5,5.5,6.7
2001-11-16,5.5,5.5,5.5,6.7
2001-11-20,5.5,5.5,5.5,6.7
2001-11-23,5.5,5.5,5.5,6.7
2001-11-26,5.5,5.5,5.5,6.7
2001-11-30,5.5,5.5,5.5,6.7
2001-12-02,5.5,5.5,5.5,6.7
2001-12-04,5.5,5.5,5.5,6.7
2001-12-06,5.5,5.5,5.5,6.7
2001-12-08,5.5,5.5,5.5,6.7
2001-12-11,5.5,5.5,5.5,6.7
2001-12-13,5.5,5.5,5.5,6.7
2001-12-15,5.5,5.5,5.5,6.7
2001-12-17,5.5,5.5,5.5,6.7
2001-12-20,5.5,5.5,5.5,6.7
2001-12-24,5.5,5.5,5.5,6.7
2001-12-29,5.5,5.5,5.5,6.7
2002-01-02,5.5,5.5,5.5,6.7
2002-01-07,5.503,5.503,5.504,6.701
2002-01-11,5.505,5.507,5.508,6.701
2002-01-16,5.508,5.51,5.512,6.702
2002-01-20,5.51,5.514,5.516,6.703
2002-01-25,5.513,5.517,5.52,6.703
2002-01-30,5.515,5.521,5.524,6.704
2002-02-01,5.518,5.524,5.528,6.705
2002-02-03,5.52,5.528,5.531,6.706
2002-02-05,5.523,5.531,5.535,6.706
2002-02-07,5.525,5.535,5.539,6.707
2002-02-10,5.528,5.538,5.543,6.708
2002-02-12,5.531,5.542,5.547,6.708
2002-02-14,5.533,5.545,5.551,6.709
2002-02-16,5.536,5.549,5.555,6.71
2002-02-19,5.538,5.552,5.559,6.71
2002-02-21,5.541,5.556,5.563,6.711
2002-02-23,5.543,5.559,5.567,6.712
2002-02-25,5.546,5.562,5.571,6.712
2002-02-27,5.548,5.566,5.575,6.713
2002-03-01,5.551,5.569,5.579,6.714
2002-03-03,5.553,5.573,5.583,6.715
2002-03-05,5.556,5.576,5.587,6.715
2002-03-07,5.559,5.58,5.591,6.716
2002-03-09,5.561,5.583,5.594,6.717
2002-03-14,5.564,5.587,5.598,6.717
2002-03-19,5.566,5.59,5.602,6.718
2002-03-24,5.569,5.594,5.606,6.719
2002-03-29,5.571,5.597,5.61,6.719
2002-04-03,5.574,5.601,5.614,6.72
2002-04-08,5.576,5.604,5.618,6.721
2002-04-13,5.579,5.608,5.622,6.722
2002-04-18,5.581,5.611,5.626,6.722
2002-04-23,5.584,5.615,5.63,6.723
2002-04-25,5.587,5.618,5.634,6.724
2002-04-27,5.589,5.622,5.638,6.724
2002-04-29,5.592,5.625,5.642,6.725
2002-05-01,5.594,5.628,5.646,6.726
2002-05-03,5.597,5.632,5.65,6.726
2002-05-05,5.599,5.635,5.653,6.727
2002-05-07,5.602,5.639,5.657,6.728
2002-05-09,5.604,5.642,5.661,6.728
2002-05-12,5.607,5.646,5.665,6.729
2002-05-14,5.609,5.649,5.669,6.73
2002-05-16,5.612,5.653,5.673,6.731
2002-05-19,5.615,5.656,5.677,6.731
2002-05-21,5.617,5.66,5.681,6.732
2002-05-23,5.62,5.663,5.685,6.733
2002-05-26,5.622,5.667,5.689,6.733
2002-05-28,5.625,5.67,5.693,6.734
2002-05-30,5.627,5.674,5.697,6.735
2002-06-02,5.63,5.677,5.701,6.735
2002-06-07,5.632,5.681,5.705,6.736
2002-06-13,5.635,5.684,5.709,6.737
2002-06-19,5.638,5.688,5.712,6.738
2002-06-24,5.64,5.691,5.716,6.738
2002-06-30,5.643,5.694,5.72,6.739
2002-07-06,5.645,5.698,5.724,6.74
2002-07-11,5.648,5.701,5.728,6.74
2002-07-17,5.65,5.705,5.732,6.741
2002-07-23,5.653,5.708,5.736,6.742
2002-07-25,5.655,5.712,5.74,6.742
2002-07-27,5.658,5.715,5.744,6.743
2002-07-29,5.66,5.719,5.748,6.744
2002-07-31,5.663,5.722,5.752,6.744
2002-08-03,5.666,5.726,5.756,6.745
2002-08-05,5.668,5.729,5.76,6.746
2002-08-07,5.671,5.733,5.764,6.747
2002-08-09,5.673,5.736,5.768,6.747
2002-08-12,5.676,5.74,5.772,6.748
2002-08-15,5.678,5.743,5.775,6.749
2002-08-18,5.681,5.747,5.779,6.749
2002-08-22,5.683,5.75,5.783,6.75
2002-08-25,5.686,5.753,5.787,6.751
2002-08-29,5.688,5.757,5.791,6.751
2002-09-01,5.691,5.76,5.795,6.752
2002-09-05,5.694,5.764,5.799,6.753
2002-09-08,5.696,5.767,5.803,6.753
2002-09-12,5.699,5.771,5.807,6.754
2002-09-17,5.701,5.774,5.811,6.755
2002-09-22,5.704,5.778,5.815,6.756
2002-09-28,5.706,5.781,5.819,6.756
2002-10-03,5.709,5.785,5.823,6.757
2002-10-09,5.711,5.788,5.827,6.758
2002-10-14,5.714,5.792,5.831,6.758
2002-10-20,5.716,5.795,5.834,6.759
2002-10-25,5.719,5.799,5.838,6.76
2002-10-31,5.722,5.802,5.842,6.76
2002-11-03,5.724,5.806,5.846,6.761
2002-11-06,5.727,5.809,5.85,6.762
2002-11-10,5.729,5.812,5.854,6.762
2002-11-13,5.732,5.816,5.858,6.763
2002-11-16,5.734,5.819,5.862,6.764
2002-11-20,5.737,5.823,5.866,6.765
2002-11-23,5.739,5.826,5.87,6.765
2002-11-26,5.742,5.83,5.874,6.766
2002-11-30,5.744,5.833,5.878,6.767
2002-12-02,5.747,5.837,5.882,6.767
2002-12-04,5.75,5.84,5.886,6.768
2002-12-06,5.752,5.844,5.89,6.769
2002-12-08,5.755,5.847,5.894,6.769
2002-12-11,5.757,5.851,5.897,6.77
2002-12-13,5.76,5.854,5.901,6.771
2002-12-15,5.762,5.858,5.905,6.772
2002-12-17,5.765,5.861,5.909,6.772
2002-12-20,5.767,5.865,5.913,6.773
2002-12-24,5.77,5.868,5.917,6.774
2002-12-29,5.772,5.872,5.921,6.774
2003-01-02,5.775,5.875,5.925,6.775
2003-01-07,5.779,5.881,5.934,6.782
2003-01-11,5.784,5.887,5.944,6.788
2003-01-16,5.788,5.892,5.953,6.795
2003-01-20,5.793,5.898,5.962,6.802
2003-01-25,5.797,5.904,5.971,6.809
2003-01-30,5.801,5.91,5.981,6.815
2003-02-01,5.806,5.916,5.99,6.822
2003-02-03,5.81,5.921,5.999,6.829
2003-02-05,5.815,5.927,6.008,6.835
2003-02-07,5.819,5.933,6.018,6.842
2003-02-10,5.823,5.939,6.027,6.849
2003-02-12,5.828,5.944,6.036,6.856
2003-02-14,5.832,5.95,6.045,6.862
2003-02-16,5.837,5.956,6.055,6.869
2003-02-19,5.841,5.962,6.064,6.876
2003-02-21,5.845,5.968,6.073,6.882
2003-02-23,5.85,5.973,6.082,6.889
2003-02-25,5.854,5.979,6.092,6.896
2003-02-27,5.859,5.985,6.101,6.903
2003-03-01,5.863,5.991,6.11,6.909
2003-03-03,5.867,5.997,6.119,6.916
2003-03-05,5.872,6.002,6.129,6.923
2003-03-07,5.876,6.008,6.138,6.929
2003-03-09,5.881,6.014,6.147,6.936
2003-03-14,5.885,6.02,6.156,6.943
2003-03-19,5.889,6.025,6.166,6.95
2003-03-24,5.894,6.031,6.175,6.956
2003-03-29,5.898,6.037,6.184,6.963
2003-04-03,5.903,6.043,6.194,6.97
2003-04-08,5.907,6.049,6.203,6.976
2003-04-13,5.911,6.054,6.212,6.983
2003-04-18,5.916,6.06,6.221,6.99
2003-04-23,5.92,6.066,6.231,6.997
2003-04-25,5.925,6.072,6.24,7.003
2003-04-27,5.929,6.078,6.249,7.01
2003-04-29,5.933,6.083,6.258,7.017
2003-05-01,5.938,6.089,6.268,7.023
2003-05-03,5.942,6.095,6.277,7.03
2003-05-05,5.947,6.101,6.286,7.037
2003-05-07,5.951,6.106,6.295,7.044
2003-05-09,5.955,6.112,6.305,7.05
2003-05-12,5.96,6.118,6.314,7.057
2003-05-14,5.964,6.124,6.323,7.064
2003-05-16,5.969,6.13,6.332,7.07
2003-05-19,5.973,6.135,6.342,7.077
2003-05-21,5.977,6.141,6.351,7.084
2003-05-23,5.982,6.147,6.36,7.091
2003-05-26,5.986,6.153,6.369,7.097
2003-05-28,5.991,6.159,6.379,7.104
2003-05-30,5.995,6.164,6.388,7.111
2003-06-02,5.999,6.17,6.397,7.117
2003-06-07,6.004,6.176,6.406,7.124
2003-06-13,6.008,6.182,6.416,7.131
2003-06-19,6.012,6.188,6.425,7.138
2003-06-24,6.017,6.193,6.434,7.144
2003-06-30,6.021,6.199,6.444,7.151
2003-07-06,6.026,6.205,6.453,7.158
2003-07-11,6.03,6.211,6.462,7.164
2003-07-17,6.034,6.216,6.471,7.171
2003-07-23,6.039,6.222,6.481,7.178
2003-07-25,6.043,6.228,6.49,7.184
2003-07-27,6.048,6.234,6.499,7.191
2003-07-29,6.052,6.24,6.508,7.198
2003-07-31,6.056,6.245,6.518,7.205
2003-08-03,6.061,6.251,6.527,7.211
2003-08-05,6.065,6.257,6.536,7.218
2003-08-07,6.07,6.263,6.545,7.225
2003-08-09,6.074,6.269,6.555,7.231
2003-08-12,6.078,6.274,6.564,7.238
2003-08-15,6.083,6.28,6.573,7.245
2003-08-18,6.087,6.286,6.582,7.252
2003-08-22,6.092,6.292,6.592,7.258
2003-08-25,6.096,6.297,6.601,7.265
2003-08-29,6.1,6.303,6.61,7.272
2003-09-01,6.105,6.309,6.619,7.278
2003-09-05,6.109,6.315,6.629,7.285
2003-09-08,6.114,6.321,6.638,7.292
2003-09-12,6.118,6.326,6.647,7.299
2003-09-17,6.122,6.332,6.656,7.305
2003-09-22,6.127,6.338,6.666,7.312
2003-09-28,6.131,6.344,6.675,7.319
2003-10-03,6.136,6.35,6.684,7.325
2003-10-09,6.14,6.355,6.694,7.332
2003-10-14,6.144,6.361,6.703,7.339
2003-10-20,6.149,6.367,6.712,7.346
2003-10-25,6.153,6.373,6.721,7.352
2003-10-31,6.158,6.378,6.731,7.359
2003-11-03,6.162,6.384,6.74,7.366
2003-11-06,6.166,6.39,6.749,7.372
2003-11-10,6.171,6.396,6.758,7.379
2003-11-13,6.175,6.402,6.768,7.386
2003-11-16,6.18,6.407,6.777,7.393
2003-11-20,6.184,6.413,6.786,7.399
2003-11-23,6.188,6.419,6.795,7.406
2003-11-26,6.193,6.425,6.805,7.413
2003-11-30,6.197,6.431,6.814,7.419
2003-12-02,6.202,6.436,6.823,7.426
2003-12-04,6.206,6.442,6.832,7.433
2003-12-06,6.21,6.448,6.842,7.44
2003-12-08,6.215,6.454,6.851,7.446
2003-12-11,6.219,6.459,6.86,7.453
2003-12-13,6.224,6.465,6.869,7.46
2003-12-15,6.228,6.471,6.879,7.466
2003-12-17,6.232,6.477,6.888,7.473
2003-12-20,6.237,6.483,6.897,7.48
2003-12-24,6.241,6.488,6.906,7.487
2003-12-29,6.246,6.494,6.916,7.493
2004-01-02,6.25,6.5,6.925,7.5
2004-01-07,6.25,6.5,6.926,7.5
2004-01-11,6.25,6.5,6.926,7.5
2004-01-16,6.25,6.5,6.927,7.5
2004-01-20,6.25,6.5,6.928,7.5
2004-01-25,6.25,6.5,6.928,7.5
2004-01-30,6.25,6.5,6.929,7.5
2004-02-01,6.25,6.5,6.93,7.5
2004-02-03,6.25,6.5,6.931,7.5
2004-02-05,6.25,6.5,6.931,7.5
2004-02-07,6.25,6.5,6.932,7.5
2004-02-10,6.25,6.5,6.933,7.5
2004-02-12,6.25,6.5,6.933,7.5
2004-02-14,6.25,6.5,6.934,7.5
2004-02-16,6.25,6.5,6.935,7.5
2004-02-19,6.25,6.5,6.935,7.5
2004-02-21,6.25,6.5,6.936,7.5
2004-02-23,6.25,6.5,6.937,7.5
2004-02-25,6.25,6.5,6.938,7.5
2004-02-27,6.25,6.5,6.938,7.5
2004-02-29,6.25,6.5,6.939,7.5
2004-03-02,6.25,6.5,6.94,7.5
2004-03-04,6.25,6.5,6.94,7.5
2004-03-06,6.25,6.5,6.941,7.5
2004-03-09,6.25,6.5,6.942,7.5
2004-03-14,6.25,6.5,6.942,7.5
2004-03-19,6.25,6.5,6.943,7.5
2004-03-24,6.25,6.5,6.944,7.5
2004-03-29,6.25,6.5,6.944,7.5
2004-04-03,6.25,6.5,6.945,7.5
2004-04-08,6.25,6.5,6.946,7.5
2004-04-13,6.25,6.5,6.947,7.5
2004-04-18,6.25,6.5,6.947,7.5
2004-04-23,6.25,6.5,6.948,7.5
2004-04-25,6.25,6.5,6.949,7.5
2004-04-27,6.25,6.5,6.949,7.5
2004-04-29,6.25,6.5,6.95,7.5
2004-05-01,6.25,6.5,6.951,7.5
2004-05-03,6.25,6.5,6.951,7.5
2004-05-05,6.25,6.5,6.952,7.5
2004-05-07,6.25,6.5,6.953,7.5
2004-05-09,6.25,6.5,6.953,7.5
2004-05-12,6.25,6.5,6.954,7.5
2004-05-14,6.25,6.5,6.955,7.5
2004-05-16,6.25,6.5,6.956,7.5
2004-05-19,6.25,6.5,6.956,7.5
2004-05-21,6.25,6.5,6.957,7.5
2004-05-23,6.25,6.5,6.958,7.5
2004-05-26,6.25,6.5,6.958,7.5
2004-05-28,6.25,6.5,6.959,7.5
2004-05-30,6.25,6.5,6.96,7.5
2004-06-02,6.25,6.5,6.96,7.5
2004-06-07,6.25,6.5,6.961,7.5
2004-06-13,6.25,6.5,6.962,7.5
2004-06-19,6.25,6.5,6.962,7.5
2004-06-24,6.25,6.5,6.963,7.5
2004-06-30,6.25,6.5,6.964,7.5
2004-07-06,6.25,6.5,6.965,7.5
2004-07-11,6.25,6.5,6.965,7.5
2004-07-17,6.25,6.5,6.966,7.5
2004-07-23,6.25,6.5,6.967,7.5
2004-07-25,6.25,6.5,6.967,7.5
2004-07-27,6.25,6.5,6.968,7.5
2004-07-29,6.25,6.5,6.969,7.5
2004-07-31,6.25,6.5,6.969,7.5
2004-08-03,6.25,6.5,6.97,7.5
2004-08-05,6.25,6.5,6.971,7.5
2004-08-07,6.25,6.5,6.972,7.5
2004-08-09,6.25,6.5,6.972,7.5
2004-08-12,6.25,6.5,6.973,7.5
2004-08-15,6.25,6.5,6.974,7.5
2004-08-18,6.25,6.5,6.974,7.5
2004-08-22,6.25,6.5,6.975,7.5
2004-08-25,6.25,6.5,6.976,7.5
2004-08-29,6.25,6.5,6.976,7.5
2004-09-01,6.25,6.5,6.977,7.5
2004-09-05,6.25,6.5,6.978,7.5
2004-09-08,6.25,6.5,6.978,7.5
2004-09-12,6.25,6.5,6.979,7.5
2004-09-17,6.25,6.5,6.98,7.5
2004-09-22,6.25,6.5,6.981,7.5
2004-09-28,6.25,6.5,6.981,7.5
2004-10-03,6.25,6.5,6.982,7.5
2004-10-09,6.25,6.5,6.983,7.5
2004-10-14,6.25,6.5,6.983,7.5
2004-10-20,6.25,6.5,6.984,7.5
2004-10-25,6.25,6.5,6.985,7.5
2004-10-31,6.25,6.5,6.985,7.5
2004-11-03,6.25,6.5,6.986,7.5
2004-11-06,6.25,6.5,6.987,7.5
2004-11-10,6.25,6.5,6.988,7.5
2004-11-13,6.25,6.5,6.988,7.5
2004-11-16,6.25,6.5,6.989,7.5
2004-11-20,6.25,6.5,6.99,7.5
2004-11-23,6.25,6.5,6.99,7.5
2004-11-26,6.25,6.5,6.991,7.5
2004-11-30,6.25,6.5,6.992,7.5
2004-12-02,6.25,6.5,6.992,7.5
2004-12-04,6.25,6.5,6.993,7.5
2004-12-06,6.25,6.5,6.994,7.5
2004-12-08,6.25,6.5,6.994,7.5
2004-12-11,6.25,6.5,6.995,7.5
2004-12-13,6.25,6.5,6.996,7.5
2004-12-15,6.25,6.5,6.997,7.5
2004-12-17,6.25,6.5,6.997,7.5
2004-12-20,6.25,6.5,6.998,7.5
2004-12-24,6.25,6.5,6.999,7.5
2004-12-29,6.25,6.5,6.999,7.5
2005-01-02,6.25,6.5,7.0,7.5
2005-01-07,6.25,6.5,7.0,7.5
2005-01-11,6.25,6.5,7.0,7.5
2005-01-16,6.25,6.5,7.001,7.5
2005-01-20,6.25,6.5,7.001,7.5
2005-01-25,6.25,6.5,7.001,7.5
2005-01-30,6.25,6.5,7.001,7.5
2005-02-01,6.25,6.5,7.002,7.5
2005-02-03,6.25,6.5,7.002,7.5
2005-02-05,6.25,6.5,7.002,7.5
2005-02-07,6.25,6.5,7.002,7.5
2005-02-10,6.25,6.5,7.003,7.5
2005-02-12,6.25,6.5,7.003,7.5
2005-02-14,6.25,6.5,7.003,7.5
2005-02-16,6.25,6.5,7.003,7.5
2005-02-19,6.25,6.5,7.003,7.5
2005-02-21,6.25,6.5,7.004,7.5
2005-02-23,6.25,6.5,7.004,7.5
2005-02-25,6.25,6.5,7.004,7.5
2005-02-27,6.25,6.5,7.004,7.5
2005-03-01,6.25,6.5,7.005,7.5
2005-03-03,6.25,6.5,7.005,7.5
2005-03-05,6.25,6.5,7.005,7.5
2005-03-07,6.25,6.5,7.005,7.5
2005-03-09,6.25,6.5,7.006,7.5
2005-03-14,6.25,6.5,7.006,7.5
2005-03-19,6.25,6.5,7.006,7.5
2005-03-24,6.25,6.5,7.006,7.5
2005-03-29,6.25,6.5,7.006,7.5
2005-04-03,6.25,6.5,7.007,7.5
2005-04-08,6.25,6.5,7.007,7.5
2005-04-13,6.25,6.5,7.007,7.5
2005-04-18,6.25,6.5,7.007,7.5
2005-04-23,6.25,6.5,7.008,7.5
2005-04-25,6.25,6.5,7.008,7.5
2005-04-27,6.25,6.5,7.008,7.5
2005-04-29,6.25,6.5,7.008,7.5
2005-05-01,6.25,6.5,7.009,7.5
2005-05-03,6.25,6.5,7.009,7.5
2005-05-05,6.25,6.5,7.009,7.5
2005-05-07,6.25,6.5,7.009,7.5
2005-05-09,6.25,6.5,7.009,7.5
2005-05-12,6.25,6.5,7.01,7.5
2005-05-14,6.25,6.5,7.01,7.5
2005-05-16,6.25,6.5,7.01,7.5
2005-05-19,6.25,6.5,7.01,7.5
2005-05-21,6.25,6.5,7.011,7.5
2005-05-23,6.25,6.5,7.011,7.5
2005-05-26,6.25,6.5,7.011,7.5
2005-05-28,6.25,6.5,7.011,7.5
2005-05-30,6.25,6.5,7.012,7.5
2005-06-02,6.25,6.5,7.012,7.5
2005-06-07,6.25,6.5,7.012,7.5
2005-06-13,6.25,6.5,7.012,7.5
2005-06-19,6.25,6.5,7.012,7.5
2005-06-24,6.25,6.5,7.013,7.5
2005-06-30,6.25,6.5,7.013,7.5
2005-07-06,6.25,6.5,7.013,7.5
2005-07-11,6.25,6.5,7.013,7.5
2005-07-17,6.25,6.5,7.014,7.5
2005-07-23,6.25,6.5,7.014,7.5
2005-07-25,6.25,6.5,7.014,7.5
2005-07-27,6.25,6.5,7.014,7.5
2005-07-29,6.25,6.5,7.015,7.5
2005-07-31,6.25,6.5,7.015,7.5
2005-08-03,6.25,6.5,7.015,7.5
2005-08-05,6.25,6.5,7.015,7.5
2005-08-07,6.25,6.5,7.016,7.5
2005-08-09,6.25,6.5,7.016,7.5
2005-08-12,6.25,6.5,7.016,7.5
2005-08-15,6.25,6.5,7.016,7.5
2005-08-18,6.25,6.5,7.016,7.5
2005-08-22,6.25,6.5,7.017,7.5
2005-08-25,6.25,6.5,7.017,7.5
2005-08-29,6.25,6.5,7.017,7.5
2005-09-01,6.25,6.5,7.017,7.5
2005-09-05,6.25,6.5,7.018,7.5
2005-09-08,6.25,6.5,7.018,7.5
2005-09-12,6.25,6.5,7.018,7.5
2005-09-17,6.25,6.5,7.018,7.5
2005-09-22,6.25,6.5,7.019,7.5
2005-09-28,6.25,6.5,7.019,7.5
2005-10-03,6.25,6.5,7.019,7.5
2005-10-09,6.25,6.5,7.019,7.5
2005-10-14,6.25,6.5,7.019,7.5
2005-10-20,6.25,6.5,7.02,7.5
2005-10-25,6.25,6.5,7.02,7.5
2005-10-31,6.25,6.5,7.02,7.5
2005-11-03,6.25,6.5,7.02,7.5
2005-11-06,6.25,6.5,7.021,7.5
2005-11-10,6.25,6.5,7.021,7.5
2005-11-13,6.25,6.5,7.021,7.5
2005-11-16,6.25,6.5,7.021,7.5
2005-11-20,6.25,6.5,7.022,7.5
2005-11-23,6.25,6.5,7.022,7.5
2005-11-26,6.25,6.5,7.022,7.5
2005-11-30,6.25,6.5,7.022,7.5
2005-12-02,6.25,6.5,7.022,7.5
2005-12-04,6.25,6.5,7.023,7.5
2005-12-06,6.25,6.5,7.023,7.5
2005-12-08,6.25,6.5,7.023,7.5
2005-12-11,6.25,6.5,7.023,7.5
2005-12-13,6.25,6.5,7.024,7.5
2005-12-15,6.25,6.5,7.024,7.5
2005-12-17,6.25,6.5,7.024,7.5
2005-12-20,6.25,6.5,7.024,7.5
2005-12-24,6.25,6.5,7.025,7.5
2005-12-29,6.25,6.5,7.025,7.5
2006-01-02,6.25,6.5,7.025,7.5
2006-01-07,6.25,6.5,7.025,7.5
2006-01-11,6.25,6.5,7.026,7.5
2006-01-16,6.25,6.5,7.026,7.5
2006-01-20,6.25,6.5,7.027,7.5
2006-01-25,6.25,6.5,7.027,7.5
2006-01-30,6.25,6.5,7.028,7.5
2006-02-01,6.25,6.5,7.028,7.5
2006-02-03,6.25,6.5,7.029,7.5
2006-02-05,6.25,6.5,7.029,7.5
2006-02-07,6.25,6.5,7.03,7.5
2006-02-10,6.25,6.5,7.03,7.5
2006-02-12,6.25,6.5,7.031,7.5
2006-02-14,6.25,6.5,7.031,7.5
2006-02-16,6.25,6.5,7.031,7.5
2006-02-19,6.25,6.5,7.032,7.5
2006-02-21,6.25,6.5,7.032,7.5
2006-02-23,6.25,6.5,7.033,7.5
2006-02-25,6.25,6.5,7.033,7.5
2006-02-27,6.25,6.5,7.034,7.5
2006-03-01,6.25,6.5,7.034,7.5
2006-03-03,6.25,6.5,7.035,7.5
2006-03-05,6.25,6.5,7.035,7.5
2006-03-07,6.25,6.5,7.036,7.5
2006-03-09,6.25,6.5,7.036,7.5
2006-03-14,6.25,6.5,7.037,7.5
2006-03-19,6.25,6.5,7.037,7.5
2006-03-24,6.25,6.5,7.038,7.5
2006-03-29,6.25,6.5,7.038,7.5
2006-04-03,6.25,6.5,7.038,7.5
2006-04-08,6.25,6.5,7.039,7.5
2006-04-13,6.25,6.5,7.039,7.5
2006-04-18,6.25,6.5,7.04,7.5
2006-04-23,6.25,6.5,7.04,7.5
2006-04-25,6.25,6.5,7.041,7.5
2006-04-27,6.25,6.5,7.041,7.5
2006-04-29,6.25,6.5,7.042,7.5
2006-05-01,6.25,6.5,7.042,7.5
2006-05-03,6.25,6.5,7.043,7.5
2006-05-05,6.25,6.5,7.043,7.5
2006-05-07,6.25,6.5,7.044,7.5
2006-05-09,6.25,6.5,7.044,7.5
2006-05-12,6.25,6.5,7.044,7.5
2006-05-14,6.25,6.5,7.045,7.5
2006-05-16,6.25,6.5,7.045,7.5
2006-05-19,6.25,6.5,7.046,7.5
2006-05-21,6.25,6.5,7.046,7.5
2006-05-23,6.25,6.5,7.047,7.5
2006-05-26,6.25,6.5,7.047,7.5
2006-05-28,6.25,6.5,7.048,7.5
2006-05-30,6.25,6.5,7.048,7.5
2006-06-02,6.25,6.5,7.049,7.5
2006-06-07,6.25,6.5,7.049,7.5
2006-06-13,6.25,6.5,7.05,7.5
2006-06-19,6.25,6.5,7.05,7.5
2006-06-24,6.25,6.5,7.05,7.5
2006-06-30,6.25,6.5,7.051,7.5
2006-07-06,6.25,6.5,7.051,7.5
2006-07-11,6.25,6.5,7.052,7.5
2006-07-17,6.25,6.5,7.052,7.5
2006-07-23,6.25,6.5,7.053,7.5
2006-07-25,6.25,6.5,7.053,7.5
2006-07-27,6.25,6.5,7.054,7.5
2006-07-29,6.25,6.5,7.054,7.5
2006-07-31,6.25,6.5,7.055,7.5
2006-08-03,6.25,6.5,7.055,7.5
2006-08-05,6.25,6.5,7.056,7.5
2006-08-07,6.25,6.5,7.056,7.5
2006-08-09,6.25,6.5,7.056,7.5
2006-08-12,6.25,6.5,7.057,7.5
2006-08-15,6.25,6.5,7.057,7.5
2006-08-18,6.25,6.5,7.058,7.5
2006-08-22,6.25,6.5,7.058,7.5
2006-08-25,6.25,6.5,7.059,7.5
2006-08-29,6.25,6.5,7.059,7.5
2006-09-01,6.25,6.5,7.06,7.5
2006-09-05,6.25,6.5,7.06,7.5
2006-09-08,6.25,6.5,7.061,7.5
2006-09-12,6.25,6.5,7.061,7.5
2006-09-17,6.25,6.5,7.062,7.5
2006-09-22,6.25,6.5,7.062,7.5
2006-09-28,6.25,6.5,7.062,7.5
2006-10-03,6.25,6.5,7.063,7.5
2006-10-09,6.25,6.5,7.063,7.5
2006-10-14,6.25,6.5,7.064,7.5
2006-10-20,6.25,6.5,7.064,7.5
2006-10-25,6.25,6.5,7.065,7.5
2006-10-31,6.25,6.5,7.065,7.5
2006-11-03,6.25,6.5,7.066,7.5
2006-11-06,6.25,6.5,7.066,7.5
2006-11-10,6.25,6.5,7.067,7.5
2006-11-13,6.25,6.5,7.067,7.5
2006-11-16,6.25,6.5,7.068,7.5
2006-11-20,6.25,6.5,7.068,7.5
2006-11-23,6.25,6.5,7.069,7.5
2006-11-26,6.25,6.5,7.069,7.5
2006-11-30,6.25,6.5,7.069,7.5
2006-12-02,6.25,6.5,7.07,7.5
2006-12-04,6.25,6.5,7.07,7.5
2006-12-06,6.25,6.5,7.071,7.5
2006-12-08,6.25,6.5,7.071,7.5
2006-12-11,6.25,6.5,7.072,7.5
2006-12-13,6.25,6.5,7.072,7.5
2006-12-15,6.25,6.5,7.073,7.5
2006-12-17,6.25,6.5,7.073,7.5
2006-12-20,6.25,6.5,7.074,7.5
2006-12-24,6.25,6.5,7.074,7.5
2006-12-29,6.25,6.5,7.075,7.5
2007-01-02,6.25,6.5,7.075,7.5
2007-01-07,6.25,6.5,7.077,7.5
2007-01-11,6.25,6.5,7.078,7.5
2007-01-16,6.25,6.5,7.08,7.5
2007-01-20,6.25,6.5,7.081,7.5
2007-01-25,6.25,6.5,7.083,7.5
2007-01-30,6.25,6.5,7.085,7.5
2007-02-01,6.25,6.5,7.086,7.5
2007-02-03,6.25,6.5,7.088,7.5
2007-02-05,6.25,6.5,7.09,7.5
2007-02-07,6.25,6.5,7.091,7.5
2007-02-10,6.25,6.5,7.093,7.5
2007-02-12,6.25,6.5,7.094,7.5
2007-02-14,6.25,6.5,7.096,7.5
2007-02-16,6.25,6.5,7.098,7.5
2007-02-19,6.25,6.5,7.099,7.5
2007-02-21,6.25,6.5,7.101,7.5
2007-02-23,6.25,6.5,7.103,7.5
2007-02-25,6.25,6.5,7.104,7.5
2007-02-27,6.25,6.5,7.106,7.5
2007-03-01,6.25,6.5,7.107,7.5
2007-03-03,6.25,6.5,7.109,7.5
2007-03-05,6.25,6.5,7.111,7.5
2007-03-07,6.25,6.5,7.112,7.5
2007-03-09,6.25,6.5,7.114,7.5
2007-03-14,6.25,6.5,7.116,7.5
2007-03-19,6.25,6.5,7.117,7.5
2007-03-24,6.25,6.5,7.119,7.5
2007-03-29,6.25,6.5,7.12,7.5
2007-04-03,6.25,6.5,7.122,7.5
2007-04-08,6.25,6.5,7.124,7.5
2007-04-13,6.25,6.5,7.125,7.5
2007-04-18,6.25,6.5,7.127,7.5
2007-04-23,6.25,6.5,7.128,7.5
2007-04-25,6.25,6.5,7.13,7.5
2007-04-27,6.25,6.5,7.132,7.5
2007-04-29,6.25,6.5,7.133,7.5
2007-05-01,6.25,6.5,7.135,7.5
2007-05-03,6.25,6.5,7.137,7.5
2007-05-05,6.25,6.5,7.138,7.5
2007-05-07,6.25,6.5,7.14,7.5
2007-05-09,6.25,6.5,7.141,7.5
2007-05-12,6.25,6.5,7.143,7.5
2007-05-14,6.25,6.5,7.145,7.5
2007-05-16,6.25,6.5,7.146,7.5
2007-05-19,6.25,6.5,7.148,7.5
2007-05-21,6.25,6.5,7.15,7.5
2007-05-23,6.25,6.5,7.151,7.5
2007-05-26,6.25,6.5,7.153,7.5
2007-05-28,6.25,6.5,7.154,7.5
2007-05-30,6.25,6.5,7.156,7.5
2007-06-02,6.25,6.5,7.158,7.5
2007-06-07,6.25,6.5,7.159,7.5
2007-06-13,6.25,6.5,7.161,7.5
2007-06-19,6.25,6.5,7.162,7.5
2007-06-24,6.25,6.5,7.164,7.5
2007-06-30,6.25,6.5,7.166,7.5
2007-07-06,6.25,6.5,7.167,7.5
2007-07-11,6.25,6.5,7.169,7.5
2007-07-17,6.25,6.5,7.171,7.5
2007-07-23,6.25,6.5,7.172,7.5
2007-07-25,6.25,6.5,7.174,7.5
2007-07-27,6.25,6.5,7.175,7.5
2007-07-29,6.25,6.5,7.177,7.5
2007-07-31,6.25,6.5,7.179,7.5
2007-08-03,6.25,6.5,7.18,7.5
2007-08-05,6.25,6.5,7.182,7.5
2007-08-07,6.25,6.5,7.184,7.5
2007-08-09,6.25,6.5,7.185,7.5
2007-08-12,6.25,6.5,7.187,7.5
2007-08-15,6.25,6.5,7.188,7.5
2007-08-18,6.25,6.5,7.19,7.5
2007-08-22,6.25,6.5,7.192,7.5
2007-08-25,6.25,6.5,7.193,7.5
2007-08-29,6.25,6.5,7.195,7.5
2007-09-01,6.25,6.5,7.197,7.5
2007-09-05,6.25,6.5,7.198,7.5
2007-09-08,6.25,6.5,7.2,7.5
2007-09-12,6.25,6.5,7.201,7.5
2007-09-17,6.25,6.5,7.203,7.5
2007-09-22,6.25,6.5,7.205,7.5
2007-09-28,6.25,6.5,7.206,7.5
2007-10-03,6.25,6.5,7.208,7.5
2007-10-09,6.25,6.5,7.209,7.5
2007-10-14,6.25,6.5,7.211,7.5
2007-10-20,6.25,6.5,7.213,7.5
2007-10-25,6.25,6.5,7.214,7.5
2007-10-31,6.25,6.5,7.216,7.5
2007-11-03,6.25,6.5,7.218,7.5
2007-11-06,6.25,6.5,7.219,7.5
2007-11-10,6.25,6.5,7.221,7.5
2007-11-13,6.25,6.5,7.222,7.5
2007-11-16,6.25,6.5,7.224,7.5
2007-11-20,6.25,6.5,7.226,7.5
2007-11-23,6.25,6.5,7.227,7.5
2007-11-26,6.25,6.5,7.229,7.5
2007-11-30,6.25,6.5,7.231,7.5
2007-12-02,6.25,6.5,7.232,7.5
2007-12-04,6.25,6.5,7.234,7.5
2007-12-06,6.25,6.5,7.235,7.5
2007-12-08,6.25,6.5,7.237,7.5
2007-12-11,6.25,6.5,7.239,7.5
2007-12-13,6.25,6.5,7.24,7.5
2007-12-15,6.25,6.5,7.242,7.5
2007-12-17,6.25,6.5,7.244,7.5
2007-12-20,6.25,6.5,7.245,7.5
2007-12-24,6.25,6.5,7.247,7.5
2007-12-29,6.25,6.5,7.248,7.5
2008-01-02,6.25,6.5,7.25,7.5
2008-01-07,6.25,6.5,7.25,7.5
2008-01-11,6.25,6.5,7.25,7.5
2008-01-16,6.25,6.5,7.25,7.5
2008-01-20,6.25,6.5,7.25,7.5
2008-01-25,6.25,6.5,7.25,7.5
2008-01-30,6.25,6.5,7.25,7.5
2008-02-01,6.25,6.5,7.25,7.5
2008-02-03,6.25,6.5,7.25,7.5
2008-02-05,6.25,6.5,7.25,7.5
2008-02-07,6.25,6.5,7.25,7.5
2008-02-10,6.25,6.5,7.25,7.5
2008-02-12,6.25,6.5,7.25,7.5
2008-02-14,6.25,6.5,7.25,7.5
2008-02-16,6.25,6.5,7.25,7.5
2008-02-19,6.25,6.5,7.25,7.5
2008-02-21,6.25,6.5,7.25,7.5
2008-02-23,6.25,6.5,7.25,7.5
2008-02-25,6.25,6.5,7.25,7.5
2008-02-27,6.25,6.5,7.25,7.5
2008-02-29,6.25,6.5,7.25,7.5
2008-03-02,6.25,6.5,7.25,7.5
2008-03-04,6.25,6.5,7.25,7.5
2008-03-06,6.25,6.5,7.25,7.5
2008-03-09,6.25,6.5,7.25,7.5
2008-03-14,6.25,6.5,7.25,7.5
2008-03-19,6.25,6.5,7.25,7.5
2008-03-24,6.25,6.5,7.25,7.5
2008-03-29,6.25,6.5,7.25,7.5
2008-04-03,6.25,6.5,7.25,7.5
2008-04-08,6.25,6.5,7.25,7.5
2008-04-13,6.25,6.5,7.25,7.5
2008-04-18,6.25,6.5,7.25,7.5
2008-04-23,6.25,6.5,7.25,7.5
2008-04-25,6.25,6.5,7.25,7.5
2008-04-27,6.25,6.5,7.25,7.5
2008-04-29,6.25,6.5,7.25,7.5
2008-05-01,6.25,6.5,7.25,7.5
2008-05-03,6.25,6.5,7.25,7.5
2008-05-05,6.25,6.5,7.25,7.5
2008-05-07,6.25,6.5,7.25,7.5
2008-05-09,6.25,6.5,7.25,7.5
2008-05-12,6.25,6.5,7.25,7.5
2008-05-14,6.25,6.5,7.25,7.5
2008-05-16,6.25,6.5,7.25,7.5
2008-05-19,6.25,6.5,7.25,7.5
2008-05-21,6.25,6.5,7.25,7.5
2008-05-23,6.25,6.5,7.25,7.5
2008-05-26,6.25,6.5,7.25,7.5
2008-05-28,6.25,6.5,7.25,7.5
2008-05-30,6.25,6.5,7.25,7.5
2008-06-02,6.25,6.5,7.25,7.5
2008-06-07,6.25,6.5,7.25,7.5
2008-06-13,6.25,6.5,7.25,7.5
2008-06-19,6.25,6.5,7.25,7.5
2008-06-24,6.25,6.5,7.25,7.5
2008-06-30,6.25,6.5,7.25,7.5
2008-07-06,6.25,6.5,7.25,7.5
2008-07-11,6.25,6.5,7.25,7.5
2008-07-17,6.25,6.5,7.25,7.5
2008-07-23,6.25,6.5,7.25,7.5
2008-07-25,6.25,6.5,7.25,7.5
2008-07-27,6.25,6.5,7.25,7.5
2008-07-29,6.25,6.5,7.25,7.5
2008-07-31,6.25,6.5,7.25,7.5
2008-08-03,6.25,6.5,7.25,7.5
2008-08-05,6.25,6.5,7.25,7.5
2008-08-07,6.25,6.5,7.25,7.5
2008-08-09,6.25,6.5,7.25,7.5
2008-08-12,6.25,6.5,7.25,7.5
2008-08-15,6.25,6.5,7.25,7.5
2008-08-18,6.25,6.5,7.25,7.5
2008-08-22,6.25,6.5,7.25,7.5
2008-08-25,6.25,6.5,7.25,7.5
2008-08-29,6.25,6.5,7.25,7.5
2008-09-01,6.25,6.5,7.25,7.5
2008-09-05,6.25,6.5,7.25,7.5
2008-09-08,6.25,6.5,7.25,7.5
2008-09-12,6.25,6.5,7.25,7.5
2008-09-17,6.25,6.5,7.25,7.5
2008-09-22,6.25,6.5,7.25,7.5
2008-09-28,6.25,6.5,7.25,7.5
2008-10-03,6.25,6.5,7.25,7.5
2008-10-09,6.25,6.5,7.25,7.5
2008-10-14,6.25,6.5,7.25,7.5
2008-10-20,6.25,6.5,7.25,7.5
2008-10-25,6.25,6.5,7.25,7.5
2008-10-31,6.25,6.5,7.25,7.5
2008-11-03,6.25,6.5,7.25,7.5
2008-11-06,6.25,6.5,7.25,7.5
2008-11-10,6.25,6.5,7.25,7.5
2008-11-13,6.25,6.5,7.25,7.5
2008-11-16,6.25,6.5,7.25,7.5
2008-11-20,6.25,6.5,7.25,7.5
2008-11-23,6.25,6.5,7.25,7.5
2008-11-26,6.25,6.5,7.25,7.5
2008-11-30,6.25,6.5,7.25,7.5
2008-12-02,6.25,6.5,7.25,7.5
2008-12-04,6.25,6.5,7.25,7.5
2008-12-06,6.25,6.5,7.25,7.5
2008-12-08,6.25,6.5,7.25,7.5
2008-12-11,6.25,6.5,7.25,7.5
2008-12-13,6.25,6.5,7.25,7.5
2008-12-15,6.25,6.5,7.25,7.5
2008-12-17,6.25,6.5,7.25,7.5
2008-12-20,6.25,6.5,7.25,7.5
2008-12-24,6.25,6.5,7.25,7.5
2008-12-29,6.25,6.5,7.25,7.5
2009-01-02,6.25,6.5,7.25,7.5
2009-01-07,6.25,6.5,7.25,7.5
2009-01-11,6.25,6.5,7.25,7.5
2009-01-16,6.25,6.5,7.25,7.5
2009-01-20,6.25,6.5,7.25,7.5
2009-01-25,6.25,6.5,7.25,7.5
2009-01-30,6.25,6.5,7.25,7.5
2009-02-01,6.25,6.5,7.25,7.5
2009-02-03,6.25,6.5,7.25,7.5
2009-02-05,6.25,6.5,7.25,7.5
2009-02-07,6.25,6.5,7.25,7.5
2009-02-10,6.25,6.5,7.25,7.5
2009-02-12,6.25,6.5,7.25,7.5
2009-02-14,6.25,6.5,7.25,7.5
2009-02-16,6.25,6.5,7.25,7.5
2009-02-19,6.25,6.5,7.25,7.5
2009-02-21,6.25,6.5,7.25,7.5
2009-02-23,6.25,6.5,7.25,7.5
2009-02-25,6.25,6.5,7.25,7.5
2009-02-27,6.25,6.5,7.25,7.5
2009-03-01,6.25,6.5,7.25,7.5
2009-03-03,6.25,6.5,7.25,7.5
2009-03-05,6.25,6.5,7.25,7.5
2009-03-07,6.25,6.5,7.25,7.5
2009-03-09,6.25,6.5,7.25,7.5
2009-03-14,6.25,6.5,7.25,7.5
2009-03-19,6.25,6.5,7.25,7.5
2009-03-24,6.25,6.5,7.25,7.5
2009-03-29,6.25,6.5,7.25,7.5
2009-04-03,6.25,6.5,7.25,7.5
2009-04-08,6.25,6.5,7.25,7.5
2009-04-13,6.25,6.5,7.25,7.5
2009-04-18,6.25,6.5,7.25,7.5
2009-04-23,6.25,6.5,7.25,7.5
2009-04-25,6.25,6.5,7.25,7.5
2009-04-27,6.25,6.5,7.25,7.5
2009-04-29,6.25,6.5,7.25,7.5
2009-05-01,6.25,6.5,7.25,7.5
2009-05-03,6.25,6.5,7.25,7.5
2009-05-05,6.25,6.5,7.25,7.5
2009-05-07,6.25,6.5,7.25,7.5
2009-05-09,6.25,6.5,7.25,7.5
2009-05-12,6.25,6.5,7.25,7.5
2009-05-14,6.25,6.5,7.25,7.5
2009-05-16,6.25,6.5,7.25,7.5
2009-05-19,6.25,6.5,7.25,7.5
2009-05-21,6.25,6.5,7.25,7.5
2009-05-23,6.25,6.5,7.25,7.5
2009-05-26,6.25,6.5,7.25,7.5
2009-05-28,6.25,6.5,7.25,7.5
2009-05-30,6.25,6.5,7.25,7.5
2009-06-02,6.25,6.5,7.25,7.5
2009-06-07,6.25,6.5,7.25,7.5
2009-06-13,6.25,6.5,7.25,7.5
2009-06-19,6.25,6.5,7.25,7.5
2009-06-24,6.25,6.5,7.25,7.5
2009-06-30,6.25,6.5,7.25,7.5
2009-07-06,6.25,6.5,7.25,7.5
2009-07-11,6.25,6.5,7.25,7.5
2009-07-17,6.25,6.5,7.25,7.5
2009-07-23,6.25,6.5,7.25,7.5
2009-07-25,6.25,6.5,7.25,7.5
2009-07-27,6.25,6.5,7.25,7.5
2009-07-29,6.25,6.5,7.25,7.5
2009-07-31,6.25,6.5,7.25,7.5
2009-08-03,6.25,6.5,7.25,7.5
2009-08-05,6.25,6.5,7.25,7.5
2009-08-07,6.25,6.5,7.25,7.5
2009-08-09,6.25,6.5,7.25,7.5
2009-08-12,6.25,6.5,7.25,7.5
2009-08-15,6.25,6.5,7.25,7.5
2009-08-18,6.25,6.5,7.25,7.5
2009-08-22,6.25,6.5,7.25,7.5
2009-08-25,6.25,6.5,7.25,7.5
2009-08-29,6.25,6.5,7.25,7.5
2009-09-01,6.25,6.5,7.25,7.5
2009-09-05,6.25,6.5,7.25,7.5
2009-09-08,6.25,6.5,7.25,7.5
2009-09-12,6.25,6.5,7.25,7.5
2009-09-17,6.25,6.5,7.25,7.5
2009-09-22,6.25,6.5,7.25,7.5
2009-09-28,6.25,6.5,7.25,7.5
2009-10-03,6.25,6.5,7.25,7.5
2009-10-09,6.25,6.5,7.25,7.5
2009-10-14,6.25,6.5,7.25,7.5
2009-10-20,6.25,6.5,7.25,7.5
2009-10-25,6.25,6.5,7.25,7.5
2009-10-31,6.25,6.5,7.25,7.5
2009-11-03,6.25,6.5,7.25,7.5
2009-11-06,6.25,6.5,7.25,7.5
2009-11-10,6.25,6.5,7.25,7.5
2009-11-13,6.25,6.5,7.25,7.5
2009-11-16,6.25,6.5,7.25,7.5
2009-11-20,6.25,6.5,7.25,7.5
2009-11-23,6.25,6.5,7.25,7.5
2009-11-26,6.25,6.5,7.25,7.5
2009-11-30,6.25,6.5,7.25,7.5
2009-12-02,6.25,6.5,7.25,7.5
2009-12-04,6.25,6.5,7.25,7.5
2009-12-06,6.25,6.5,7.25,7.5
2009-12-08,6.25,6.5,7.25,7.5
2009-12-11,6.25,6.5,7.25,7.5
2009-12-13,6.25,6.5,7.25,7.5
2009-12-15,6.25,6.5,7.25,7.5
2009-12-17,6.25,6.5,7.25,7.5
2009-12-20,6.25,6.5,7.25,7.5
2009-12-24,6.25,6.5,7.25,7.5
2009-12-29,6.25,6.5,7.25,7.5
2010-01-02,6.25,6.5,7.25,7.5
2010-01-07,6.25,6.5,7.25,7.5
2010-01-11,6.25,6.5,7.25,7.5
2010-01-16,6.25,6.5,7.25,7.5
2010-01-20,6.25,6.5,7.25,7.5
2010-01-25,6.25,6.5,7.25,7.5
2010-01-30,6.25,6.5,7.25,7.5
2010-02-01,6.25,6.5,7.25,7.5
2010-02-03,6.25,6.5,7.25,7.5
2010-02-05,6.25,6.5,7.25,7.5
2010-02-07,6.25,6.5,7.25,7.5
2010-02-10,6.25,6.5,7.25,7.5
2010-02-12,6.25,6.5,7.25,7.5
2010-02-14,6.25,6.5,7.25,7.5
2010-02-16,6.25,6.5,7.25,7.5
2010-02-19,6.25,6.5,7.25,7.5
2010-02-21,6.25,6.5,7.25,7.5
2010-02-23,6.25,6.5,7.25,7.5
2010-02-25,6.25,6.5,7.25,7.5
2010-02-27,6.25,6.5,7.25,7.5
2010-03-01,6.25,6.5,7.25,7.5
2010-03-03,6.25,6.5,7.25,7.5
2010-03-05,6.25,6.5,7.25,7.5
2010-03-07,6.25,6.5,7.25,7.5
2010-03-10,6.25,6.5,7.25,7.5
2010-03-14,6.25,6.5,7.25,7.5
2010-03-19,6.25,6.5,7.25,7.5
2010-03-24,6.25,6.5,7.25,7.5
2010-03-29,6.25,6.5,7.25,7.5
2010-04-03,6.25,6.5,7.25,7.5
2010-04-08,6.25,6.5,7.25,7.5
2010-04-13,6.25,6.5,7.25,7.5
2010-04-18,6.25,6.5,7.25,7.5
2010-04-23,6.25,6.5,7.25,7.5
2010-04-25,6.25,6.5,7.25,7.5
2010-04-27,6.25,6.5,7.25,7.5
2010-04-29,6.25,6.5,7.25,7.5
2010-05-01,6.25,6.5,7.25,7.5
2010-05-03,6.25,6.5,7.25,7.5
2010-05-05,6.25,6.5,7.25,7.5
2010-05-07,6.25,6.5,7.25,7.5
2010-05-09,6.25,6.5,7.25,7.5
2010-05-12,6.25,6.5,7.25,7.5
2010-05-14,6.25,6.5,7.25,7.5
2010-05-16,6.25,6.5,7.25,7.5
2010-05-19,6.25,6.5,7.25,7.5
2010-05-21,6.25,6.5,7.25,7.5
2010-05-23,6.25,6.5,7.25,7.5
2010-05-26,6.25,6.5,7.25,7.5
2010-05-28,6.25,6.5,7.25,7.5
2010-05-30,6.25,6.5,7.25,7.5
2010-06-02,6.25,6.5,7.25,7.5
2010-06-07,6.25,6.5,7.25,7.5
2010-06-13,6.25,6.5,7.25,7.5
2010-06-19,6.25,6.5,7.25,7.5
2010-06-24,6.25,6.5,7.25,7.5
2010-06-30,6.25,6.5,7.25,7.5
2010-07-06,6.25,6.5,7.25,7.5
2010-07-11,6.25,6.5,7.25,7.5
2010-07-17,6.25,6.5,7.25,7.5
2010-07-23,6.25,6.5,7.25,7.5
2010-07-25,6.25,6.5,7.25,7.5
2010-07-27,6.25,6.5,7.25,7.5
2010-07-29,6.25,6.5,7.25,7.5
2010-07-31,6.25,6.5,7.25,7.5
2010-08-03,6.25,6.5,7.25,7.5
2010-08-05,6.25,6.5,7.25,7.5
2010-08-07,6.25,6.5,7.25,7.5
2010-08-09,6.25,6.5,7.25,7.5
2010-08-12,6.25,6.5,7.25,7.5
2010-08-15,6.25,6.5,7.25,7.5
2010-08-18,6.25,6.5,7.25,7.5
2010-08-22,6.25,6.5,7.25,7.5
2010-08-25,6.25,6.5,7.25,7.5
2010-08-29,6.25,6.5,7.25,7.5
2010-09-01,6.25,6.5,7.25,7.5
2010-09-05,6.25,6.5,7.25,7.5
2010-09-08,6.25,6.5,7.25,7.5
2010-09-12,6.25,6.5,7.25,7.5
2010-09-17,6.25,6.5,7.25,7.5
2010-09-22,6.25,6.5,7.25,7.5
2010-09-28,6.25,6.5,7.25,7.5
2010-10-03,6.25,6.5,7.25,7.5
2010-10-09,6.25,6.5,7.25,7.5
2010-10-14,6.25,6.5,7.25,7.5
2010-10-20,6.25,6.5,7.25,7.5
2010-10-25,6.25,6.5,7.25,7.5
2010-10-31,6.25,6.5,7.25,7.5
2010-11-03,6.25,6.5,7.25,7.5
2010-11-06,6.25,6.5,7.25,7.5
2010-11-10,6.25,6.5,7.25,7.5
2010-11-13,6.25,6.5,7.25,7.5
2010-11-16,6.25,6.5,7.25,7.5
2010-11-20,6.25,6.5,7.25,7.5
2010-11-23,6.25,6.5,7.25,7.5
2010-11-26,6.25,6.5,7.25,7.5
2010-11-30,6.25,6.5,7.25,7.5
2010-12-02,6.25,6.5,7.25,7.5
2010-12-04,6.25,6.5,7.25,7.5
2010-12-06,6.25,6.5,7.25,7.5
2010-12-08,6.25,6.5,7.25,7.5
2010-12-11,6.25,6.5,7.25,7.5
2010-12-13,6.25,6.5,7.25,7.5
2010-12-15,6.25,6.5,7.25,7.5
2010-12-17,6.25,6.5,7.25,7.5
2010-12-20,6.25,6.5,7.25,7.5
2010-12-23,6.25,6.5,7.25,7.5
2010-12-27,6.25,6.5,7.25,7.5
2010-12-31,6.25,6.5,7.25,7.5
2011-01-04,6.25,6.5,7.25,7.5
2011-01-07,6.255,6.503,7.25,7.5
2011-01-11,6.26,6.506,7.25,7.5
2011-01-15,6.265,6.509,7.25,7.5
2011-01-19,6.269,6.512,7.25,7.5
2011-01-23,6.274,6.515,7.25,7.5
2011-01-25,6.279,6.519,7.25,7.5
2011-01-27,6.284,6.522,7.25,7.5
2011-01-29,6.289,6.525,7.25,7.5
2011-01-31,6.294,6.528,7.25,7.5
2011-02-03,6.299,6.531,7.25,7.5
2011-02-05,6.303,6.534,7.25,7.5
2011-02-07,6.308,6.537,7.25,7.5
2011-02-09,6.313,6.54,7.25,7.5
2011-02-12,6.318,6.543,7.25,7.5
2011-02-15,6.323,6.546,7.25,7.5
2011-02-18,6.328,6.549,7.25,7.5
2011-02-21,6.333,6.552,7.25,7.5
2011-02-24,6.338,6.556,7.25,7.5
2011-02-27,6.342,6.559,7.25,7.5
2011-03-02,6.347,6.562,7.25,7.5
2011-03-05,6.352,6.565,7.25,7.5
2011-03-08,6.357,6.568,7.25,7.5
2011-03-12,6.362,6.571,7.25,7.5
2011-03-16,6.367,6.574,7.25,7.5
2011-03-20,6.372,6.577,7.25,7.5
2011-03-25,6.376,6.58,7.25,7.5
2011-03-29,6.381,6.583,7.25,7.5
2011-04-02,6.386,6.586,7.25,7.5
2011-04-07,6.391,6.59,7.25,7.5
2011-04-11,6.396,6.593,7.25,7.5
2011-04-15,6.401,6.596,7.25,7.5
2011-04-20,6.406,6.599,7.25,7.5
2011-04-22,6.41,6.602,7.25,7.5
2011-04-24,6.415,6.605,7.25,7.5
2011-04-27,6.42,6.608,7.25,7.5
2011-04-29,6.425,6.611,7.25,7.5
2011-05-02,6.43,6.614,7.25,7.5
2011-05-04,6.435,6.617,7.25,7.5
2011-05-07,6.44,6.62,7.25,7.5
2011-05-09,6.444,6.623,7.25,7.5
2011-05-12,6.449,6.627,7.25,7.5
2011-05-15,6.454,6.63,7.25,7.5
2011-05-19,6.459,6.633,7.25,7.5
2011-05-23,6.464,6.636,7.25,7.5
2011-05-27,6.469,6.639,7.25,7.5
2011-05-31,6.474,6.642,7.25,7.5
2011-06-04,6.478,6.645,7.25,7.5
2011-06-08,6.483,6.648,7.25,7.5
2011-06-12,6.488,6.651,7.25,7.5
2011-06-16,6.493,6.654,7.25,7.5
2011-06-20,6.498,6.657,7.25,7.5
2011-06-24,6.503,6.66,7.25,7.5
2011-06-29,6.508,6.664,7.25,7.5
2011-07-03,6.512,6.667,7.25,7.5
2011-07-08,6.517,6.67,7.25,7.5
2011-07-12,6.522,6.673,7.25,7.5
2011-07-17,6.527,6.676,7.25,7.5
2011-07-21,6.532,6.679,7.25,7.5
2011-07-26,6.537,6.682,7.25,7.5
2011-07-30,6.542,6.685,7.25,7.5
2011-08-03,6.547,6.688,7.25,7.5
2011-08-07,6.551,6.691,7.25,7.5
2011-08-11,6.556,6.694,7.25,7.5
2011-08-15,6.561,6.698,7.25,7.5
2011-08-19,6.566,6.701,7.25,7.5
2011-08-23,6.571,6.704,7.25,7.5
2011-08-27,6.576,6.707,7.25,7.5
2011-08-31,6.581,6.71,7.25,7.5
2011-09-01,6.585,6.713,7.25,7.5
2011-09-03,6.59,6.716,7.25,7.5
2011-09-05,6.595,6.719,7.25,7.5
2011-09-07,6.6,6.722,7.25,7.5
2011-09-08,6.605,6.725,7.25,7.5
2011-09-10,6.61,6.728,7.25,7.5
2011-09-12,6.615,6.731,7.25,7.5
2011-09-14,6.619,6.735,7.25,7.5
2011-09-16,6.624,6.738,7.25,7.5
2011-09-20,6.629,6.741,7.25,7.5
2011-09-25,6.634,6.744,7.25,7.5
2011-09-30,6.639,6.747,7.25,7.5
2011-10-04,6.644,6.75,7.25,7.5
2011-10-09,6.649,6.753,7.25,7.5
2011-10-14,6.653,6.756,7.25,7.5
2011-10-18,6.658,6.759,7.25,7.5
2011-10-23,6.663,6.762,7.25,7.5
2011-10-28,6.668,6.765,7.25,7.5
2011-10-31,6.673,6.769,7.25,7.5
2011-11-04,6.678,6.772,7.25,7.5
2011-11-08,6.683,6.775,7.25,7.5
2011-11-11,6.688,6.778,7.25,7.5
2011-11-15,6.692,6.781,7.25,7.5
2011-11-19,6.697,6.784,7.25,7.5
2011-11-22,6.702,6.787,7.25,7.5
2011-11-26,6.707,6.79,7.25,7.5
2011-11-30,6.712,6.793,7.25,7.5
2011-12-01,6.717,6.796,7.25,7.5
2011-12-03,6.722,6.799,7.25,7.5
2011-12-05,6.726,6.802,7.25,7.5
2011-12-07,6.731,6.806,7.25,7.5
2011-12-08,6.736,6.809,7.25,7.5
2011-12-10,6.741,6.812,7.25,7.5
2011-12-12,6.746,6.815,7.25,7.5
2011-12-14,6.751,6.818,7.25,7.5
2011-12-16,6.756,6.821,7.25,7.5
2011-12-20,6.76,6.824,7.25,7.5
2011-12-24,6.765,6.827,7.25,7.5
2011-12-29,6.77,6.83,7.25,7.5
2012-01-02,6.775,6.833,7.25,7.5
2012-01-06,6.775,6.833,7.25,7.501
2012-01-11,6.775,6.834,7.25,7.501
2012-01-15,6.775,6.834,7.25,7.502
2012-01-19,6.775,6.834,7.25,7.503
2012-01-24,6.775,6.834,7.25,7.504
2012-01-26,6.775,6.834,7.25,7.504
2012-01-29,6.775,6.834,7.25,7.505
2012-02-01,6.775,6.835,7.25,7.506
2012-02-04,6.775,6.835,7.25,7.506
2012-02-07,6.775,6.835,7.25,7.507
2012-02-10,6.775,6.835,7.25,7.508
2012-02-13,6.775,6.835,7.25,7.508
2012-02-16,6.775,6.835,7.25,7.509
2012-02-19,6.775,6.836,7.25,7.51
2012-02-21,6.775,6.836,7.25,7.511
2012-02-24,6.775,6.836,7.25,7.511
2012-02-27,6.775,6.836,7.25,7.512
2012-03-01,6.775,6.836,7.25,7.513
2012-03-03,6.775,6.836,7.25,7.513
2012-03-06,6.775,6.836,7.25,7.514
2012-03-09,6.775,6.837,7.25,7.515
2012-03-12,6.775,6.837,7.25,7.515
2012-03-15,6.775,6.837,7.25,7.516
2012-03-18,6.775,6.837,7.25,7.517
2012-03-22,6.775,6.837,7.25,7.518
2012-03-26,6.775,6.837,7.25,7.518
2012-03-29,6.775,6.838,7.25,7.519
2012-04-02,6.775,6.838,7.25,7.52
2012-04-06,6.775,6.838,7.25,7.52
2012-04-09,6.775,6.838,7.25,7.521
2012-04-13,6.775,6.838,7.25,7.522
2012-04-17,6.775,6.838,7.25,7.522
2012-04-21,6.775,6.838,7.25,7.523
2012-04-26,6.775,6.839,7.25,7.524
2012-05-01,6.775,6.839,7.25,7.525
2012-05-06,6.775,6.839,7.25,7.525
2012-05-11,6.775,6.839,7.25,7.526
2012-05-16,6.775,6.839,7.25,7.527
2012-05-21,6.775,6.839,7.25,7.527
2012-05-26,6.775,6.84,7.25,7.528
2012-05-31,6.775,6.84,7.25,7.529
2012-06-02,6.775,6.84,7.25,7.529
2012-06-04,6.775,6.84,7.25,7.53
2012-06-06,6.775,6.84,7.25,7.531
2012-06-08,6.775,6.84,7.25,7.532
2012-06-10,6.775,6.84,7.25,7.532
2012-06-12,6.775,6.841,7.25,7.533
2012-06-14,6.775,6.841,7.25,7.534
2012-06-16,6.775,6.841,7.25,7.534
2012-06-18,6.775,6.841,7.25,7.535
2012-06-22,6.775,6.841,7.25,7.536
2012-06-27,6.775,6.841,7.25,7.536
2012-07-02,6.775,6.842,7.25,7.537
2012-07-07,6.775,6.842,7.25,7.538
2012-07-11,6.775,6.842,7.25,7.539
2012-07-16,6.775,6.842,7.25,7.539
2012-07-21,6.775,6.842,7.25,7.54
2012-07-26,6.775,6.842,7.25,7.541
2012-07-31,6.775,6.843,7.25,7.541
2012-08-03,6.775,6.843,7.25,7.542
2012-08-06,6.775,6.843,7.25,7.543
2012-08-10,6.775,6.843,7.25,7.543
2012-08-13,6.775,6.843,7.25,7.544
2012-08-17,6.775,6.843,7.25,7.545
2012-08-20,6.775,6.843,7.25,7.546
2012-08-24,6.775,6.844,7.25,7.546
2012-08-27,6.775,6.844,7.25,7.547
2012-08-31,6.775,6.844,7.25,7.548
2012-09-01,6.775,6.844,7.25,7.548
2012-09-03,6.775,6.844,7.25,7.549
2012-09-05,6.775,6.844,7.25,7.55
2012-09-07,6.775,6.845,7.25,7.55
2012-09-09,6.775,6.845,7.25,7.551
2012-09-11,6.775,6.845,7.25,7.552
2012-09-13,6.775,6.845,7.25,7.553
2012-09-15,6.775,6.845,7.25,7.553
2012-09-17,6.775,6.845,7.25,7.554
2012-09-21,6.775,6.845,7.25,7.555
2012-09-26,6.775,6.846,7.25,7.555
2012-10-01,6.775,6.846,7.25,7.556
2012-10-06,6.775,6.846,7.25,7.557
2012-10-10,6.775,6.846,7.25,7.557
2012-10-15,6.775,6.846,7.25,7.558
2012-10-20,6.775,6.846,7.25,7.559
2012-10-25,6.775,6.847,7.25,7.56
2012-10-30,6.775,6.847,7.25,7.56
2012-11-02,6.775,6.847,7.25,7.561
2012-11-05,6.775,6.847,7.25,7.562
2012-11-09,6.775,6.847,7.25,7.562
2012-11-12,6.775,6.847,7.25,7.563
2012-11-16,6.775,6.848,7.25,7.564
2012-11-19,6.775,6.848,7.25,7.564
2012-11-23,6.775,6.848,7.25,7.565
2012-11-26,6.775,6.848,7.25,7.566
2012-11-30,6.775,6.848,7.25,7.567
2012-12-02,6.775,6.848,7.25,7.567
2012-12-04,6.775,6.848,7.25,7.568
2012-12-06,6.775,6.849,7.25,7.569
2012-12-08,6.775,6.849,7.25,7.569
2012-12-10,6.775,6.849,7.25,7.57
2012-12-12,6.775,6.849,7.25,7.571
2012-12-14,6.775,6.849,7.25,7.571
2012-12-16,6.775,6.849,7.25,7.572
2012-12-18,6.775,6.85,7.25,7.573
2012-12-22,6.775,6.85,7.25,7.574
2012-12-27,6.775,6.85,7.25,7.574
2013-01-01,6.775,6.85,7.25,7.575
2013-01-05,6.776,6.851,7.25,7.575
2013-01-10,6.778,6.852,7.25,7.576
2013-01-15,6.779,6.853,7.25,7.576
2013-01-19,6.78,6.854,7.25,7.576
2013-01-24,6.782,6.855,7.25,7.577
2013-01-29,6.783,6.856,7.25,7.577
2013-02-03,6.785,6.857,7.25,7.577
2013-02-08,6.786,6.858,7.25,7.578
2013-02-14,6.787,6.859,7.25,7.578
2013-02-19,6.789,6.86,7.25,7.578
2013-02-25,6.79,6.861,7.25,7.579
2013-03-02,6.791,6.862,7.25,7.579
2013-03-08,6.793,6.863,7.25,7.579
2013-03-13,6.794,6.864,7.25,7.58
2013-03-19,6.796,6.865,7.25,7.58
2013-03-24,6.797,6.866,7.25,7.58
2013-03-29,6.798,6.867,7.25,7.581
2013-04-03,6.8,6.868,7.25,7.581
2013-04-08,6.801,6.87,7.25,7.582
2013-04-13,6.802,6.871,7.25,7.582
2013-04-18,6.804,6.872,7.25,7.582
2013-04-23,6.805,6.873,7.25,7.583
2013-04-28,6.807,6.874,7.25,7.583
2013-05-03,6.808,6.875,7.25,7.583
2013-05-08,6.809,6.876,7.25,7.584
2013-05-13,6.811,6.877,7.25,7.584
2013-05-18,6.812,6.878,7.25,7.584
2013-05-23,6.813,6.879,7.25,7.585
2013-05-28,6.815,6.88,7.25,7.585
2013-06-02,6.816,6.881,7.25,7.585
2013-06-07,6.817,6.882,7.25,7.586
2013-06-12,6.819,6.883,7.25,7.586
2013-06-17,6.82,6.884,7.25,7.586
2013-06-21,6.822,6.885,7.25,7.587
2013-06-26,6.823,6.886,7.25,7.587
2013-07-01,6.824,6.887,7.25,7.587
2013-07-06,6.826,6.888,7.25,7.588
2013-07-10,6.827,6.889,7.25,7.588
2013-07-15,6.828,6.89,7.25,7.588
2013-07-20,6.83,6.891,7.25,7.589
2013-07-25,6.831,6.892,7.25,7.589
2013-07-30,6.833,6.893,7.25,7.589
2013-08-04,6.834,6.894,7.25,7.59
2013-08-10,6.835,6.895,7.25,7.59
2013-08-16,6.837,6.896,7.25,7.59
2013-08-22,6.838,6.897,7.25,7.591
2013-08-27,6.839,6.898,7.25,7.591
2013-09-02,6.841,6.899,7.25,7.591
2013-09-08,6.842,6.9,7.25,7.592
2013-09-14,6.843,6.901,7.25,7.592
2013-09-20,6.845,6.902,7.25,7.592
2013-09-24,6.846,6.903,7.25,7.593
2013-09-28,6.848,6.904,7.25,7.593
2013-10-03,6.849,6.905,7.25,7.593
2013-10-07,6.85,6.907,7.25,7.594
2013-10-11,6.852,6.908,7.25,7.594
2013-10-16,6.853,6.909,7.25,7.595
2013-10-20,6.854,6.91,7.25,7.595
2013-10-24,6.856,6.911,7.25,7.595
2013-10-29,6.857,6.912,7.25,7.596
2013-11-03,6.859,6.913,7.25,7.596
2013-11-09,6.86,6.914,7.25,7.596
2013-11-14,6.861,6.915,7.25,7.597
2013-11-20,6.863,6.916,7.25,7.597
2013-11-25,6.864,6.917,7.25,7.597
2013-12-01,6.865,6.918,7.25,7.598
2013-12-06,6.867,6.919,7.25,7.598
2013-12-12,6.868,6.92,7.25,7.598
2013-12-18,6.87,6.921,7.25,7.599
2013-12-22,6.871,6.922,7.25,7.599
2013-12-27,6.872,6.923,7.25,7.599
2013-12-31,6.874,6.924,7.25,7.6
2014-01-05,6.875,6.925,7.25,7.6
2014-01-09,6.876,6.926,7.25,7.602
2014-01-14,6.877,6.927,7.25,7.604
2014-01-18,6.878,6.928,7.25,7.607
2014-01-23,6.879,6.929,7.25,7.609
2014-01-28,6.879,6.929,7.25,7.611
2014-02-04,6.88,6.93,7.25,7.613
2014-02-11,6.881,6.931,7.25,7.615
2014-02-18,6.882,6.932,7.25,7.618
2014-02-25,6.883,6.933,7.25,7.62
2014-03-04,6.884,6.934,7.25,7.622
2014-03-11,6.885,6.935,7.25,7.624
2014-03-18,6.886,6.936,7.25,7.626
2014-03-25,6.886,6.936,7.25,7.629
2014-04-01,6.887,6.937,7.25,7.631
2014-04-08,6.888,6.938,7.25,7.633
2014-04-15,6.889,6.939,7.25,7.635
2014-04-22,6.89,6.94,7.25,7.637
2014-04-29,6.891,6.941,7.25,7.639
2014-05-06,6.892,6.942,7.25,7.642
2014-05-13,6.893,6.943,7.25,7.644
2014-05-20,6.893,6.943,7.25,7.646
2014-05-27,6.894,6.944,7.25,7.648
2014-06-03,6.895,6.945,7.25,7.65
2014-06-10,6.896,6.946,7.25,7.653
2014-06-17,6.897,6.947,7.25,7.655
2014-06-24,6.898,6.948,7.25,7.657
2014-07-01,6.899,6.949,7.25,7.659
2014-07-08,6.9,6.95,7.25,7.661
2014-07-15,6.9,6.95,7.25,7.664
2014-07-22,6.901,6.951,7.25,7.666
2014-07-29,6.902,6.952,7.25,7.668
2014-08-05,6.903,6.953,7.25,7.67
2014-08-11,6.904,6.954,7.25,7.672
2014-08-17,6.905,6.955,7.25,7.675
2014-08-23,6.906,6.956,7.25,7.677
2014-08-29,6.907,6.957,7.25,7.679
2014-09-05,6.907,6.957,7.25,7.681
2014-09-11,6.908,6.958,7.25,7.683
2014-09-17,6.909,6.959,7.25,7.686
2014-09-23,6.91,6.96,7.25,7.688
2014-09-30,6.911,6.961,7.25,7.69
2014-10-07,6.912,6.962,7.25,7.692
2014-10-14,6.913,6.963,7.25,7.694
2014-10-21,6.914,6.964,7.25,7.696
2014-10-28,6.914,6.964,7.25,7.699
2014-11-04,6.915,6.965,7.25,7.701
2014-11-11,6.916,6.966,7.25,7.703
2014-11-18,6.917,6.967,7.25,7.705
2014-11-25,6.918,6.968,7.25,7.707
2014-12-02,6.919,6.969,7.25,7.71
2014-12-06,6.92,6.97,7.25,7.712
2014-12-11,6.921,6.971,7.25,7.714
2014-12-16,6.921,6.971,7.25,7.716
2014-12-21,6.922,6.972,7.25,7.718
2014-12-26,6.923,6.973,7.25,7.721
2014-12-31,6.924,6.974,7.25,7.723
2015-01-05,6.925,6.975,7.25,7.725
2015-01-10,6.926,6.975,7.251,7.727
2015-01-15,6.927,6.976,7.253,7.729
2015-01-17,6.928,6.976,7.254,7.73
2015-01-19,6.929,6.976,7.256,7.732
2015-01-21,6.93,6.977,7.257,7.734
2015-01-23,6.931,6.977,7.259,7.736
2015-01-25,6.932,6.978,7.26,7.738
2015-01-27,6.934,6.978,7.261,7.739
2015-01-29,6.935,6.978,7.263,7.741
2015-01-31,6.936,6.979,7.264,7.743
2015-02-03,6.937,6.979,7.266,7.745
2015-02-06,6.938,6.979,7.267,7.746
2015-02-09,6.939,6.98,7.269,7.748
2015-02-12,6.94,6.98,7.27,7.75
2015-02-15,6.941,6.98,7.271,7.752
2015-02-19,6.942,6.981,7.273,7.754
2015-02-22,6.943,6.981,7.274,7.755
2015-02-25,6.944,6.981,7.276,7.757
2015-02-28,6.945,6.982,7.277,7.759
2015-03-04,6.946,6.982,7.279,7.761
2015-03-07,6.948,6.982,7.28,7.762
2015-03-11,6.949,6.983,7.281,7.764
2015-03-15,6.95,6.983,7.283,7.766
2015-03-19,6.951,6.984,7.284,7.768
2015-03-22,6.952,6.984,7.286,7.77
2015-03-26,6.953,6.984,7.287,7.771
2015-03-30,6.954,6.985,7.289,7.773
2015-04-03,6.955,6.985,7.29,7.775
2015-04-07,6.956,6.985,7.291,7.777
2015-04-13,6.957,6.986,7.293,7.779
2015-04-19,6.958,6.986,7.294,7.78
2015-04-25,6.959,6.986,7.296,7.782
2015-05-01,6.96,6.987,7.297,7.784
2015-05-08,6.961,6.987,7.299,7.786
2015-05-14,6.962,6.988,7.3,7.788
2015-05-20,6.964,6.988,7.301,7.789
2015-05-26,6.965,6.988,7.303,7.791
2015-06-02,6.966,6.989,7.304,7.793
2015-06-09,6.967,6.989,7.306,7.795
2015-06-16,6.968,6.989,7.307,7.796
2015-06-23,6.969,6.99,7.309,7.798
2015-06-30,6.97,6.99,7.31,7.8
2015-07-07,6.971,6.99,7.311,7.802
2015-07-14,6.972,6.991,7.313,7.804
2015-07-21,6.973,6.991,7.314,7.805
2015-07-28,6.974,6.991,7.316,7.807
2015-08-04,6.975,6.992,7.317,7.809
2015-08-10,6.976,6.992,7.319,7.811
2015-08-16,6.978,6.992,7.32,7.812
2015-08-22,6.979,6.993,7.321,7.814
2015-08-28,6.98,6.993,7.323,7.816
2015-09-04,6.981,6.994,7.324,7.818
2015-09-10,6.982,6.994,7.326,7.82
2015-09-16,6.983,6.994,7.327,7.821
2015-09-22,6.984,6.995,7.329,7.823
2015-09-29,6.985,6.995,7.33,7.825
2015-10-06,6.986,6.995,7.331,7.827
2015-10-13,6.987,6.996,7.333,7.829
2015-10-20,6.988,6.996,7.334,7.83
2015-10-27,6.989,6.996,7.336,7.832
2015-11-03,6.99,6.997,7.337,7.834
2015-11-10,6.991,6.997,7.339,7.836
2015-11-17,6.992,6.998,7.34,7.837
2015-11-24,6.994,6.998,7.341,7.839
2015-12-01,6.995,6.998,7.343,7.841
2015-12-08,6.996,6.999,7.344,7.843
2015-12-15,6.997,6.999,7.346,7.845
2015-12-22,6.998,6.999,7.347,7.846
2015-12-29,6.999,7.0,7.349,7.848
2016-01-05,7.0,7.0,7.35,7.85
2016-01-12,7.005,7.009,7.362,7.858
2016-01-19,7.009,7.019,7.375,7.867
2016-01-26,7.014,7.028,7.387,7.875
2016-02-02,7.019,7.038,7.399,7.884
2016-02-09,7.024,7.047,7.411,7.892
2016-02-16,7.028,7.057,7.424,7.901
2016-02-23,7.033,7.066,7.436,7.909
2016-03-01,7.038,7.075,7.448,7.918
2016-03-08,7.042,7.085,7.46,7.926
2016-03-15,7.047,7.094,7.473,7.935
2016-03-22,7.052,7.104,7.485,7.943
2016-03-29,7.057,7.113,7.497,7.952
2016-04-05,7.061,7.123,7.509,7.96
2016-04-12,7.066,7.132,7.522,7.969
2016-04-19,7.071,7.142,7.534,7.977
2016-04-26,7.075,7.151,7.546,7.986
2016-05-03,7.08,7.16,7.558,7.994
2016-05-10,7.085,7.17,7.571,8.003
2016-05-17,7.09,7.179,7.583,8.011
2016-05-24,7.094,7.189,7.595,8.02
2016-05-31,7.099,7.198,7.608,8.028
2016-06-07,7.104,7.208,7.62,8.037
2016-06-14,7.108,7.217,7.632,8.045
2016-06-21,7.113,7.226,7.644,8.054
2016-06-28,7.118,7.236,7.657,8.062
2016-07-05,7.123,7.245,7.669,8.071
2016-07-12,7.127,7.255,7.681,8.079
2016-07-19,7.132,7.264,7.693,8.088
2016-07-26,7.137,7.274,7.706,8.096
2016-08-02,7.142,7.283,7.718,8.105
2016-08-09,7.146,7.292,7.73,8.113
2016-08-15,7.151,7.302,7.742,8.122
2016-08-21,7.156,7.311,7.755,8.13
2016-08-27,7.16,7.321,7.767,8.139
2016-09-02,7.165,7.33,7.779,8.147
2016-09-09,7.17,7.34,7.792,8.156
2016-09-15,7.175,7.349,7.804,8.164
2016-09-21,7.179,7.358,7.816,8.173
2016-09-27,7.184,7.368,7.828,8.181
2016-10-04,7.189,7.377,7.841,8.19
2016-10-11,7.193,7.387,7.853,8.198
2016-10-18,7.198,7.396,7.865,8.207
2016-10-25,7.203,7.406,7.877,8.215
2016-11-01,7.208,7.415,7.89,8.224
2016-11-08,7.212,7.425,7.902,8.232
2016-11-15,7.217,7.434,7.914,8.241
2016-11-22,7.222,7.443,7.926,8.249
2016-11-29,7.226,7.453,7.939,8.258
2016-12-07,7.231,7.462,7.951,8.266
2016-12-14,7.236,7.472,7.963,8.275
2016-12-21,7.241,7.481,7.975,8.283
2016-12-28,7.245,7.491,7.988,8.292
2017-01-04,7.25,7.5,8.0,8.3
2017-01-11,7.255,7.506,8.0,8.3
2017-01-18,7.259,7.511,8.0,8.3
2017-01-25,7.264,7.517,8.0,8.3
2017-02-01,7.269,7.522,8.0,8.3
2017-02-08,7.273,7.528,8.0,8.3
2017-02-14,7.278,7.533,8.0,8.3
2017-02-20,7.282,7.539,8.0,8.3
2017-02-27,7.287,7.544,8.0,8.3
2017-03-05,7.292,7.55,8.0,8.3
2017-03-11,7.296,7.556,8.0,8.3
2017-03-18,7.301,7.561,8.0,8.3
2017-03-24,7.306,7.567,8.0,8.3
2017-03-30,7.31,7.572,8.0,8.3
2017-04-06,7.315,7.578,8.0,8.3
2017-04-12,7.319,7.583,8.0,8.3
2017-04-19,7.324,7.589,8.0,8.3
2017-04-26,7.329,7.594,8.0,8.3
2017-05-03,7.333,7.6,8.0,8.3
2017-05-10,7.338,7.606,8.0,8.3
2017-05-17,7.343,7.611,8.0,8.3
2017-05-24,7.347,7.617,8.0,8.3
2017-05-31,7.352,7.622,8.0,8.3
2017-06-07,7.356,7.628,8.0,8.3
2017-06-13,7.361,7.633,8.0,8.3
2017-06-19,7.366,7.639,8.0,8.3
2017-06-25,7.37,7.644,8.0,8.3
2017-07-01,7.375,7.65,8.0,8.3
2017-07-08,7.38,7.656,8.0,8.3
2017-07-14,7.384,7.661,8.0,8.3
2017-07-20,7.389,7.667,8.0,8.3
2017-07-26,7.394,7.672,8.0,8.3
2017-08-02,7.398,7.678,8.0,8.3
2017-08-09,7.403,7.683,8.0,8.3
2017-08-16,7.407,7.689,8.0,8.3
2017-08-23,7.412,7.694,8.0,8.3
2017-08-30,7.417,7.7,8.0,8.3
2017-09-06,7.421,7.706,8.0,8.3
2017-09-13,7.426,7.711,8.0,8.3
2017-09-20,7.431,7.717,8.0,8.3
2017-09-27,7.435,7.722,8.0,8.3
2017-10-04,7.44,7.728,8.0,8.3
2017-10-11,7.444,7.733,8.0,8.3
2017-10-18,7.449,7.739,8.0,8.3
2017-10-25,7.454,7.744,8.0,8.3
2017-11-01,7.458,7.75,8.0,8.3
2017-11-08,7.463,7.756,8.0,8.3
2017-11-15,7.468,7.761,8.0,8.3
2017-11-22,7.472,7.767,8.0,8.3
2017-11-29,7.477,7.772,8.0,8.3
2017-12-06,7.481,7.778,8.0,8.3
2017-12-13,7.486,7.783,8.0,8.3
2017-12-20,7.491,7.789,8.0,8.3
2017-12-27,7.495,7.794,8.0,8.3
2018-01-03,7.5,7.8,8.0,8.3
2018-01-10,7.504,7.8,8.005,8.302
2018-01-17,7.507,7.8,8.009,8.304
2018-01-24,7.511,7.8,8.014,8.306
2018-01-31,7.515,7.8,8.019,8.307
2018-02-07,7.519,7.8,8.023,8.309
2018-02-13,7.522,7.8,8.028,8.311
2018-02-19,7.526,7.8,8.032,8.313
2018-02-26,7.53,7.8,8.037,8.315
2018-03-04,7.533,7.8,8.042,8.317
2018-03-10,7.537,7.8,8.046,8.319
2018-03-17,7.541,7.8,8.051,8.32
2018-03-23,7.544,7.8,8.056,8.322
2018-03-29,7.548,7.8,8.06,8.324
2018-04-05,7.552,7.8,8.065,8.326
2018-04-11,7.556,7.8,8.069,8.328
2018-04-18,7.559,7.8,8.074,8.33
2018-04-25,7.563,7.8,8.079,8.331
2018-05-02,7.567,7.8,8.083,8.333
2018-05-09,7.57,7.8,8.088,8.335
2018-05-16,7.574,7.8,8.093,8.337
2018-05-23,7.578,7.8,8.097,8.339
2018-05-30,7.581,7.8,8.102,8.341
2018-06-06,7.585,7.8,8.106,8.343
2018-06-12,7.589,7.8,8.111,8.344
2018-06-18,7.593,7.8,8.116,8.346
2018-06-24,7.596,7.8,8.12,8.348
2018-06-30,7.6,7.8,8.125,8.35
2018-07-07,7.604,7.8,8.13,8.352
2018-07-13,7.607,7.8,8.134,8.354
2018-07-19,7.611,7.8,8.139,8.356
2018-07-25,7.615,7.8,8.144,8.357
2018-08-01,7.619,7.8,8.148,8.359
2018-08-08,7.622,7.8,8.153,8.361
2018-08-15,7.626,7.8,8.157,8.363
2018-08-22,7.63,7.8,8.162,8.365
2018-08-29,7.633,7.8,8.167,8.367
2018-09-06,7.637,7.8,8.171,8.369
2018-09-13,7.641,7.8,8.176,8.37
2018-09-20,7.644,7.8,8.181,8.372
2018-09-27,7.648,7.8,8.185,8.374
2018-10-05,7.652,7.8,8.19,8.376
2018-10-11,7.656,7.8,8.194,8.378
2018-10-18,7.659,7.8,8.199,8.38
2018-10-25,7.663,7.8,8.204,8.381
2018-11-01,7.667,7.8,8.208,8.383
2018-11-07,7.67,7.8,8.213,8.385
2018-11-14,7.674,7.8,8.218,8.387
2018-11-21,7.678,7.8,8.222,8.389
2018-11-28,7.681,7.8,8.227,8.391
2018-12-05,7.685,7.8,8.231,8.393
2018-12-12,7.689,7.8,8.236,8.394
2018-12-19,7.693,7.8,8.241,8.396
2018-12-26,7.696,7.8,8.245,8.398
2019-01-02,7.7,7.8,8.25,8.4
2019-01-09,7.7,7.804,8.251,8.402
2019-01-16,7.7,7.807,8.252,8.404
2019-01-23,7.7,7.811,8.253,8.406
2019-01-30,7.7,7.815,8.254,8.407
2019-02-07,7.7,7.819,8.255,8.409
2019-02-13,7.7,7.822,8.256,8.411
2019-02-19,7.7,7.826,8.256,8.413
2019-02-25,7.7,7.83,8.257,8.415
2019-03-03,7.7,7.833,8.258,8.417
2019-03-10,7.7,7.837,8.259,8.419
2019-03-16,7.7,7.841,8.26,8.42
2019-03-22,7.7,7.844,8.261,8.422
2019-03-28,7.7,7.848,8.262,8.424
2019-04-04,7.7,7.852,8.263,8.426
2019-04-11,7.7,7.856,8.264,8.428
2019-04-18,7.7,7.859,8.265,8.43
2019-04-25,7.7,7.863,8.266,8.431
2019-05-02,7.7,7.867,8.267,8.433
2019-05-09,7.7,7.87,8.268,8.435
2019-05-16,7.7,7.874,8.269,8.437
2019-05-23,7.7,7.878,8.269,8.439
2019-05-30,7.7,7.881,8.27,8.441
2019-06-06,7.7,7.885,8.271,8.443
2019-06-12,7.7,7.889,8.272,8.444
2019-06-19,7.7,7.893,8.273,8.446
2019-06-26,7.7,7.896,8.274,8.448
2019-07-03,7.7,7.9,8.275,8.45
2019-07-10,7.7,7.904,8.276,8.452
2019-07-17,7.7,7.907,8.277,8.454
2019-07-24,7.7,7.911,8.278,8.456
2019-07-31,7.7,7.915,8.279,8.457
2019-08-07,7.7,7.919,8.28,8.459
2019-08-13,7.7,7.922,8.281,8.461
2019-08-19,7.7,7.926,8.281,8.463
2019-08-26,7.7,7.93,8.282,8.465
2019-09-01,7.7,7.933,8.283,8.467
2019-09-08,7.7,7.937,8.284,8.469
2019-09-14,7.7,7.941,8.285,8.47
2019-09-21,7.7,7.944,8.286,8.472
2019-09-27,7.7,7.948,8.287,8.474
2019-10-04,7.7,7.952,8.288,8.476
2019-10-10,7.7,7.956,8.289,8.478
2019-10-17,7.7,7.959,8.29,8.48
2019-10-24,7.7,7.963,8.291,8.481
2019-10-31,7.7,7.967,8.292,8.483
2019-11-07,7.7,7.97,8.293,8.485
2019-11-14,7.7,7.974,8.294,8.487
2019-11-21,7.7,7.978,8.294,8.489
2019-11-28,7.7,7.981,8.295,8.491
2019-12-05,7.7,7.985,8.296,8.493
2019-12-12,7.7,7.989,8.297,8.494
2019-12-19,7.7,7.993,8.298,8.496
2019-12-26,7.7,7.996,8.299,8.498
2020-01-02,7.7,8.0,8.3,8.5
2020-01-09,7.709,8.004,8.302,8.5
2020-01-16,7.719,8.007,8.304,8.5
2020-01-23,7.728,8.011,8.306,8.5
2020-01-30,7.737,8.015,8.307,8.5
2020-02-06,7.746,8.019,8.309,8.5
2020-02-11,7.756,8.022,8.311,8.5
2020-02-17,7.765,8.026,8.313,8.5
2020-02-22,7.774,8.03,8.315,8.5
2020-02-28,7.783,8.033,8.317,8.5
2020-03-04,7.793,8.037,8.319,8.5
2020-03-10,7.802,8.041,8.32,8.5
2020-03-15,7.811,8.044,8.322,8.5
2020-03-21,7.82,8.048,8.324,8.5
2020-03-27,7.83,8.052,8.326,8.5
2020-04-02,7.839,8.056,8.328,8.5
2020-04-08,7.848,8.059,8.33,8.5
2020-04-14,7.857,8.063,8.331,8.5
2020-04-20,7.867,8.067,8.333,8.5
2020-04-27,7.876,8.07,8.335,8.5
2020-05-03,7.885,8.074,8.337,8.5
2020-05-09,7.894,8.078,8.339,8.5
2020-05-15,7.904,8.081,8.341,8.5
2020-05-22,7.913,8.085,8.343,8.5
2020-05-30,7.922,8.089,8.344,8.5
2020-06-07,7.931,8.093,8.346,8.5
2020-06-16,7.941,8.096,8.348,8.5
2020-06-24,7.95,8.1,8.35,8.5
2020-07-03,7.959,8.104,8.352,8.5
2020-07-11,7.969,8.107,8.354,8.5
2020-07-20,7.978,8.111,8.356,8.5
2020-07-28,7.987,8.115,8.357,8.5
2020-08-06,7.996,8.119,8.359,8.5
2020-08-13,8.006,8.122,8.361,8.5
2020-08-20,8.015,8.126,8.363,8.5
2020-08-27,8.024,8.13,8.365,8.5
2020-09-03,8.033,8.133,8.367,8.5
2020-09-10,8.043,8.137,8.369,8.5
2020-09-17,8.052,8.141,8.37,8.5
2020-09-24,8.061,8.144,8.372,8.5
2020-10-01,8.07,8.148,8.374,8.5
2020-10-09,8.08,8.152,8.376,8.5
2020-10-15,8.089,8.156,8.378,8.5
2020-10-21,8.098,8.159,8.38,8.5
2020-10-27,8.107,8.163,8.381,8.5
2020-11-02,8.117,8.167,8.383,8.5
2020-11-09,8.126,8.17,8.385,8.5
2020-11-15,8.135,8.174,8.387,8.5
2020-11-21,8.144,8.178,8.389,8.5
2020-11-27,8.154,8.181,8.391,8.5
2020-12-04,8.163,8.185,8.393,8.5
2020-12-11,8.172,8.189,8.394,8.5
2020-12-18,8.181,8.193,8.396,8.5
2020-12-25,8.191,8.196,8.398,8.5
2021-01-01,8.2,8.2,8.4,8.5
2021-01-08,8.2,8.202,8.4,8.5
2021-01-15,8.2,8.204,8.4,8.5
2021-01-22,8.2,8.206,8.4,8.5
2021-01-29,8.2,8.207,8.4,8.5
2021-02-05,8.2,8.209,8.4,8.5
2021-02-11,8.2,8.211,8.4,8.5
2021-02-18,8.2,8.213,8.4,8.5
2021-02-25,8.2,8.215,8.4,8.5
2021-03-04,8.2,8.217,8.4,8.5
2021-03-10,8.2,8.219,8.4,8.5
2021-03-17,8.2,8.22,8.4,8.5
2021-03-24,8.2,8.222,8.4,8.5
2021-03-31,8.2,8.224,8.4,8.5
2021-04-07,8.2,8.226,8.4,8.5
2021-04-13,8.2,8.228,8.4,8.5
2021-04-19,8.2,8.23,8.4,8.5
2021-04-26,8.2,8.231,8.4,8.5
2021-05-02,8.2,8.233,8.4,8.5
2021-05-09,8.2,8.235,8.4,8.5
2021-05-15,8.2,8.237,8.4,8.5
2021-05-22,8.2,8.239,8.4,8.5
2021-05-28,8.2,8.241,8.4,8.5
2021-06-04,8.2,8.243,8.4,8.5
2021-06-11,8.2,8.244,8.4,8.5
2021-06-18,8.2,8.246,8.4,8.5
2021-06-25,8.2,8.248,8.4,8.5
2021-07-02,8.2,8.25,8.4,8.5
2021-07-09,8.2,8.252,8.4,8.5
2021-07-16,8.2,8.254,8.4,8.5
2021-07-23,8.2,8.256,8.4,8.5
2021-07-30,8.2,8.257,8.4,8.5
2021-08-06,8.2,8.259,8.4,8.5
2021-08-13,8.2,8.261,8.4,8.5
2021-08-20,8.2,8.263,8.4,8.5
2021-08-27,8.2,8.265,8.4,8.5
2021-09-03,8.2,8.267,8.4,8.5
2021-09-10,8.2,8.269,8.4,8.5
2021-09-17,8.2,8.27,8.4,8.5
2021-09-24,8.2,8.272,8.4,8.5
2021-10-01,8.2,8.274,8.4,8.5
2021-10-08,8.2,8.276,8.4,8.5
2021-10-14,8.2,8.278,8.4,8.5
2021-10-21,8.2,8.28,8.4,8.5
2021-10-28,8.2,8.281,8.4,8.5
2021-11-04,8.2,8.283,8.4,8.5
2021-11-10,8.2,8.285,8.4,8.5
2021-11-17,8.2,8.287,8.4,8.5
2021-11-24,8.2,8.289,8.4,8.5
2021-12-01,8.2,8.291,8.4,8.5
2021-12-08,8.2,8.293,8.4,8.5
2021-12-15,8.2,8.294,8.4,8.5
2021-12-22,8.2,8.296,8.4,8.5
2021-12-29,8.2,8.298,8.4,8.5
2022-01-05,8.2,8.3,8.4,8.5
2022-01-12,8.203,8.302,8.4,8.5
2022-01-19,8.206,8.303,8.4,8.5
2022-01-26,8.21,8.305,8.4,8.5
2022-02-02,8.213,8.306,8.4,8.5
2022-02-10,8.216,8.308,8.4,8.5
2022-02-16,8.219,8.31,8.4,8.5
2022-02-22,8.222,8.311,8.4,8.5
2022-03-01,8.225,8.313,8.4,8.5
2022-03-07,8.229,8.314,8.4,8.5
2022-03-13,8.232,8.316,8.4,8.5
2022-03-20,8.235,8.317,8.4,8.5
2022-03-26,8.238,8.319,8.4,8.5
2022-04-01,8.241,8.321,8.4,8.5
2022-04-08,8.244,8.322,8.4,8.5
2022-04-10,8.248,8.324,8.4,8.5
2022-04-13,8.251,8.325,8.4,8.5
2022-04-16,8.254,8.327,8.4,8.5
2022-04-19,8.257,8.329,8.4,8.5
2022-04-22,8.26,8.33,8.4,8.5
2022-04-25,8.263,8.332,8.4,8.5
2022-04-28,8.267,8.333,8.4,8.5
2022-05-01,8.27,8.335,8.4,8.5
2022-05-04,8.273,8.337,8.4,8.5
2022-05-07,8.276,8.338,8.4,8.5
2022-05-11,8.279,8.34,8.4,8.5
2022-05-15,8.283,8.341,8.4,8.5
2022-05-19,8.286,8.343,8.4,8.5
2022-05-23,8.289,8.344,8.4,8.5
2022-05-27,8.292,8.346,8.4,8.5
2022-05-31,8.295,8.348,8.4,8.5
2022-06-04,8.298,8.349,8.4,8.5
2022-06-08,8.302,8.351,8.4,8.5
2022-06-14,8.305,8.352,8.4,8.5
2022-06-20,8.308,8.354,8.4,8.5
2022-06-27,8.311,8.356,8.4,8.5
2022-07-03,8.314,8.357,8.4,8.5
2022-07-10,8.317,8.359,8.4,8.5
2022-07-16,8.321,8.36,8.4,8.5
2022-07-23,8.324,8.362,8.4,8.5
2022-07-29,8.327,8.363,8.4,8.5
2022-08-05,8.33,8.365,8.4,8.5
2022-08-11,8.333,8.367,8.4,8.5
2022-08-17,8.337,8.368,8.4,8.5
2022-08-23,8.34,8.37,8.4,8.5
2022-08-29,8.343,8.371,8.4,8.5
2022-09-05,8.346,8.373,8.4,8.5
2022-09-11,8.349,8.375,8.4,8.5
2022-09-17,8.352,8.376,8.4,8.5
2022-09-23,8.356,8.378,8.4,8.5
2022-09-30,8.359,8.379,8.4,8.5
2022-10-07,8.362,8.381,8.4,8.5
2022-10-15,8.365,8.383,8.4,8.5
2022-10-22,8.368,8.384,8.4,8.5
2022-10-30,8.371,8.386,8.4,8.5
2022-11-06,8.375,8.387,8.4,8.5
2022-11-14,8.378,8.389,8.4,8.5
2022-11-21,8.381,8.39,8.4,8.5
2022-11-29,8.384,8.392,8.4,8.5
2022-12-07,8.387,8.394,8.4,8.5
2022-12-14,8.39,8.395,8.4,8.5
2022-12-21,8.394,8.397,8.4,8.5
2022-12-28,8.397,8.398,8.4,8.5
2023-01-04,8.4,8.4,8.4,8.5
2023-01-11,8.4,8.4,8.411,8.509
2023-01-18,8.4,8.4,8.422,8.519
2023-01-25,8.4,8.4,8.433,8.528
2023-02-01,8.4,8.4,8.444,8.537
2023-02-08,8.4,8.4,8.456,8.546
2023-02-14,8.4,8.4,8.467,8.556
2023-02-20,8.4,8.4,8.478,8.565
2023-02-27,8.4,8.4,8.489,8.574
2023-03-05,8.4,8.4,8.5,8.583
2023-03-11,8.4,8.4,8.511,8.593
2023-03-18,8.4,8.4,8.522,8.602
2023-03-24,8.4,8.4,8.533,8.611
2023-03-30,8.4,8.4,8.544,8.62
2023-04-06,8.4,8.4,8.556,8.63
2023-04-13,8.4,8.4,8.567,8.639
2023-04-20,8.4,8.4,8.578,8.648
2023-04-27,8.4,8.4,8.589,8.657
2023-05-04,8.4,8.4,8.6,8.667
2023-05-11,8.4,8.4,8.611,8.676
2023-05-18,8.4,8.4,8.622,8.685
2023-05-25,8.4,8.4,8.633,8.694
2023-06-01,8.4,8.4,8.644,8.704
2023-06-08,8.4,8.4,8.656,8.713
2023-06-15,8.4,8.4,8.667,8.722
2023-06-22,8.4,8.4,8.678,8.731
2023-06-29,8.4,8.4,8.689,8.741
2023-07-06,8.4,8.4,8.7,8.75
2023-07-13,8.4,8.4,8.711,8.759
2023-07-20,8.4,8.4,8.722,8.769
2023-07-27,8.4,8.4,8.733,8.778
2023-08-03,8.4,8.4,8.744,8.787
2023-08-10,8.4,8.4,8.756,8.796
2023-08-16,8.4,8.4,8.767,8.806
2023-08-22,8.4,8.4,8.778,8.815
2023-08-29,8.4,8.4,8.789,8.824
2023-09-04,8.4,8.4,8.8,8.833
2023-09-10,8.4,8.4,8.811,8.843
2023-09-17,8.4,8.4,8.822,8.852
2023-09-23,8.4,8.4,8.833,8.861
2023-09-29,8.4,8.4,8.844,8.87
2023-10-06,8.4,8.4,8.856,8.88
2023-10-13,8.4,8.4,8.867,8.889
2023-10-20,8.4,8.4,8.878,8.898
2023-10-27,8.4,8.4,8.889,8.907
2023-11-03,8.4,8.4,8.9,8.917
2023-11-10,8.4,8.4,8.911,8.926
2023-11-17,8.4,8.4,8.922,8.935
2023-11-24,8.4,8.4,8.933,8.944
2023-12-01,8.4,8.4,8.944,8.954
2023-12-08,8.4,8.4,8.956,8.963
2023-12-14,8.4,8.4,8.967,8.972
2023-12-21,8.4,8.4,8.978,8.981
2023-12-28,8.4,8.4,8.989,8.991
2024-01-04,8.4,8.4,9.0,9.0
2024-01-11,8.41,8.411,9.002,9.003
2024-01-18,8.42,8.422,9.003,9.007
2024-01-25,8.431,8.433,9.005,9.01
2024-02-01,8.441,8.444,9.007,9.014
2024-02-08,8.451,8.455,9.008,9.017
2024-02-14,8.461,8.466,9.01,9.02
2024-02-20,8.471,8.477,9.012,9.024
2024-02-27,8.481,8.488,9.014,9.027
2024-03-04,8.492,8.499,9.015,9.031
2024-03-10,8.502,8.51,9.017,9.034
2024-03-17,8.512,8.521,9.019,9.037
2024-03-23,8.522,8.532,9.02,9.041
2024-03-29,8.532,8.543,9.022,9.044
2024-04-05,8.542,8.554,9.024,9.047
2024-04-12,8.553,8.565,9.025,9.051
2024-04-19,8.563,8.576,9.027,9.054
2024-04-26,8.573,8.587,9.029,9.058
2024-05-03,8.583,8.598,9.031,9.061
2024-05-10,8.593,8.609,9.032,9.064
2024-05-17,8.603,8.62,9.034,9.068
2024-05-24,8.614,8.631,9.036,9.071
2024-05-31,8.624,8.642,9.037,9.075
2024-06-07,8.634,8.653,9.039,9.078
2024-06-13,8.644,8.664,9.041,9.081
2024-06-20,8.654,8.675,9.042,9.085
2024-06-27,8.664,8.686,9.044,9.088
2024-07-04,8.675,8.697,9.046,9.092
2024-07-11,8.685,8.708,9.047,9.095
2024-07-18,8.695,8.719,9.049,9.098
2024-07-25,8.705,8.731,9.051,9.102
2024-08-01,8.715,8.742,9.053,9.105
2024-08-08,8.725,8.753,9.054,9.108
2024-08-14,8.736,8.764,9.056,9.112
2024-08-21,8.746,8.775,9.058,9.115
2024-08-28,8.756,8.786,9.059,9.119
2024-09-04,8.766,8.797,9.061,9.122
2024-09-11,8.776,8.808,9.063,9.125
2024-09-18,8.786,8.819,9.064,9.129
2024-09-25,8.797,8.83,9.066,9.132
2024-10-02,8.807,8.841,9.068,9.136
2024-10-09,8.817,8.852,9.069,9.139
2024-10-15,8.827,8.863,9.071,9.142
2024-10-21,8.837,8.874,9.073,9.146
2024-10-28,8.847,8.885,9.075,9.149
2024-11-03,8.858,8.896,9.076,9.153
2024-11-10,8.868,8.907,9.078,9.156
2024-11-16,8.878,8.918,9.08,9.159
2024-11-23,8.888,8.929,9.081,9.163
2024-11-29,8.898,8.94,9.083,9.166
2024-12-06,8.908,8.951,9.085,9.169
2024-12-13,8.919,8.962,9.086,9.173
2024-12-20,8.929,8.973,9.088,9.176
2024-12-27,8.939,8.984,9.09,9.18
2025-01-03,8.949,8.995,9.092,9.183
2025-01-10,8.959,9.006,9.093,9.186
2025-01-17,8.969,9.017,9.095,9.19
2025-01-24,8.98,9.028,9.097,9.193
2025-01-31,8.99,9.039,9.098,9.197
2025-02-07,9.0,9.05,9.1,9.2
