Date,Average,1 Year,2 Year,3 Year,5 Year
30-01-2000,8,6.9,7,7.1,7.5
01-02-2000,9.6,6.886,6.985,7.084,7.492
03-02-2000,9.371,6.873,6.971,7.069,7.484
05-02-2000,9.143,6.859,6.956,7.053,7.476
07-02-2000,8.914,6.845,6.941,7.037,7.469
10-02-2000,8.686,6.831,6.926,7.022,7.461
12-02-2000,8.457,6.818,6.912,7.006,7.453
14-02-2000,8.229,6.804,6.897,6.99,7.445
16-02-2000,8,6.79,6.882,6.975,7.437
19-02-2000,9.6,6.776,6.868,6.959,7.429
21-02-2000,12,6.763,6.853,6.943,7.422
23-02-2000,11.657,6.749,6.838,6.927,7.414
25-02-2000,11.314,6.735,6.824,6.912,7.406
27-02-2000,10.971,6.722,6.809,6.896,7.398
29-02-2000,10.629,6.708,6.794,6.88,7.39
02-03-2000,10.286,6.694,6.779,6.865,7.382
04-03-2000,9.943,6.68,6.765,6.849,7.375
06-03-2000,9.6,6.667,6.75,6.833,7.367
09-03-2000,12,6.653,6.735,6.818,7.359
14-03-2000,12,6.639,6.721,6.802,7.351
19-03-2000,11.857,6.625,6.706,6.786,7.343
24-03-2000,11.714,6.612,6.691,6.771,7.335
29-03-2000,11.571,6.598,6.676,6.755,7.327
03-04-2000,11.429,6.584,6.662,6.739,7.32
08-04-2000,11.286,6.571,6.647,6.724,7.312
13-04-2000,11.143,6.557,6.632,6.708,7.304
18-04-2000,11,6.543,6.618,6.692,7.296
23-04-2000,11,6.529,6.603,6.676,7.288
25-04-2000,11,6.516,6.588,6.661,7.28
27-04-2000,10.786,6.502,6.574,6.645,7.273
29-04-2000,10.571,6.488,6.559,6.629,7.265
01-05-2000,10.357,6.475,6.544,6.614,7.257
03-05-2000,10.143,6.461,6.529,6.598,7.249
05-05-2000,9.929,6.447,6.515,6.582,7.241
07-05-2000,9.714,6.433,6.5,6.567,7.233
09-05-2000,9.5,6.42,6.485,6.551,7.225
12-05-2000,9.5,6.406,6.471,6.535,7.218
14-05-2000,9.5,6.392,6.456,6.52,7.21
16-05-2000,9.464,6.378,6.441,6.504,7.202
19-05-2000,9.429,6.365,6.426,6.488,7.194
21-05-2000,9.393,6.351,6.412,6.473,7.186
23-05-2000,9.357,6.337,6.397,6.457,7.178
26-05-2000,9.321,6.324,6.382,6.441,7.171
28-05-2000,9.286,6.31,6.368,6.425,7.163
30-05-2000,9.25,6.296,6.353,6.41,7.155
02-06-2000,9.25,6.282,6.338,6.394,7.147
07-06-2000,9.25,6.269,6.324,6.378,7.139
13-06-2000,9.229,6.255,6.309,6.363,7.131
19-06-2000,9.207,6.241,6.294,6.347,7.124
24-06-2000,9.186,6.227,6.279,6.331,7.116
30-06-2000,9.164,6.214,6.265,6.316,7.108
06-07-2000,9.143,6.2,6.25,6.3,7.1
11-07-2000,9.121,6.186,6.235,6.284,7.092
17-07-2000,9.1,6.173,6.221,6.269,7.084
23-07-2000,9.1,6.159,6.206,6.253,7.076
25-07-2000,9.1,6.145,6.191,6.237,7.069
27-07-2000,9.086,6.131,6.176,6.222,7.061
29-07-2000,9.071,6.118,6.162,6.206,7.053
31-07-2000,9.057,6.104,6.147,6.19,7.045
03-08-2000,9.043,6.09,6.132,6.175,7.037
05-08-2000,9.029,6.076,6.118,6.159,7.029
07-08-2000,9.014,6.063,6.103,6.143,7.022
09-08-2000,9,6.049,6.088,6.127,7.014
12-08-2000,9,6.035,6.074,6.112,7.006
15-08-2000,9,6.022,6.059,6.096,6.998
18-08-2000,8.964,6.008,6.044,6.08,6.99
22-08-2000,8.929,5.994,6.029,6.065,6.982
25-08-2000,8.893,5.98,6.015,6.049,6.975
29-08-2000,8.857,5.967,6,6.033,6.967
01-09-2000,8.821,5.953,5.985,6.018,6.959
05-09-2000,8.786,5.939,5.971,6.002,6.951
08-09-2000,8.75,5.925,5.956,5.986,6.943
12-09-2000,8.75,5.912,5.941,5.971,6.935
17-09-2000,8.75,5.898,5.926,5.955,6.927
22-09-2000,8.679,5.884,5.912,5.939,6.92
28-09-2000,8.607,5.871,5.897,5.924,6.912
03-10-2000,8.536,5.857,5.882,5.908,6.904
09-10-2000,8.464,5.843,5.868,5.892,6.896
14-10-2000,8.393,5.829,5.853,5.876,6.888
20-10-2000,8.321,5.816,5.838,5.861,6.88
25-10-2000,8.25,5.802,5.824,5.845,6.873
31-10-2000,8.25,5.788,5.809,5.829,6.865
03-11-2000,8.25,5.775,5.794,5.814,6.857
06-11-2000,8.214,5.761,5.779,5.798,6.849
10-11-2000,8.179,5.747,5.765,5.782,6.841
13-11-2000,8.143,5.733,5.75,5.767,6.833
16-11-2000,8.107,5.72,5.735,5.751,6.825
20-11-2000,8.071,5.706,5.721,5.735,6.818
23-11-2000,8.036,5.692,5.706,5.72,6.81
26-11-2000,8,5.678,5.691,5.704,6.802
30-11-2000,8,5.665,5.676,5.688,6.794
02-12-2000,8,5.651,5.662,5.673,6.786
04-12-2000,8,5.637,5.647,5.657,6.778
06-12-2000,8,5.624,5.632,5.641,6.771
08-12-2000,8,5.61,5.618,5.625,6.763
11-12-2000,8,5.596,5.603,5.61,6.755
13-12-2000,8,5.582,5.588,5.594,6.747
15-12-2000,8,5.569,5.574,5.578,6.739
17-12-2000,8,5.555,5.559,5.563,6.731
20-12-2000,8,5.541,5.544,5.547,6.724
24-12-2000,8,5.527,5.529,5.531,6.716
29-12-2000,8,5.514,5.515,5.516,6.708
02-01-2001,8,5.5,5.5,5.5,6.7
07-01-2001,8,5.5,5.5,5.5,6.7
11-01-2001,8,5.5,5.5,5.5,6.7
16-01-2001,8,5.5,5.5,5.5,6.7
20-01-2001,8,5.5,5.5,5.5,6.7
25-01-2001,8,5.5,5.5,5.5,6.7
30-01-2001,8,5.5,5.5,5.5,6.7
01-02-2001,8,5.5,5.5,5.5,6.7
03-02-2001,7.929,5.5,5.5,5.5,6.7
05-02-2001,7.857,5.5,5.5,5.5,6.7
07-02-2001,7.786,5.5,5.5,5.5,6.7
10-02-2001,7.714,5.5,5.5,5.5,6.7
12-02-2001,7.643,5.5,5.5,5.5,6.7
14-02-2001,7.571,5.5,5.5,5.5,6.7
16-02-2001,7.5,5.5,5.5,5.5,6.7
19-02-2001,7.5,5.5,5.5,5.5,6.7
21-02-2001,7.5,5.5,5.5,5.5,6.7
23-02-2001,7.429,5.5,5.5,5.5,6.7
25-02-2001,7.357,5.5,5.5,5.5,6.7
27-02-2001,7.286,5.5,5.5,5.5,6.7
01-03-2001,7.214,5.5,5.5,5.5,6.7
03-03-2001,7.143,5.5,5.5,5.5,6.7
05-03-2001,7.071,5.5,5.5,5.5,6.7
07-03-2001,7,5.5,5.5,5.5,6.7
09-03-2001,7,5.5,5.5,5.5,6.7
14-03-2001,7,5.5,5.5,5.5,6.7
19-03-2001,6.964,5.5,5.5,5.5,6.7
24-03-2001,6.929,5.5,5.5,5.5,6.7
29-03-2001,6.893,5.5,5.5,5.5,6.7
03-04-2001,6.857,5.5,5.5,5.5,6.7
08-04-2001,6.821,5.5,5.5,5.5,6.7
13-04-2001,6.786,5.5,5.5,5.5,6.7
18-04-2001,6.75,5.5,5.5,5.5,6.7
23-04-2001,6.75,5.5,5.5,5.5,6.7
25-04-2001,6.75,5.5,5.5,5.5,6.7
27-04-2001,6.75,5.5,5.5,5.5,6.7
29-04-2001,6.75,5.5,5.5,5.5,6.7
01-05-2001,6.75,5.5,5.5,5.5,6.7
03-05-2001,6.75,5.5,5.5,5.5,6.7
05-05-2001,6.75,5.5,5.5,5.5,6.7
07-05-2001,6.75,5.5,5.5,5.5,6.7
09-05-2001,6.75,5.5,5.5,5.5,6.7
12-05-2001,6.75,5.5,5.5,5.5,6.7
14-05-2001,6.75,5.5,5.5,5.5,6.7
16-05-2001,6.714,5.5,5.5,5.5,6.7
19-05-2001,6.679,5.5,5.5,5.5,6.7
21-05-2001,6.643,5.5,5.5,5.5,6.7
23-05-2001,6.607,5.5,5.5,5.5,6.7
26-05-2001,6.571,5.5,5.5,5.5,6.7
28-05-2001,6.536,5.5,5.5,5.5,6.7
30-05-2001,6.5,5.5,5.5,5.5,6.7
02-06-2001,6.5,5.5,5.5,5.5,6.7
07-06-2001,6.5,5.5,5.5,5.5,6.7
13-06-2001,6.5,5.5,5.5,5.5,6.7
19-06-2001,6.5,5.5,5.5,5.5,6.7
24-06-2001,6.5,5.5,5.5,5.5,6.7
30-06-2001,6.5,5.5,5.5,5.5,6.7
06-07-2001,6.5,5.5,5.5,5.5,6.7
11-07-2001,6.5,5.5,5.5,5.5,6.7
17-07-2001,6.5,5.5,5.5,5.5,6.7
23-07-2001,6.5,5.5,5.5,5.5,6.7
25-07-2001,6.5,5.5,5.5,5.5,6.7
27-07-2001,6.5,5.5,5.5,5.5,6.7
29-07-2001,6.5,5.5,5.5,5.5,6.7
31-07-2001,6.5,5.5,5.5,5.5,6.7
03-08-2001,6.5,5.5,5.5,5.5,6.7
05-08-2001,6.5,5.5,5.5,5.5,6.7
07-08-2001,6.5,5.5,5.5,5.5,6.7
09-08-2001,6.5,5.5,5.5,5.5,6.7
12-08-2001,6.5,5.5,5.5,5.5,6.7
15-08-2001,6.5,5.5,5.5,5.5,6.7
18-08-2001,6.5,5.5,5.5,5.5,6.7
22-08-2001,6.5,5.5,5.5,5.5,6.7
25-08-2001,6.5,5.5,5.5,5.5,6.7
29-08-2001,6.5,5.5,5.5,5.5,6.7
01-09-2001,6.5,5.5,5.5,5.5,6.7
05-09-2001,6.5,5.5,5.5,5.5,6.7
08-09-2001,6.5,5.5,5.5,5.5,6.7
12-09-2001,6.5,5.5,5.5,5.5,6.7
17-09-2001,6.5,5.5,5.5,5.5,6.7
22-09-2001,6.5,5.5,5.5,5.5,6.7
28-09-2001,6.5,5.5,5.5,5.5,6.7
03-10-2001,6.5,5.5,5.5,5.5,6.7
09-10-2001,6.5,5.5,5.5,5.5,6.7
14-10-2001,6.5,5.5,5.5,5.5,6.7
20-10-2001,6.5,5.5,5.5,5.5,6.7
25-10-2001,6.5,5.5,5.5,5.5,6.7
31-10-2001,6.5,5.5,5.5,5.5,6.7
03-11-2001,6.5,5.5,5.5,5.5,6.7
06-11-2001,6.5,5.5,5.5,5.5,6.7
10-11-2001,6.5,5.5,5.5,5.5,6.7
13-11-2001,6.5,5.5,5.5,5.5,6.7
16-11-2001,6.5,5.5,5.5,5.5,6.7
20-11-2001,6.5,5.5,5.5,5.5,6.7
23-11-2001,6.5,5.5,5.5,5.5,6.7
26-11-2001,6.5,5.5,5.5,5.5,6.7
30-11-2001,6.5,5.5,5.5,5.5,6.7
02-12-2001,6.5,5.5,5.5,5.5,6.7
04-12-2001,6.5,5.5,5.5,5.5,6.7
06-12-2001,6.5,5.5,5.5,5.5,6.7
08-12-2001,6.5,5.5,5.5,5.5,6.7
11-12-2001,6.5,5.5,5.5,5.5,6.7
13-12-2001,6.5,5.5,5.5,5.5,6.7
15-12-2001,6.5,5.5,5.5,5.5,6.7
17-12-2001,6.5,5.5,5.5,5.5,6.7
20-12-2001,6.5,5.5,5.5,5.5,6.7
24-12-2001,6.5,5.5,5.5,5.5,6.7
29-12-2001,6.5,5.5,5.5,5.5,6.7
02-01-2002,6.5,5.5,5.5,5.5,6.7
07-01-2002,6.5,5.503,5.503,5.504,6.701
11-01-2002,6.5,5.505,5.507,5.508,6.701
16-01-2002,6.5,5.508,5.51,5.512,6.702
20-01-2002,6.5,5.51,5.514,5.516,6.703
25-01-2002,6.5,5.513,5.517,5.52,6.703
30-01-2002,6.5,5.515,5.521,5.524,6.704
01-02-2002,6.5,5.518,5.524,5.528,6.705
03-02-2002,6.5,5.52,5.528,5.531,6.706
05-02-2002,6.5,5.523,5.531,5.535,6.706
07-02-2002,6.5,5.525,5.535,5.539,6.707
10-02-2002,6.5,5.528,5.538,5.543,6.708
12-02-2002,6.5,5.531,5.542,5.547,6.708
14-02-2002,6.5,5.533,5.545,5.551,6.709
16-02-2002,6.5,5.536,5.549,5.555,6.71
19-02-2002,6.5,5.538,5.552,5.559,6.71
21-02-2002,6.5,5.541,5.556,5.563,6.711
23-02-2002,6.429,5.543,5.559,5.567,6.712
25-02-2002,6.357,5.546,5.562,5.571,6.712
27-02-2002,6.286,5.548,5.566,5.575,6.713
01-03-2002,6.214,5.551,5.569,5.579,6.714
03-03-2002,6.143,5.553,5.573,5.583,6.715
05-03-2002,6.071,5.556,5.576,5.587,6.715
07-03-2002,6,5.559,5.58,5.591,6.716
09-03-2002,6,5.561,5.583,5.594,6.717
14-03-2002,6,5.564,5.587,5.598,6.717
19-03-2002,6,5.566,5.59,5.602,6.718
24-03-2002,6,5.569,5.594,5.606,6.719
29-03-2002,6,5.571,5.597,5.61,6.719
03-04-2002,6,5.574,5.601,5.614,6.72
08-04-2002,6,5.576,5.604,5.618,6.721
13-04-2002,6,5.579,5.608,5.622,6.722
18-04-2002,6,5.581,5.611,5.626,6.722
23-04-2002,6,5.584,5.615,5.63,6.723
25-04-2002,6,5.587,5.618,5.634,6.724
27-04-2002,6,5.589,5.622,5.638,6.724
29-04-2002,6,5.592,5.625,5.642,6.725
01-05-2002,6,5.594,5.628,5.646,6.726
03-05-2002,6,5.597,5.632,5.65,6.726
05-05-2002,6,5.599,5.635,5.653,6.727
07-05-2002,6,5.602,5.639,5.657,6.728
09-05-2002,6,5.604,5.642,5.661,6.728
12-05-2002,6,5.607,5.646,5.665,6.729
14-05-2002,6,5.609,5.649,5.669,6.73
16-05-2002,5.964,5.612,5.653,5.673,6.731
19-05-2002,5.929,5.615,5.656,5.677,6.731
21-05-2002,5.893,5.617,5.66,5.681,6.732
23-05-2002,5.857,5.62,5.663,5.685,6.733
26-05-2002,5.821,5.622,5.667,5.689,6.733
28-05-2002,5.786,5.625,5.67,5.693,6.734
30-05-2002,5.75,5.627,5.674,5.697,6.735
02-06-2002,5.75,5.63,5.677,5.701,6.735
07-06-2002,5.75,5.632,5.681,5.705,6.736
13-06-2002,5.75,5.635,5.684,5.709,6.737
19-06-2002,5.75,5.638,5.688,5.712,6.738
24-06-2002,5.75,5.64,5.691,5.716,6.738
30-06-2002,5.75,5.643,5.694,5.72,6.739
06-07-2002,5.75,5.645,5.698,5.724,6.74
11-07-2002,5.75,5.648,5.701,5.728,6.74
17-07-2002,5.75,5.65,5.705,5.732,6.741
23-07-2002,5.75,5.653,5.708,5.736,6.742
25-07-2002,5.75,5.655,5.712,5.74,6.742
27-07-2002,5.75,5.658,5.715,5.744,6.743
29-07-2002,5.75,5.66,5.719,5.748,6.744
31-07-2002,5.75,5.663,5.722,5.752,6.744
03-08-2002,5.75,5.666,5.726,5.756,6.745
05-08-2002,5.75,5.668,5.729,5.76,6.746
07-08-2002,5.75,5.671,5.733,5.764,6.747
09-08-2002,5.75,5.673,5.736,5.768,6.747
12-08-2002,5.75,5.676,5.74,5.772,6.748
15-08-2002,5.75,5.678,5.743,5.775,6.749
18-08-2002,5.75,5.681,5.747,5.779,6.749
22-08-2002,5.75,5.683,5.75,5.783,6.75
25-08-2002,5.75,5.686,5.753,5.787,6.751
29-08-2002,5.75,5.688,5.757,5.791,6.751
01-09-2002,5.75,5.691,5.76,5.795,6.752
05-09-2002,5.75,5.694,5.764,5.799,6.753
08-09-2002,5.75,5.696,5.767,5.803,6.753
12-09-2002,5.75,5.699,5.771,5.807,6.754
17-09-2002,5.75,5.701,5.774,5.811,6.755
22-09-2002,5.75,5.704,5.778,5.815,6.756
28-09-2002,5.75,5.706,5.781,5.819,6.756
03-10-2002,5.75,5.709,5.785,5.823,6.757
09-10-2002,5.75,5.711,5.788,5.827,6.758
14-10-2002,5.75,5.714,5.792,5.831,6.758
20-10-2002,5.75,5.716,5.795,5.834,6.759
25-10-2002,5.75,5.719,5.799,5.838,6.76
31-10-2002,5.75,5.722,5.802,5.842,6.76
03-11-2002,5.75,5.724,5.806,5.846,6.761
06-11-2002,5.714,5.727,5.809,5.85,6.762
10-11-2002,5.679,5.729,5.812,5.854,6.762
13-11-2002,5.643,5.732,5.816,5.858,6.763
16-11-2002,5.607,5.734,5.819,5.862,6.764
20-11-2002,5.571,5.737,5.823,5.866,6.765
23-11-2002,5.536,5.739,5.826,5.87,6.765
26-11-2002,5.5,5.742,5.83,5.874,6.766
30-11-2002,5.5,5.744,5.833,5.878,6.767
02-12-2002,5.5,5.747,5.837,5.882,6.767
04-12-2002,5.5,5.75,5.84,5.886,6.768
06-12-2002,5.5,5.752,5.844,5.89,6.769
08-12-2002,5.5,5.755,5.847,5.894,6.769
11-12-2002,5.5,5.757,5.851,5.897,6.77
13-12-2002,5.5,5.76,5.854,5.901,6.771
15-12-2002,5.5,5.762,5.858,5.905,6.772
17-12-2002,5.5,5.765,5.861,5.909,6.772
20-12-2002,5.5,5.767,5.865,5.913,6.773
24-12-2002,5.5,5.77,5.868,5.917,6.774
29-12-2002,5.5,5.772,5.872,5.921,6.774
02-01-2003,5.5,5.775,5.875,5.925,6.775
07-01-2003,5.5,5.779,5.881,5.934,6.782
11-01-2003,5.5,5.784,5.887,5.944,6.788
16-01-2003,5.5,5.788,5.892,5.953,6.795
20-01-2003,5.5,5.793,5.898,5.962,6.802
25-01-2003,5.5,5.797,5.904,5.971,6.809
30-01-2003,5.5,5.801,5.91,5.981,6.815
01-02-2003,5.5,5.806,5.916,5.99,6.822
03-02-2003,5.5,5.81,5.921,5.999,6.829
05-02-2003,5.5,5.815,5.927,6.008,6.835
07-02-2003,5.5,5.819,5.933,6.018,6.842
10-02-2003,5.5,5.823,5.939,6.027,6.849
12-02-2003,5.5,5.828,5.944,6.036,6.856
14-02-2003,5.5,5.832,5.95,6.045,6.862
16-02-2003,5.5,5.837,5.956,6.055,6.869
19-02-2003,5.5,5.841,5.962,6.064,6.876
21-02-2003,5.5,5.845,5.968,6.073,6.882
23-02-2003,5.429,5.85,5.973,6.082,6.889
25-02-2003,5.357,5.854,5.979,6.092,6.896
27-02-2003,5.286,5.859,5.985,6.101,6.903
01-03-2003,5.214,5.863,5.991,6.11,6.909
03-03-2003,5.143,5.867,5.997,6.119,6.916
05-03-2003,5.071,5.872,6.002,6.129,6.923
07-03-2003,5,5.876,6.008,6.138,6.929
09-03-2003,5,5.881,6.014,6.147,6.936
14-03-2003,5,5.885,6.02,6.156,6.943
19-03-2003,5,5.889,6.025,6.166,6.95
24-03-2003,5,5.894,6.031,6.175,6.956
29-03-2003,5,5.898,6.037,6.184,6.963
03-04-2003,5,5.903,6.043,6.194,6.97
08-04-2003,5,5.907,6.049,6.203,6.976
13-04-2003,5,5.911,6.054,6.212,6.983
18-04-2003,5,5.916,6.06,6.221,6.99
23-04-2003,5,5.92,6.066,6.231,6.997
25-04-2003,5,5.925,6.072,6.24,7.003
27-04-2003,5,5.929,6.078,6.249,7.01
29-04-2003,5,5.933,6.083,6.258,7.017
01-05-2003,5,5.938,6.089,6.268,7.023
03-05-2003,5,5.942,6.095,6.277,7.03
05-05-2003,5,5.947,6.101,6.286,7.037
07-05-2003,5,5.951,6.106,6.295,7.044
09-05-2003,5,5.955,6.112,6.305,7.05
12-05-2003,5,5.96,6.118,6.314,7.057
14-05-2003,5,5.964,6.124,6.323,7.064
16-05-2003,5,5.969,6.13,6.332,7.07
19-05-2003,5,5.973,6.135,6.342,7.077
21-05-2003,5,5.977,6.141,6.351,7.084
23-05-2003,5,5.982,6.147,6.36,7.091
26-05-2003,5,5.986,6.153,6.369,7.097
28-05-2003,5,5.991,6.159,6.379,7.104
30-05-2003,5,5.995,6.164,6.388,7.111
02-06-2003,5,5.999,6.17,6.397,7.117
07-06-2003,5,6.004,6.176,6.406,7.124
13-06-2003,5,6.008,6.182,6.416,7.131
19-06-2003,5,6.012,6.188,6.425,7.138
24-06-2003,5,6.017,6.193,6.434,7.144
30-06-2003,5,6.021,6.199,6.444,7.151
06-07-2003,5,6.026,6.205,6.453,7.158
11-07-2003,5,6.03,6.211,6.462,7.164
17-07-2003,5,6.034,6.216,6.471,7.171
23-07-2003,5,6.039,6.222,6.481,7.178
25-07-2003,5,6.043,6.228,6.49,7.184
27-07-2003,4.929,6.048,6.234,6.499,7.191
29-07-2003,4.857,6.052,6.24,6.508,7.198
31-07-2003,4.786,6.056,6.245,6.518,7.205
03-08-2003,4.714,6.061,6.251,6.527,7.211
05-08-2003,4.643,6.065,6.257,6.536,7.218
07-08-2003,4.571,6.07,6.263,6.545,7.225
09-08-2003,4.5,6.074,6.269,6.555,7.231
12-08-2003,4.5,6.078,6.274,6.564,7.238
15-08-2003,4.5,6.083,6.28,6.573,7.245
18-08-2003,4.5,6.087,6.286,6.582,7.252
22-08-2003,4.5,6.092,6.292,6.592,7.258
25-08-2003,4.5,6.096,6.297,6.601,7.265
29-08-2003,4.5,6.1,6.303,6.61,7.272
01-09-2003,4.5,6.105,6.309,6.619,7.278
05-09-2003,4.5,6.109,6.315,6.629,7.285
08-09-2003,4.5,6.114,6.321,6.638,7.292
12-09-2003,4.5,6.118,6.326,6.647,7.299
17-09-2003,4.5,6.122,6.332,6.656,7.305
22-09-2003,4.5,6.127,6.338,6.666,7.312
28-09-2003,4.5,6.131,6.344,6.675,7.319
03-10-2003,4.5,6.136,6.35,6.684,7.325
09-10-2003,4.5,6.14,6.355,6.694,7.332
14-10-2003,4.5,6.144,6.361,6.703,7.339
20-10-2003,4.5,6.149,6.367,6.712,7.346
25-10-2003,4.5,6.153,6.373,6.721,7.352
31-10-2003,4.5,6.158,6.378,6.731,7.359
03-11-2003,4.5,6.162,6.384,6.74,7.366
06-11-2003,4.5,6.166,6.39,6.749,7.372
10-11-2003,4.5,6.171,6.396,6.758,7.379
13-11-2003,4.5,6.175,6.402,6.768,7.386
16-11-2003,4.5,6.18,6.407,6.777,7.393
20-11-2003,4.5,6.184,6.413,6.786,7.399
23-11-2003,4.5,6.188,6.419,6.795,7.406
26-11-2003,4.5,6.193,6.425,6.805,7.413
30-11-2003,4.5,6.197,6.431,6.814,7.419
02-12-2003,4.5,6.202,6.436,6.823,7.426
04-12-2003,4.5,6.206,6.442,6.832,7.433
06-12-2003,4.5,6.21,6.448,6.842,7.44
08-12-2003,4.5,6.215,6.454,6.851,7.446
11-12-2003,4.5,6.219,6.459,6.86,7.453
13-12-2003,4.5,6.224,6.465,6.869,7.46
15-12-2003,4.5,6.228,6.471,6.879,7.466
17-12-2003,4.5,6.232,6.477,6.888,7.473
20-12-2003,4.5,6.237,6.483,6.897,7.48
24-12-2003,4.5,6.241,6.488,6.906,7.487
29-12-2003,4.5,6.246,6.494,6.916,7.493
02-01-2004,4.5,6.25,6.5,6.925,7.5
07-01-2004,4.5,6.25,6.5,6.926,7.5
11-01-2004,4.5,6.25,6.5,6.926,7.5
16-01-2004,4.5,6.25,6.5,6.927,7.5
20-01-2004,4.5,6.25,6.5,6.928,7.5
25-01-2004,4.5,6.25,6.5,6.928,7.5
30-01-2004,4.5,6.25,6.5,6.929,7.5
01-02-2004,4.5,6.25,6.5,6.93,7.5
03-02-2004,4.5,6.25,6.5,6.931,7.5
05-02-2004,4.5,6.25,6.5,6.931,7.5
07-02-2004,4.5,6.25,6.5,6.932,7.5
10-02-2004,4.5,6.25,6.5,6.933,7.5
12-02-2004,4.5,6.25,6.5,6.933,7.5
14-02-2004,4.5,6.25,6.5,6.934,7.5
16-02-2004,4.5,6.25,6.5,6.935,7.5
19-02-2004,4.5,6.25,6.5,6.935,7.5
21-02-2004,4.5,6.25,6.5,6.936,7.5
23-02-2004,4.5,6.25,6.5,6.937,7.5
25-02-2004,4.5,6.25,6.5,6.938,7.5
27-02-2004,4.5,6.25,6.5,6.938,7.5
29-02-2004,4.5,6.25,6.5,6.939,7.5
02-03-2004,4.5,6.25,6.5,6.94,7.5
04-03-2004,4.5,6.25,6.5,6.94,7.5
06-03-2004,4.5,6.25,6.5,6.941,7.5
09-03-2004,4.5,6.25,6.5,6.942,7.5
14-03-2004,4.5,6.25,6.5,6.942,7.5
19-03-2004,4.5,6.25,6.5,6.943,7.5
24-03-2004,4.5,6.25,6.5,6.944,7.5
29-03-2004,4.5,6.25,6.5,6.944,7.5
03-04-2004,4.5,6.25,6.5,6.945,7.5
08-04-2004,4.5,6.25,6.5,6.946,7.5
13-04-2004,4.5,6.25,6.5,6.947,7.5
18-04-2004,4.5,6.25,6.5,6.947,7.5
23-04-2004,4.5,6.25,6.5,6.948,7.5
25-04-2004,4.5,6.25,6.5,6.949,7.5
27-04-2004,4.5,6.25,6.5,6.949,7.5
29-04-2004,4.5,6.25,6.5,6.95,7.5
01-05-2004,4.5,6.25,6.5,6.951,7.5
03-05-2004,4.5,6.25,6.5,6.951,7.5
05-05-2004,4.5,6.25,6.5,6.952,7.5
07-05-2004,4.5,6.25,6.5,6.953,7.5
09-05-2004,4.5,6.25,6.5,6.953,7.5
12-05-2004,4.5,6.25,6.5,6.954,7.5
14-05-2004,4.5,6.25,6.5,6.955,7.5
16-05-2004,4.5,6.25,6.5,6.956,7.5
19-05-2004,4.5,6.25,6.5,6.956,7.5
21-05-2004,4.5,6.25,6.5,6.957,7.5
23-05-2004,4.5,6.25,6.5,6.958,7.5
26-05-2004,4.5,6.25,6.5,6.958,7.5
28-05-2004,4.5,6.25,6.5,6.959,7.5
30-05-2004,4.5,6.25,6.5,6.96,7.5
02-06-2004,4.5,6.25,6.5,6.96,7.5
07-06-2004,4.5,6.25,6.5,6.961,7.5
13-06-2004,4.5,6.25,6.5,6.962,7.5
19-06-2004,4.5,6.25,6.5,6.962,7.5
24-06-2004,4.5,6.25,6.5,6.963,7.5
30-06-2004,4.5,6.25,6.5,6.964,7.5
06-07-2004,4.5,6.25,6.5,6.965,7.5
11-07-2004,4.5,6.25,6.5,6.965,7.5
17-07-2004,4.5,6.25,6.5,6.966,7.5
23-07-2004,4.5,6.25,6.5,6.967,7.5
25-07-2004,4.5,6.25,6.5,6.967,7.5
27-07-2004,4.5,6.25,6.5,6.968,7.5
29-07-2004,4.5,6.25,6.5,6.969,7.5
31-07-2004,4.5,6.25,6.5,6.969,7.5
03-08-2004,4.5,6.25,6.5,6.97,7.5
05-08-2004,4.5,6.25,6.5,6.971,7.5
07-08-2004,4.5,6.25,6.5,6.972,7.5
09-08-2004,4.5,6.25,6.5,6.972,7.5
12-08-2004,4.5,6.25,6.5,6.973,7.5
15-08-2004,4.5,6.25,6.5,6.974,7.5
18-08-2004,4.5,6.25,6.5,6.974,7.5
22-08-2004,4.5,6.25,6.5,6.975,7.5
25-08-2004,4.5,6.25,6.5,6.976,7.5
29-08-2004,4.5,6.25,6.5,6.976,7.5
01-09-2004,4.5,6.25,6.5,6.977,7.5
05-09-2004,4.5,6.25,6.5,6.978,7.5
08-09-2004,4.5,6.25,6.5,6.978,7.5
12-09-2004,4.5,6.25,6.5,6.979,7.5
17-09-2004,4.75,6.25,6.5,6.98,7.5
22-09-2004,4.714,6.25,6.5,6.981,7.5
28-09-2004,4.679,6.25,6.5,6.981,7.5
03-10-2004,4.643,6.25,6.5,6.982,7.5
09-10-2004,4.607,6.25,6.5,6.983,7.5
14-10-2004,4.571,6.25,6.5,6.983,7.5
20-10-2004,4.536,6.25,6.5,6.984,7.5
25-10-2004,4.5,6.25,6.5,6.985,7.5
31-10-2004,4.75,6.25,6.5,6.985,7.5
03-11-2004,6,6.25,6.5,6.986,7.5
06-11-2004,5.821,6.25,6.5,6.987,7.5
10-11-2004,5.643,6.25,6.5,6.988,7.5
13-11-2004,5.464,6.25,6.5,6.988,7.5
16-11-2004,5.286,6.25,6.5,6.989,7.5
20-11-2004,5.107,6.25,6.5,6.99,7.5
23-11-2004,4.929,6.25,6.5,6.99,7.5
26-11-2004,4.75,6.25,6.5,6.991,7.5
30-11-2004,6,6.25,6.5,6.992,7.5
02-12-2004,6,6.25,6.5,6.992,7.5
04-12-2004,6,6.25,6.5,6.993,7.5
06-12-2004,6,6.25,6.5,6.994,7.5
08-12-2004,6,6.25,6.5,6.994,7.5
11-12-2004,6,6.25,6.5,6.995,7.5
13-12-2004,6,6.25,6.5,6.996,7.5
15-12-2004,6,6.25,6.5,6.997,7.5
17-12-2004,6,6.25,6.5,6.997,7.5
20-12-2004,6,6.25,6.5,6.998,7.5
24-12-2004,6,6.25,6.5,6.999,7.5
29-12-2004,6,6.25,6.5,6.999,7.5
02-01-2005,6,6.25,6.5,7,7.5
07-01-2005,6,6.25,6.5,7,7.5
11-01-2005,6,6.25,6.5,7,7.5
16-01-2005,6,6.25,6.5,7.001,7.5
20-01-2005,6,6.25,6.5,7.001,7.5
25-01-2005,6,6.25,6.5,7.001,7.5
30-01-2005,6,6.25,6.5,7.001,7.5
01-02-2005,6,6.25,6.5,7.002,7.5
03-02-2005,6,6.25,6.5,7.002,7.5
05-02-2005,6,6.25,6.5,7.002,7.5
07-02-2005,6,6.25,6.5,7.002,7.5
10-02-2005,6,6.25,6.5,7.003,7.5
12-02-2005,6,6.25,6.5,7.003,7.5
14-02-2005,6,6.25,6.5,7.003,7.5
16-02-2005,6,6.25,6.5,7.003,7.5
19-02-2005,6,6.25,6.5,7.003,7.5
21-02-2005,6,6.25,6.5,7.004,7.5
23-02-2005,6,6.25,6.5,7.004,7.5
25-02-2005,6,6.25,6.5,7.004,7.5
27-02-2005,6,6.25,6.5,7.004,7.5
01-03-2005,6,6.25,6.5,7.005,7.5
03-03-2005,6,6.25,6.5,7.005,7.5
05-03-2005,6,6.25,6.5,7.005,7.5
07-03-2005,6,6.25,6.5,7.005,7.5
09-03-2005,6,6.25,6.5,7.006,7.5
14-03-2005,6,6.25,6.5,7.006,7.5
19-03-2005,6,6.25,6.5,7.006,7.5
24-03-2005,6,6.25,6.5,7.006,7.5
29-03-2005,6,6.25,6.5,7.006,7.5
03-04-2005,6,6.25,6.5,7.007,7.5
08-04-2005,6,6.25,6.5,7.007,7.5
13-04-2005,6,6.25,6.5,7.007,7.5
18-04-2005,6,6.25,6.5,7.007,7.5
23-04-2005,6,6.25,6.5,7.008,7.5
25-04-2005,6,6.25,6.5,7.008,7.5
27-04-2005,6,6.25,6.5,7.008,7.5
29-04-2005,6,6.25,6.5,7.008,7.5
01-05-2005,6,6.25,6.5,7.009,7.5
03-05-2005,6,6.25,6.5,7.009,7.5
05-05-2005,6,6.25,6.5,7.009,7.5
07-05-2005,6,6.25,6.5,7.009,7.5
09-05-2005,6,6.25,6.5,7.009,7.5
12-05-2005,6,6.25,6.5,7.01,7.5
14-05-2005,6,6.25,6.5,7.01,7.5
16-05-2005,6,6.25,6.5,7.01,7.5
19-05-2005,6,6.25,6.5,7.01,7.5
21-05-2005,6,6.25,6.5,7.011,7.5
23-05-2005,6,6.25,6.5,7.011,7.5
26-05-2005,6,6.25,6.5,7.011,7.5
28-05-2005,6,6.25,6.5,7.011,7.5
30-05-2005,6,6.25,6.5,7.012,7.5
02-06-2005,6,6.25,6.5,7.012,7.5
07-06-2005,6,6.25,6.5,7.012,7.5
13-06-2005,6,6.25,6.5,7.012,7.5
19-06-2005,6,6.25,6.5,7.012,7.5
24-06-2005,6,6.25,6.5,7.013,7.5
30-06-2005,6,6.25,6.5,7.013,7.5
06-07-2005,6,6.25,6.5,7.013,7.5
11-07-2005,6,6.25,6.5,7.013,7.5
17-07-2005,6,6.25,6.5,7.014,7.5
23-07-2005,6,6.25,6.5,7.014,7.5
25-07-2005,6,6.25,6.5,7.014,7.5
27-07-2005,6,6.25,6.5,7.014,7.5
29-07-2005,6,6.25,6.5,7.015,7.5
31-07-2005,6,6.25,6.5,7.015,7.5
03-08-2005,6,6.25,6.5,7.015,7.5
05-08-2005,6,6.25,6.5,7.015,7.5
07-08-2005,6,6.25,6.5,7.016,7.5
09-08-2005,6,6.25,6.5,7.016,7.5
12-08-2005,6,6.25,6.5,7.016,7.5
15-08-2005,6,6.25,6.5,7.016,7.5
18-08-2005,6,6.25,6.5,7.016,7.5
22-08-2005,6,6.25,6.5,7.017,7.5
25-08-2005,6,6.25,6.5,7.017,7.5
29-08-2005,6,6.25,6.5,7.017,7.5
01-09-2005,6,6.25,6.5,7.017,7.5
05-09-2005,6,6.25,6.5,7.018,7.5
08-09-2005,6,6.25,6.5,7.018,7.5
12-09-2005,6,6.25,6.5,7.018,7.5
17-09-2005,6,6.25,6.5,7.018,7.5
22-09-2005,6,6.25,6.5,7.019,7.5
28-09-2005,6,6.25,6.5,7.019,7.5
03-10-2005,6,6.25,6.5,7.019,7.5
09-10-2005,6,6.25,6.5,7.019,7.5
14-10-2005,6,6.25,6.5,7.019,7.5
20-10-2005,6,6.25,6.5,7.02,7.5
25-10-2005,6,6.25,6.5,7.02,7.5
31-10-2005,6,6.25,6.5,7.02,7.5
03-11-2005,6.23,6.25,6.5,7.02,7.5
06-11-2005,6.197,6.25,6.5,7.021,7.5
10-11-2005,6.164,6.25,6.5,7.021,7.5
13-11-2005,6.131,6.25,6.5,7.021,7.5
16-11-2005,6.099,6.25,6.5,7.021,7.5
20-11-2005,6.066,6.25,6.5,7.022,7.5
23-11-2005,6.033,6.25,6.5,7.022,7.5
26-11-2005,6,6.25,6.5,7.022,7.5
30-11-2005,6.23,6.25,6.5,7.022,7.5
02-12-2005,6.25,6.25,6.5,7.022,7.5
04-12-2005,6.247,6.25,6.5,7.023,7.5
06-12-2005,6.244,6.25,6.5,7.023,7.5
08-12-2005,6.241,6.25,6.5,7.023,7.5
11-12-2005,6.239,6.25,6.5,7.023,7.5
13-12-2005,6.236,6.25,6.5,7.024,7.5
15-12-2005,6.233,6.25,6.5,7.024,7.5
17-12-2005,6.23,6.25,6.5,7.024,7.5
20-12-2005,6.25,6.25,6.5,7.024,7.5
24-12-2005,6.5,6.25,6.5,7.025,7.5
29-12-2005,6.464,6.25,6.5,7.025,7.5
02-01-2006,6.429,6.25,6.5,7.025,7.5
07-01-2006,6.393,6.25,6.5,7.025,7.5
11-01-2006,6.357,6.25,6.5,7.026,7.5
16-01-2006,6.321,6.25,6.5,7.026,7.5
20-01-2006,6.286,6.25,6.5,7.027,7.5
25-01-2006,6.25,6.25,6.5,7.027,7.5
30-01-2006,6.5,6.25,6.5,7.028,7.5
01-02-2006,6.5,6.25,6.5,7.028,7.5
03-02-2006,6.5,6.25,6.5,7.029,7.5
05-02-2006,6.5,6.25,6.5,7.029,7.5
07-02-2006,6.5,6.25,6.5,7.03,7.5
10-02-2006,6.5,6.25,6.5,7.03,7.5
12-02-2006,6.5,6.25,6.5,7.031,7.5
14-02-2006,6.5,6.25,6.5,7.031,7.5
16-02-2006,6.5,6.25,6.5,7.031,7.5
19-02-2006,6.5,6.25,6.5,7.032,7.5
21-02-2006,6.5,6.25,6.5,7.032,7.5
23-02-2006,6.5,6.25,6.5,7.033,7.5
25-02-2006,6.5,6.25,6.5,7.033,7.5
27-02-2006,6.5,6.25,6.5,7.034,7.5
01-03-2006,6.5,6.25,6.5,7.034,7.5
03-03-2006,6.5,6.25,6.5,7.035,7.5
05-03-2006,6.5,6.25,6.5,7.035,7.5
07-03-2006,6.5,6.25,6.5,7.036,7.5
09-03-2006,6.5,6.25,6.5,7.036,7.5
14-03-2006,6.5,6.25,6.5,7.037,7.5
19-03-2006,6.5,6.25,6.5,7.037,7.5
24-03-2006,6.5,6.25,6.5,7.038,7.5
29-03-2006,6.5,6.25,6.5,7.038,7.5
03-04-2006,6.5,6.25,6.5,7.038,7.5
08-04-2006,6.5,6.25,6.5,7.039,7.5
13-04-2006,6.5,6.25,6.5,7.039,7.5
18-04-2006,6.5,6.25,6.5,7.04,7.5
23-04-2006,6.5,6.25,6.5,7.04,7.5
25-04-2006,6.5,6.25,6.5,7.041,7.5
27-04-2006,6.5,6.25,6.5,7.041,7.5
29-04-2006,6.5,6.25,6.5,7.042,7.5
01-05-2006,6.5,6.25,6.5,7.042,7.5
03-05-2006,6.5,6.25,6.5,7.043,7.5
05-05-2006,6.5,6.25,6.5,7.043,7.5
07-05-2006,6.5,6.25,6.5,7.044,7.5
09-05-2006,6.5,6.25,6.5,7.044,7.5
12-05-2006,6.5,6.25,6.5,7.044,7.5
14-05-2006,6.75,6.25,6.5,7.045,7.5
16-05-2006,6.714,6.25,6.5,7.045,7.5
19-05-2006,6.679,6.25,6.5,7.046,7.5
21-05-2006,6.643,6.25,6.5,7.046,7.5
23-05-2006,6.607,6.25,6.5,7.047,7.5
26-05-2006,6.571,6.25,6.5,7.047,7.5
28-05-2006,6.536,6.25,6.5,7.048,7.5
30-05-2006,6.5,6.25,6.5,7.048,7.5
02-06-2006,6.75,6.25,6.5,7.049,7.5
07-06-2006,7,6.25,6.5,7.049,7.5
13-06-2006,6.964,6.25,6.5,7.05,7.5
19-06-2006,6.929,6.25,6.5,7.05,7.5
24-06-2006,6.893,6.25,6.5,7.05,7.5
30-06-2006,6.857,6.25,6.5,7.051,7.5
06-07-2006,6.821,6.25,6.5,7.051,7.5
11-07-2006,6.786,6.25,6.5,7.052,7.5
17-07-2006,6.75,6.25,6.5,7.052,7.5
23-07-2006,7,6.25,6.5,7.053,7.5
25-07-2006,7,6.25,6.5,7.053,7.5
27-07-2006,7,6.25,6.5,7.054,7.5
29-07-2006,7,6.25,6.5,7.054,7.5
31-07-2006,7,6.25,6.5,7.055,7.5
03-08-2006,7,6.25,6.5,7.055,7.5
05-08-2006,7,6.25,6.5,7.056,7.5
07-08-2006,7,6.25,6.5,7.056,7.5
09-08-2006,7,6.25,6.5,7.056,7.5
12-08-2006,7,6.25,6.5,7.057,7.5
15-08-2006,7,6.25,6.5,7.057,7.5
18-08-2006,7,6.25,6.5,7.058,7.5
22-08-2006,7,6.25,6.5,7.058,7.5
25-08-2006,7,6.25,6.5,7.059,7.5
29-08-2006,7,6.25,6.5,7.059,7.5
01-09-2006,7,6.25,6.5,7.06,7.5
05-09-2006,7,6.25,6.5,7.06,7.5
08-09-2006,7,6.25,6.5,7.061,7.5
12-09-2006,7,6.25,6.5,7.061,7.5
17-09-2006,7,6.25,6.5,7.062,7.5
22-09-2006,7,6.25,6.5,7.062,7.5
28-09-2006,7,6.25,6.5,7.062,7.5
03-10-2006,7,6.25,6.5,7.063,7.5
09-10-2006,7,6.25,6.5,7.063,7.5
14-10-2006,7,6.25,6.5,7.064,7.5
20-10-2006,7,6.25,6.5,7.064,7.5
25-10-2006,7,6.25,6.5,7.065,7.5
31-10-2006,7,6.25,6.5,7.065,7.5
03-11-2006,7,6.25,6.5,7.066,7.5
06-11-2006,7,6.25,6.5,7.066,7.5
10-11-2006,7,6.25,6.5,7.067,7.5
13-11-2006,7,6.25,6.5,7.067,7.5
16-11-2006,7,6.25,6.5,7.068,7.5
20-11-2006,7,6.25,6.5,7.068,7.5
23-11-2006,7,6.25,6.5,7.069,7.5
26-11-2006,7,6.25,6.5,7.069,7.5
30-11-2006,7,6.25,6.5,7.069,7.5
02-12-2006,7,6.25,6.5,7.07,7.5
04-12-2006,7,6.25,6.5,7.07,7.5
06-12-2006,7,6.25,6.5,7.071,7.5
08-12-2006,7,6.25,6.5,7.071,7.5
11-12-2006,7,6.25,6.5,7.072,7.5
13-12-2006,7,6.25,6.5,7.072,7.5
15-12-2006,7,6.25,6.5,7.073,7.5
17-12-2006,7,6.25,6.5,7.073,7.5
20-12-2006,7,6.25,6.5,7.074,7.5
24-12-2006,7,6.25,6.5,7.074,7.5
29-12-2006,7,6.25,6.5,7.075,7.5
02-01-2007,7,6.25,6.5,7.075,7.5
07-01-2007,7,6.25,6.5,7.077,7.5
11-01-2007,7,6.25,6.5,7.078,7.5
16-01-2007,7,6.25,6.5,7.08,7.5
20-01-2007,7,6.25,6.5,7.081,7.5
25-01-2007,7,6.25,6.5,7.083,7.5
30-01-2007,7,6.25,6.5,7.085,7.5
01-02-2007,7,6.25,6.5,7.086,7.5
03-02-2007,7,6.25,6.5,7.088,7.5
05-02-2007,7,6.25,6.5,7.09,7.5
07-02-2007,7,6.25,6.5,7.091,7.5
10-02-2007,7,6.25,6.5,7.093,7.5
12-02-2007,7,6.25,6.5,7.094,7.5
14-02-2007,7,6.25,6.5,7.096,7.5
16-02-2007,7,6.25,6.5,7.098,7.5
19-02-2007,7,6.25,6.5,7.099,7.5
21-02-2007,7,6.25,6.5,7.101,7.5
23-02-2007,7,6.25,6.5,7.103,7.5
25-02-2007,7,6.25,6.5,7.104,7.5
27-02-2007,7,6.25,6.5,7.106,7.5
01-03-2007,7,6.25,6.5,7.107,7.5
03-03-2007,7,6.25,6.5,7.109,7.5
05-03-2007,7,6.25,6.5,7.111,7.5
07-03-2007,7,6.25,6.5,7.112,7.5
09-03-2007,7,6.25,6.5,7.114,7.5
14-03-2007,7,6.25,6.5,7.116,7.5
19-03-2007,7,6.25,6.5,7.117,7.5
24-03-2007,7,6.25,6.5,7.119,7.5
29-03-2007,7,6.25,6.5,7.12,7.5
03-04-2007,7,6.25,6.5,7.122,7.5
08-04-2007,7,6.25,6.5,7.124,7.5
13-04-2007,7,6.25,6.5,7.125,7.5
18-04-2007,7,6.25,6.5,7.127,7.5
23-04-2007,7,6.25,6.5,7.128,7.5
25-04-2007,7,6.25,6.5,7.13,7.5
27-04-2007,7,6.25,6.5,7.132,7.5
29-04-2007,7,6.25,6.5,7.133,7.5
01-05-2007,7,6.25,6.5,7.135,7.5
03-05-2007,7,6.25,6.5,7.137,7.5
05-05-2007,7,6.25,6.5,7.138,7.5
07-05-2007,7,6.25,6.5,7.14,7.5
09-05-2007,7,6.25,6.5,7.141,7.5
12-05-2007,7,6.25,6.5,7.143,7.5
14-05-2007,7,6.25,6.5,7.145,7.5
16-05-2007,7,6.25,6.5,7.146,7.5
19-05-2007,7,6.25,6.5,7.148,7.5
21-05-2007,7,6.25,6.5,7.15,7.5
23-05-2007,7,6.25,6.5,7.151,7.5
26-05-2007,7,6.25,6.5,7.153,7.5
28-05-2007,7,6.25,6.5,7.154,7.5
30-05-2007,7,6.25,6.5,7.156,7.5
02-06-2007,7,6.25,6.5,7.158,7.5
07-06-2007,7,6.25,6.5,7.159,7.5
13-06-2007,7,6.25,6.5,7.161,7.5
19-06-2007,7,6.25,6.5,7.162,7.5
24-06-2007,7,6.25,6.5,7.164,7.5
30-06-2007,7,6.25,6.5,7.166,7.5
06-07-2007,7,6.25,6.5,7.167,7.5
11-07-2007,7,6.25,6.5,7.169,7.5
17-07-2007,7,6.25,6.5,7.171,7.5
23-07-2007,7,6.25,6.5,7.172,7.5
25-07-2007,7,6.25,6.5,7.174,7.5
27-07-2007,7,6.25,6.5,7.175,7.5
29-07-2007,7,6.25,6.5,7.177,7.5
31-07-2007,7,6.25,6.5,7.179,7.5
03-08-2007,7,6.25,6.5,7.18,7.5
05-08-2007,7,6.25,6.5,7.182,7.5
07-08-2007,7,6.25,6.5,7.184,7.5
09-08-2007,7,6.25,6.5,7.185,7.5
12-08-2007,7,6.25,6.5,7.187,7.5
15-08-2007,7,6.25,6.5,7.188,7.5
18-08-2007,7,6.25,6.5,7.19,7.5
22-08-2007,7,6.25,6.5,7.192,7.5
25-08-2007,7,6.25,6.5,7.193,7.5
29-08-2007,7,6.25,6.5,7.195,7.5
01-09-2007,7,6.25,6.5,7.197,7.5
05-09-2007,7,6.25,6.5,7.198,7.5
08-09-2007,7,6.25,6.5,7.2,7.5
12-09-2007,7,6.25,6.5,7.201,7.5
17-09-2007,7,6.25,6.5,7.203,7.5
22-09-2007,7,6.25,6.5,7.205,7.5
28-09-2007,7,6.25,6.5,7.206,7.5
03-10-2007,7,6.25,6.5,7.208,7.5
09-10-2007,7,6.25,6.5,7.209,7.5
14-10-2007,7,6.25,6.5,7.211,7.5
20-10-2007,7,6.25,6.5,7.213,7.5
25-10-2007,7,6.25,6.5,7.214,7.5
31-10-2007,7,6.25,6.5,7.216,7.5
03-11-2007,7,6.25,6.5,7.218,7.5
06-11-2007,7,6.25,6.5,7.219,7.5
10-11-2007,7,6.25,6.5,7.221,7.5
13-11-2007,7,6.25,6.5,7.222,7.5
16-11-2007,7,6.25,6.5,7.224,7.5
20-11-2007,7,6.25,6.5,7.226,7.5
23-11-2007,7,6.25,6.5,7.227,7.5
26-11-2007,7,6.25,6.5,7.229,7.5
30-11-2007,7,6.25,6.5,7.231,7.5
02-12-2007,7,6.25,6.5,7.232,7.5
04-12-2007,7,6.25,6.5,7.234,7.5
06-12-2007,7,6.25,6.5,7.235,7.5
08-12-2007,7,6.25,6.5,7.237,7.5
11-12-2007,7,6.25,6.5,7.239,7.5
13-12-2007,7,6.25,6.5,7.24,7.5
15-12-2007,7,6.25,6.5,7.242,7.5
17-12-2007,7,6.25,6.5,7.244,7.5
20-12-2007,7,6.25,6.5,7.245,7.5
24-12-2007,7,6.25,6.5,7.247,7.5
29-12-2007,7,6.25,6.5,7.248,7.5
02-01-2008,7,6.25,6.5,7.25,7.5
07-01-2008,7,6.25,6.5,7.25,7.5
11-01-2008,7,6.25,6.5,7.25,7.5
16-01-2008,7,6.25,6.5,7.25,7.5
20-01-2008,7,6.25,6.5,7.25,7.5
25-01-2008,7,6.25,6.5,7.25,7.5
30-01-2008,7,6.25,6.5,7.25,7.5
01-02-2008,7,6.25,6.5,7.25,7.5
03-02-2008,7,6.25,6.5,7.25,7.5
05-02-2008,7,6.25,6.5,7.25,7.5
07-02-2008,7,6.25,6.5,7.25,7.5
10-02-2008,7,6.25,6.5,7.25,7.5
12-02-2008,7,6.25,6.5,7.25,7.5
14-02-2008,7,6.25,6.5,7.25,7.5
16-02-2008,7,6.25,6.5,7.25,7.5
19-02-2008,7,6.25,6.5,7.25,7.5
21-02-2008,7,6.25,6.5,7.25,7.5
23-02-2008,7,6.25,6.5,7.25,7.5
25-02-2008,7,6.25,6.5,7.25,7.5
27-02-2008,7,6.25,6.5,7.25,7.5
29-02-2008,7,6.25,6.5,7.25,7.5
02-03-2008,7,6.25,6.5,7.25,7.5
04-03-2008,7,6.25,6.5,7.25,7.5
06-03-2008,7,6.25,6.5,7.25,7.5
09-03-2008,7,6.25,6.5,7.25,7.5
14-03-2008,7,6.25,6.5,7.25,7.5
19-03-2008,7,6.25,6.5,7.25,7.5
24-03-2008,7,6.25,6.5,7.25,7.5
29-03-2008,7,6.25,6.5,7.25,7.5
03-04-2008,7,6.25,6.5,7.25,7.5
08-04-2008,7,6.25,6.5,7.25,7.5
13-04-2008,7,6.25,6.5,7.25,7.5
18-04-2008,7,6.25,6.5,7.25,7.5
23-04-2008,7,6.25,6.5,7.25,7.5
25-04-2008,7,6.25,6.5,7.25,7.5
27-04-2008,7,6.25,6.5,7.25,7.5
29-04-2008,7,6.25,6.5,7.25,7.5
01-05-2008,7,6.25,6.5,7.25,7.5
03-05-2008,7,6.25,6.5,7.25,7.5
05-05-2008,7,6.25,6.5,7.25,7.5
07-05-2008,7,6.25,6.5,7.25,7.5
09-05-2008,7,6.25,6.5,7.25,7.5
12-05-2008,7,6.25,6.5,7.25,7.5
14-05-2008,7,6.25,6.5,7.25,7.5
16-05-2008,7,6.25,6.5,7.25,7.5
19-05-2008,7,6.25,6.5,7.25,7.5
21-05-2008,7,6.25,6.5,7.25,7.5
23-05-2008,7,6.25,6.5,7.25,7.5
26-05-2008,7,6.25,6.5,7.25,7.5
28-05-2008,7,6.25,6.5,7.25,7.5
30-05-2008,7,6.25,6.5,7.25,7.5
02-06-2008,7,6.25,6.5,7.25,7.5
07-06-2008,7,6.25,6.5,7.25,7.5
13-06-2008,7,6.25,6.5,7.25,7.5
19-06-2008,7,6.25,6.5,7.25,7.5
24-06-2008,7,6.25,6.5,7.25,7.5
30-06-2008,7,6.25,6.5,7.25,7.5
06-07-2008,7,6.25,6.5,7.25,7.5
11-07-2008,7,6.25,6.5,7.25,7.5
17-07-2008,7,6.25,6.5,7.25,7.5
23-07-2008,7,6.25,6.5,7.25,7.5
25-07-2008,7,6.25,6.5,7.25,7.5
27-07-2008,7,6.25,6.5,7.25,7.5
29-07-2008,7,6.25,6.5,7.25,7.5
31-07-2008,7,6.25,6.5,7.25,7.5
03-08-2008,7,6.25,6.5,7.25,7.5
05-08-2008,7,6.25,6.5,7.25,7.5
07-08-2008,7,6.25,6.5,7.25,7.5
09-08-2008,7,6.25,6.5,7.25,7.5
12-08-2008,7,6.25,6.5,7.25,7.5
15-08-2008,7,6.25,6.5,7.25,7.5
18-08-2008,7,6.25,6.5,7.25,7.5
22-08-2008,7,6.25,6.5,7.25,7.5
25-08-2008,7,6.25,6.5,7.25,7.5
29-08-2008,7,6.25,6.5,7.25,7.5
01-09-2008,7,6.25,6.5,7.25,7.5
05-09-2008,7,6.25,6.5,7.25,7.5
08-09-2008,7,6.25,6.5,7.25,7.5
12-09-2008,7,6.25,6.5,7.25,7.5
17-09-2008,7,6.25,6.5,7.25,7.5
22-09-2008,7,6.25,6.5,7.25,7.5
28-09-2008,7,6.25,6.5,7.25,7.5
03-10-2008,7,6.25,6.5,7.25,7.5
09-10-2008,7,6.25,6.5,7.25,7.5
14-10-2008,7,6.25,6.5,7.25,7.5
20-10-2008,7,6.25,6.5,7.25,7.5
25-10-2008,7,6.25,6.5,7.25,7.5
31-10-2008,7,6.25,6.5,7.25,7.5
03-11-2008,7,6.25,6.5,7.25,7.5
06-11-2008,7,6.25,6.5,7.25,7.5
10-11-2008,7,6.25,6.5,7.25,7.5
13-11-2008,7,6.25,6.5,7.25,7.5
16-11-2008,7,6.25,6.5,7.25,7.5
20-11-2008,7,6.25,6.5,7.25,7.5
23-11-2008,7,6.25,6.5,7.25,7.5
26-11-2008,7,6.25,6.5,7.25,7.5
30-11-2008,7,6.25,6.5,7.25,7.5
02-12-2008,7,6.25,6.5,7.25,7.5
04-12-2008,6.857,6.25,6.5,7.25,7.5
06-12-2008,6.714,6.25,6.5,7.25,7.5
08-12-2008,6.571,6.25,6.5,7.25,7.5
11-12-2008,6.429,6.25,6.5,7.25,7.5
13-12-2008,6.286,6.25,6.5,7.25,7.5
15-12-2008,6.143,6.25,6.5,7.25,7.5
17-12-2008,6,6.25,6.5,7.25,7.5
20-12-2008,6,6.25,6.5,7.25,7.5
24-12-2008,6,6.25,6.5,7.25,7.5
29-12-2008,5.857,6.25,6.5,7.25,7.5
02-01-2009,5.714,6.25,6.5,7.25,7.5
07-01-2009,5.571,6.25,6.5,7.25,7.5
11-01-2009,5.429,6.25,6.5,7.25,7.5
16-01-2009,5.286,6.25,6.5,7.25,7.5
20-01-2009,5.143,6.25,6.5,7.25,7.5
25-01-2009,5,6.25,6.5,7.25,7.5
30-01-2009,5,6.25,6.5,7.25,7.5
01-02-2009,5,6.25,6.5,7.25,7.5
03-02-2009,5,6.25,6.5,7.25,7.5
05-02-2009,5,6.25,6.5,7.25,7.5
07-02-2009,5,6.25,6.5,7.25,7.5
10-02-2009,5,6.25,6.5,7.25,7.5
12-02-2009,5,6.25,6.5,7.25,7.5
14-02-2009,5,6.25,6.5,7.25,7.5
16-02-2009,5,6.25,6.5,7.25,7.5
19-02-2009,5,6.25,6.5,7.25,7.5
21-02-2009,5,6.25,6.5,7.25,7.5
23-02-2009,5,6.25,6.5,7.25,7.5
25-02-2009,5,6.25,6.5,7.25,7.5
27-02-2009,5,6.25,6.5,7.25,7.5
01-03-2009,5,6.25,6.5,7.25,7.5
03-03-2009,5,6.25,6.5,7.25,7.5
05-03-2009,5,6.25,6.5,7.25,7.5
07-03-2009,5,6.25,6.5,7.25,7.5
09-03-2009,5,6.25,6.5,7.25,7.5
14-03-2009,5,6.25,6.5,7.25,7.5
19-03-2009,4.893,6.25,6.5,7.25,7.5
24-03-2009,4.786,6.25,6.5,7.25,7.5
29-03-2009,4.679,6.25,6.5,7.25,7.5
03-04-2009,4.571,6.25,6.5,7.25,7.5
08-04-2009,4.464,6.25,6.5,7.25,7.5
13-04-2009,4.357,6.25,6.5,7.25,7.5
18-04-2009,4.25,6.25,6.5,7.25,7.5
23-04-2009,4.25,6.25,6.5,7.25,7.5
25-04-2009,4.25,6.25,6.5,7.25,7.5
27-04-2009,4.25,6.25,6.5,7.25,7.5
29-04-2009,4.25,6.25,6.5,7.25,7.5
01-05-2009,4.25,6.25,6.5,7.25,7.5
03-05-2009,4.25,6.25,6.5,7.25,7.5
05-05-2009,4.25,6.25,6.5,7.25,7.5
07-05-2009,4.25,6.25,6.5,7.25,7.5
09-05-2009,4.25,6.25,6.5,7.25,7.5
12-05-2009,4.25,6.25,6.5,7.25,7.5
14-05-2009,4.25,6.25,6.5,7.25,7.5
16-05-2009,4.25,6.25,6.5,7.25,7.5
19-05-2009,4.25,6.25,6.5,7.25,7.5
21-05-2009,4.25,6.25,6.5,7.25,7.5
23-05-2009,4.25,6.25,6.5,7.25,7.5
26-05-2009,4.25,6.25,6.5,7.25,7.5
28-05-2009,4.25,6.25,6.5,7.25,7.5
30-05-2009,4.25,6.25,6.5,7.25,7.5
02-06-2009,4.25,6.25,6.5,7.25,7.5
07-06-2009,4.25,6.25,6.5,7.25,7.5
13-06-2009,4.25,6.25,6.5,7.25,7.5
19-06-2009,4.25,6.25,6.5,7.25,7.5
24-06-2009,4.25,6.25,6.5,7.25,7.5
30-06-2009,4.25,6.25,6.5,7.25,7.5
06-07-2009,4.25,6.25,6.5,7.25,7.5
11-07-2009,4.25,6.25,6.5,7.25,7.5
17-07-2009,4.25,6.25,6.5,7.25,7.5
23-07-2009,4.25,6.25,6.5,7.25,7.5
25-07-2009,4.25,6.25,6.5,7.25,7.5
27-07-2009,4.25,6.25,6.5,7.25,7.5
29-07-2009,4.25,6.25,6.5,7.25,7.5
31-07-2009,4.25,6.25,6.5,7.25,7.5
03-08-2009,4.25,6.25,6.5,7.25,7.5
05-08-2009,4.25,6.25,6.5,7.25,7.5
07-08-2009,4.25,6.25,6.5,7.25,7.5
09-08-2009,4.25,6.25,6.5,7.25,7.5
12-08-2009,4.25,6.25,6.5,7.25,7.5
15-08-2009,4.25,6.25,6.5,7.25,7.5
18-08-2009,4.25,6.25,6.5,7.25,7.5
22-08-2009,4.25,6.25,6.5,7.25,7.5
25-08-2009,4.25,6.25,6.5,7.25,7.5
29-08-2009,4.25,6.25,6.5,7.25,7.5
01-09-2009,4.25,6.25,6.5,7.25,7.5
05-09-2009,4.25,6.25,6.5,7.25,7.5
08-09-2009,4.25,6.25,6.5,7.25,7.5
12-09-2009,4.25,6.25,6.5,7.25,7.5
17-09-2009,4.25,6.25,6.5,7.25,7.5
22-09-2009,4.25,6.25,6.5,7.25,7.5
28-09-2009,4.25,6.25,6.5,7.25,7.5
03-10-2009,4.25,6.25,6.5,7.25,7.5
09-10-2009,4.25,6.25,6.5,7.25,7.5
14-10-2009,4.25,6.25,6.5,7.25,7.5
20-10-2009,4.25,6.25,6.5,7.25,7.5
25-10-2009,4.25,6.25,6.5,7.25,7.5
31-10-2009,4.25,6.25,6.5,7.25,7.5
03-11-2009,4.25,6.25,6.5,7.25,7.5
06-11-2009,4.25,6.25,6.5,7.25,7.5
10-11-2009,4.25,6.25,6.5,7.25,7.5
13-11-2009,4.25,6.25,6.5,7.25,7.5
16-11-2009,4.25,6.25,6.5,7.25,7.5
20-11-2009,4.25,6.25,6.5,7.25,7.5
23-11-2009,4.25,6.25,6.5,7.25,7.5
26-11-2009,4.25,6.25,6.5,7.25,7.5
30-11-2009,4.25,6.25,6.5,7.25,7.5
02-12-2009,4.25,6.25,6.5,7.25,7.5
04-12-2009,4.25,6.25,6.5,7.25,7.5
06-12-2009,4.25,6.25,6.5,7.25,7.5
08-12-2009,4.25,6.25,6.5,7.25,7.5
11-12-2009,4.25,6.25,6.5,7.25,7.5
13-12-2009,4.25,6.25,6.5,7.25,7.5
15-12-2009,4.25,6.25,6.5,7.25,7.5
17-12-2009,4.25,6.25,6.5,7.25,7.5
20-12-2009,4.25,6.25,6.5,7.25,7.5
24-12-2009,4.25,6.25,6.5,7.25,7.5
29-12-2009,4.25,6.25,6.5,7.25,7.5
02-01-2010,4.25,6.25,6.5,7.25,7.5
07-01-2010,4.25,6.25,6.5,7.25,7.5
11-01-2010,4.25,6.25,6.5,7.25,7.5
16-01-2010,4.25,6.25,6.5,7.25,7.5
20-01-2010,4.25,6.25,6.5,7.25,7.5
25-01-2010,4.25,6.25,6.5,7.25,7.5
30-01-2010,4.25,6.25,6.5,7.25,7.5
01-02-2010,4.25,6.25,6.5,7.25,7.5
03-02-2010,4.25,6.25,6.5,7.25,7.5
05-02-2010,4.25,6.25,6.5,7.25,7.5
07-02-2010,4.25,6.25,6.5,7.25,7.5
10-02-2010,4.25,6.25,6.5,7.25,7.5
12-02-2010,4.25,6.25,6.5,7.25,7.5
14-02-2010,4.25,6.25,6.5,7.25,7.5
16-02-2010,4.25,6.25,6.5,7.25,7.5
19-02-2010,4.25,6.25,6.5,7.25,7.5
21-02-2010,4.25,6.25,6.5,7.25,7.5
23-02-2010,4.25,6.25,6.5,7.25,7.5
25-02-2010,4.25,6.25,6.5,7.25,7.5
27-02-2010,4.25,6.25,6.5,7.25,7.5
01-03-2010,4.25,6.25,6.5,7.25,7.5
03-03-2010,4.25,6.25,6.5,7.25,7.5
05-03-2010,4.25,6.25,6.5,7.25,7.5
07-03-2010,4.25,6.25,6.5,7.25,7.5
10-03-2010,4.25,6.25,6.5,7.25,7.5
14-03-2010,4.75,6.25,6.5,7.25,7.5
19-03-2010,4.679,6.25,6.5,7.25,7.5
24-03-2010,4.607,6.25,6.5,7.25,7.5
29-03-2010,4.536,6.25,6.5,7.25,7.5
03-04-2010,4.464,6.25,6.5,7.25,7.5
08-04-2010,4.393,6.25,6.5,7.25,7.5
13-04-2010,4.321,6.25,6.5,7.25,7.5
18-04-2010,4.25,6.25,6.5,7.25,7.5
23-04-2010,4.75,6.25,6.5,7.25,7.5
25-04-2010,4.75,6.25,6.5,7.25,7.5
27-04-2010,4.75,6.25,6.5,7.25,7.5
29-04-2010,4.75,6.25,6.5,7.25,7.5
01-05-2010,4.75,6.25,6.5,7.25,7.5
03-05-2010,4.75,6.25,6.5,7.25,7.5
05-05-2010,4.75,6.25,6.5,7.25,7.5
07-05-2010,4.75,6.25,6.5,7.25,7.5
09-05-2010,4.75,6.25,6.5,7.25,7.5
12-05-2010,4.75,6.25,6.5,7.25,7.5
14-05-2010,5,6.25,6.5,7.25,7.5
16-05-2010,4.964,6.25,6.5,7.25,7.5
19-05-2010,4.929,6.25,6.5,7.25,7.5
21-05-2010,4.893,6.25,6.5,7.25,7.5
23-05-2010,4.857,6.25,6.5,7.25,7.5
26-05-2010,4.821,6.25,6.5,7.25,7.5
28-05-2010,4.786,6.25,6.5,7.25,7.5
30-05-2010,4.75,6.25,6.5,7.25,7.5
02-06-2010,5,6.25,6.5,7.25,7.5
07-06-2010,5.5,6.25,6.5,7.25,7.5
13-06-2010,5.429,6.25,6.5,7.25,7.5
19-06-2010,5.357,6.25,6.5,7.25,7.5
24-06-2010,5.286,6.25,6.5,7.25,7.5
30-06-2010,5.214,6.25,6.5,7.25,7.5
06-07-2010,5.143,6.25,6.5,7.25,7.5
11-07-2010,5.071,6.25,6.5,7.25,7.5
17-07-2010,5,6.25,6.5,7.25,7.5
23-07-2010,5.5,6.25,6.5,7.25,7.5
25-07-2010,5.5,6.25,6.5,7.25,7.5
27-07-2010,5.5,6.25,6.5,7.25,7.5
29-07-2010,5.5,6.25,6.5,7.25,7.5
31-07-2010,5.5,6.25,6.5,7.25,7.5
03-08-2010,5.5,6.25,6.5,7.25,7.5
05-08-2010,5.5,6.25,6.5,7.25,7.5
07-08-2010,5.5,6.25,6.5,7.25,7.5
09-08-2010,5.5,6.25,6.5,7.25,7.5
12-08-2010,5.5,6.25,6.5,7.25,7.5
15-08-2010,6,6.25,6.5,7.25,7.5
18-08-2010,5.929,6.25,6.5,7.25,7.5
22-08-2010,5.857,6.25,6.5,7.25,7.5
25-08-2010,5.786,6.25,6.5,7.25,7.5
29-08-2010,5.714,6.25,6.5,7.25,7.5
01-09-2010,5.643,6.25,6.5,7.25,7.5
05-09-2010,5.571,6.25,6.5,7.25,7.5
08-09-2010,5.5,6.25,6.5,7.25,7.5
12-09-2010,6,6.25,6.5,7.25,7.5
17-09-2010,6,6.25,6.5,7.25,7.5
22-09-2010,6,6.25,6.5,7.25,7.5
28-09-2010,6,6.25,6.5,7.25,7.5
03-10-2010,6,6.25,6.5,7.25,7.5
09-10-2010,6,6.25,6.5,7.25,7.5
14-10-2010,6,6.25,6.5,7.25,7.5
20-10-2010,6,6.25,6.5,7.25,7.5
25-10-2010,6,6.25,6.5,7.25,7.5
31-10-2010,6,6.25,6.5,7.25,7.5
03-11-2010,6.25,6.25,6.5,7.25,7.5
06-11-2010,6.214,6.25,6.5,7.25,7.5
10-11-2010,6.179,6.25,6.5,7.25,7.5
13-11-2010,6.143,6.25,6.5,7.25,7.5
16-11-2010,6.107,6.25,6.5,7.25,7.5
20-11-2010,6.071,6.25,6.5,7.25,7.5
23-11-2010,6.036,6.25,6.5,7.25,7.5
26-11-2010,6,6.25,6.5,7.25,7.5
30-11-2010,6.25,6.25,6.5,7.25,7.5
02-12-2010,6.25,6.25,6.5,7.25,7.5
04-12-2010,6.25,6.25,6.5,7.25,7.5
06-12-2010,6.25,6.25,6.5,7.25,7.5
08-12-2010,6.25,6.25,6.5,7.25,7.5
11-12-2010,6.25,6.25,6.5,7.25,7.5
13-12-2010,6.25,6.25,6.5,7.25,7.5
15-12-2010,6.25,6.25,6.5,7.25,7.5
17-12-2010,6.25,6.25,6.5,7.25,7.5
20-12-2010,6.25,6.25,6.5,7.25,7.5
23-12-2010,6.5,6.25,6.5,7.25,7.5
27-12-2010,6.464,6.25,6.5,7.25,7.5
31-12-2010,6.429,6.25,6.5,7.25,7.5
04-01-2011,6.393,6.25,6.5,7.25,7.5
07-01-2011,6.357,6.255,6.503,7.25,7.5
11-01-2011,6.321,6.26,6.506,7.25,7.5
15-01-2011,6.286,6.265,6.509,7.25,7.5
19-01-2011,6.25,6.269,6.512,7.25,7.5
23-01-2011,6.5,6.274,6.515,7.25,7.5
25-01-2011,6.5,6.279,6.519,7.25,7.5
27-01-2011,6.5,6.284,6.522,7.25,7.5
29-01-2011,6.5,6.289,6.525,7.25,7.5
31-01-2011,6.5,6.294,6.528,7.25,7.5
03-02-2011,6.5,6.299,6.531,7.25,7.5
05-02-2011,6.5,6.303,6.534,7.25,7.5
07-02-2011,6.5,6.308,6.537,7.25,7.5
09-02-2011,6.5,6.313,6.54,7.25,7.5
12-02-2011,6.5,6.318,6.543,7.25,7.5
15-02-2011,6.75,6.323,6.546,7.25,7.5
18-02-2011,6.714,6.328,6.549,7.25,7.5
21-02-2011,6.679,6.333,6.552,7.25,7.5
24-02-2011,6.643,6.338,6.556,7.25,7.5
27-02-2011,6.607,6.342,6.559,7.25,7.5
02-03-2011,6.571,6.347,6.562,7.25,7.5
05-03-2011,6.536,6.352,6.565,7.25,7.5
08-03-2011,6.5,6.357,6.568,7.25,7.5
12-03-2011,6.75,6.362,6.571,7.25,7.5
16-03-2011,6.75,6.367,6.574,7.25,7.5
20-03-2011,6.75,6.372,6.577,7.25,7.5
25-03-2011,6.75,6.376,6.58,7.25,7.5
29-03-2011,6.75,6.381,6.583,7.25,7.5
02-04-2011,6.75,6.386,6.586,7.25,7.5
07-04-2011,6.75,6.391,6.59,7.25,7.5
11-04-2011,6.75,6.396,6.593,7.25,7.5
15-04-2011,6.75,6.401,6.596,7.25,7.5
20-04-2011,6.75,6.406,6.599,7.25,7.5
22-04-2011,7.25,6.41,6.602,7.25,7.5
24-04-2011,7.179,6.415,6.605,7.25,7.5
27-04-2011,7.107,6.42,6.608,7.25,7.5
29-04-2011,7.036,6.425,6.611,7.25,7.5
02-05-2011,6.964,6.43,6.614,7.25,7.5
04-05-2011,6.893,6.435,6.617,7.25,7.5
07-05-2011,6.821,6.44,6.62,7.25,7.5
09-05-2011,6.75,6.444,6.623,7.25,7.5
12-05-2011,7.25,6.449,6.627,7.25,7.5
15-05-2011,7.5,6.454,6.63,7.25,7.5
19-05-2011,7.464,6.459,6.633,7.25,7.5
23-05-2011,7.429,6.464,6.636,7.25,7.5
27-05-2011,7.393,6.469,6.639,7.25,7.5
31-05-2011,7.357,6.474,6.642,7.25,7.5
04-06-2011,7.321,6.478,6.645,7.25,7.5
08-06-2011,7.286,6.483,6.648,7.25,7.5
12-06-2011,7.25,6.488,6.651,7.25,7.5
16-06-2011,7.5,6.493,6.654,7.25,7.5
20-06-2011,8,6.498,6.657,7.25,7.5
24-06-2011,7.929,6.503,6.66,7.25,7.5
29-06-2011,7.857,6.508,6.664,7.25,7.5
03-07-2011,7.786,6.512,6.667,7.25,7.5
08-07-2011,7.714,6.517,6.67,7.25,7.5
12-07-2011,7.643,6.522,6.673,7.25,7.5
17-07-2011,7.571,6.527,6.676,7.25,7.5
21-07-2011,7.5,6.532,6.679,7.25,7.5
26-07-2011,8,6.537,6.682,7.25,7.5
30-07-2011,8,6.542,6.685,7.25,7.5
03-08-2011,8,6.547,6.688,7.25,7.5
07-08-2011,8,6.551,6.691,7.25,7.5
11-08-2011,8,6.556,6.694,7.25,7.5
15-08-2011,8,6.561,6.698,7.25,7.5
19-08-2011,8,6.566,6.701,7.25,7.5
23-08-2011,8,6.571,6.704,7.25,7.5
27-08-2011,8,6.576,6.707,7.25,7.5
31-08-2011,8,6.581,6.71,7.25,7.5
01-09-2011,8.25,6.585,6.713,7.25,7.5
03-09-2011,8.214,6.59,6.716,7.25,7.5
05-09-2011,8.179,6.595,6.719,7.25,7.5
07-09-2011,8.143,6.6,6.722,7.25,7.5
08-09-2011,8.107,6.605,6.725,7.25,7.5
10-09-2011,8.071,6.61,6.728,7.25,7.5
12-09-2011,8.036,6.615,6.731,7.25,7.5
14-09-2011,8,6.619,6.735,7.25,7.5
16-09-2011,8.25,6.624,6.738,7.25,7.5
20-09-2011,8.5,6.629,6.741,7.25,7.5
25-09-2011,8.464,6.634,6.744,7.25,7.5
30-09-2011,8.429,6.639,6.747,7.25,7.5
04-10-2011,8.393,6.644,6.75,7.25,7.5
09-10-2011,8.357,6.649,6.753,7.25,7.5
14-10-2011,8.321,6.653,6.756,7.25,7.5
18-10-2011,8.286,6.658,6.759,7.25,7.5
23-10-2011,8.25,6.663,6.762,7.25,7.5
28-10-2011,8.5,6.668,6.765,7.25,7.5
31-10-2011,8.5,6.673,6.769,7.25,7.5
04-11-2011,8.5,6.678,6.772,7.25,7.5
08-11-2011,8.5,6.683,6.775,7.25,7.5
11-11-2011,8.5,6.688,6.778,7.25,7.5
15-11-2011,8.5,6.692,6.781,7.25,7.5
19-11-2011,8.5,6.697,6.784,7.25,7.5
22-11-2011,8.5,6.702,6.787,7.25,7.5
26-11-2011,8.5,6.707,6.79,7.25,7.5
30-11-2011,8.5,6.712,6.793,7.25,7.5
01-12-2011,8.5,6.717,6.796,7.25,7.5
03-12-2011,8.5,6.722,6.799,7.25,7.5
05-12-2011,8.5,6.726,6.802,7.25,7.5
07-12-2011,8.5,6.731,6.806,7.25,7.5
08-12-2011,8.5,6.736,6.809,7.25,7.5
10-12-2011,8.5,6.741,6.812,7.25,7.5
12-12-2011,8.5,6.746,6.815,7.25,7.5
14-12-2011,8.5,6.751,6.818,7.25,7.5
16-12-2011,8.5,6.756,6.821,7.25,7.5
20-12-2011,8.5,6.76,6.824,7.25,7.5
24-12-2011,8.5,6.765,6.827,7.25,7.5
29-12-2011,8.5,6.77,6.83,7.25,7.5
02-01-2012,8.5,6.775,6.833,7.25,7.5
06-01-2012,8.5,6.775,6.833,7.25,7.501
11-01-2012,8.5,6.775,6.834,7.25,7.501
15-01-2012,8.5,6.775,6.834,7.25,7.502
19-01-2012,8.5,6.775,6.834,7.25,7.503
24-01-2012,8.5,6.775,6.834,7.25,7.504
26-01-2012,8.5,6.775,6.834,7.25,7.504
29-01-2012,8.5,6.775,6.834,7.25,7.505
01-02-2012,8.5,6.775,6.835,7.25,7.506
04-02-2012,8.5,6.775,6.835,7.25,7.506
07-02-2012,8.5,6.775,6.835,7.25,7.507
10-02-2012,8.5,6.775,6.835,7.25,7.508
13-02-2012,8.5,6.775,6.835,7.25,7.508
16-02-2012,8.5,6.775,6.835,7.25,7.509
19-02-2012,8.5,6.775,6.836,7.25,7.51
21-02-2012,8.5,6.775,6.836,7.25,7.511
24-02-2012,8.5,6.775,6.836,7.25,7.511
27-02-2012,8.5,6.775,6.836,7.25,7.512
01-03-2012,8.5,6.775,6.836,7.25,7.513
03-03-2012,8.5,6.775,6.836,7.25,7.513
06-03-2012,8.5,6.775,6.836,7.25,7.514
09-03-2012,8.5,6.775,6.837,7.25,7.515
12-03-2012,8.5,6.775,6.837,7.25,7.515
15-03-2012,8.5,6.775,6.837,7.25,7.516
18-03-2012,8.5,6.775,6.837,7.25,7.517
22-03-2012,8.429,6.775,6.837,7.25,7.518
26-03-2012,8.357,6.775,6.837,7.25,7.518
29-03-2012,8.286,6.775,6.838,7.25,7.519
02-04-2012,8.214,6.775,6.838,7.25,7.52
06-04-2012,8.143,6.775,6.838,7.25,7.52
09-04-2012,8.071,6.775,6.838,7.25,7.521
13-04-2012,8,6.775,6.838,7.25,7.522
17-04-2012,8,6.775,6.838,7.25,7.522
21-04-2012,8,6.775,6.838,7.25,7.523
26-04-2012,8,6.775,6.839,7.25,7.524
01-05-2012,8,6.775,6.839,7.25,7.525
06-05-2012,8,6.775,6.839,7.25,7.525
11-05-2012,8,6.775,6.839,7.25,7.526
16-05-2012,8,6.775,6.839,7.25,7.527
21-05-2012,8,6.775,6.839,7.25,7.527
26-05-2012,8,6.775,6.84,7.25,7.528
31-05-2012,8,6.775,6.84,7.25,7.529
02-06-2012,8,6.775,6.84,7.25,7.529
04-06-2012,8,6.775,6.84,7.25,7.53
06-06-2012,8,6.775,6.84,7.25,7.531
08-06-2012,8,6.775,6.84,7.25,7.532
10-06-2012,8,6.775,6.84,7.25,7.532
12-06-2012,8,6.775,6.841,7.25,7.533
14-06-2012,8,6.775,6.841,7.25,7.534
16-06-2012,8,6.775,6.841,7.25,7.534
18-06-2012,8,6.775,6.841,7.25,7.535
22-06-2012,8,6.775,6.841,7.25,7.536
27-06-2012,8,6.775,6.841,7.25,7.536
02-07-2012,8,6.775,6.842,7.25,7.537
07-07-2012,8,6.775,6.842,7.25,7.538
11-07-2012,8,6.775,6.842,7.25,7.539
16-07-2012,8,6.775,6.842,7.25,7.539
21-07-2012,8,6.775,6.842,7.25,7.54
26-07-2012,8,6.775,6.842,7.25,7.541
31-07-2012,8,6.775,6.843,7.25,7.541
03-08-2012,8,6.775,6.843,7.25,7.542
06-08-2012,8,6.775,6.843,7.25,7.543
10-08-2012,8,6.775,6.843,7.25,7.543
13-08-2012,8,6.775,6.843,7.25,7.544
17-08-2012,8,6.775,6.843,7.25,7.545
20-08-2012,8,6.775,6.843,7.25,7.546
24-08-2012,8,6.775,6.844,7.25,7.546
27-08-2012,8,6.775,6.844,7.25,7.547
31-08-2012,8,6.775,6.844,7.25,7.548
01-09-2012,8,6.775,6.844,7.25,7.548
03-09-2012,8,6.775,6.844,7.25,7.549
05-09-2012,8,6.775,6.844,7.25,7.55
07-09-2012,8,6.775,6.845,7.25,7.55
09-09-2012,8,6.775,6.845,7.25,7.551
11-09-2012,8,6.775,6.845,7.25,7.552
13-09-2012,8,6.775,6.845,7.25,7.553
15-09-2012,8,6.775,6.845,7.25,7.553
17-09-2012,8,6.775,6.845,7.25,7.554
21-09-2012,8,6.775,6.845,7.25,7.555
26-09-2012,8,6.775,6.846,7.25,7.555
01-10-2012,8,6.775,6.846,7.25,7.556
06-10-2012,8,6.775,6.846,7.25,7.557
10-10-2012,8,6.775,6.846,7.25,7.557
15-10-2012,8,6.775,6.846,7.25,7.558
20-10-2012,8,6.775,6.846,7.25,7.559
25-10-2012,8,6.775,6.847,7.25,7.56
30-10-2012,8,6.775,6.847,7.25,7.56
02-11-2012,8,6.775,6.847,7.25,7.561
05-11-2012,8,6.775,6.847,7.25,7.562
09-11-2012,8,6.775,6.847,7.25,7.562
12-11-2012,8,6.775,6.847,7.25,7.563
16-11-2012,8,6.775,6.848,7.25,7.564
19-11-2012,8,6.775,6.848,7.25,7.564
23-11-2012,8,6.775,6.848,7.25,7.565
26-11-2012,8,6.775,6.848,7.25,7.566
30-11-2012,8,6.775,6.848,7.25,7.567
02-12-2012,8,6.775,6.848,7.25,7.567
04-12-2012,8,6.775,6.848,7.25,7.568
06-12-2012,8,6.775,6.849,7.25,7.569
08-12-2012,8,6.775,6.849,7.25,7.569
10-12-2012,8,6.775,6.849,7.25,7.57
12-12-2012,8,6.775,6.849,7.25,7.571
14-12-2012,8,6.775,6.849,7.25,7.571
16-12-2012,8,6.775,6.849,7.25,7.572
18-12-2012,8,6.775,6.85,7.25,7.573
22-12-2012,8,6.775,6.85,7.25,7.574
27-12-2012,7.964,6.775,6.85,7.25,7.574
01-01-2013,7.929,6.775,6.85,7.25,7.575
05-01-2013,7.893,6.776,6.851,7.25,7.575
10-01-2013,7.857,6.778,6.852,7.25,7.576
15-01-2013,7.821,6.779,6.853,7.25,7.576
19-01-2013,7.786,6.78,6.854,7.25,7.576
24-01-2013,7.75,6.782,6.855,7.25,7.577
29-01-2013,7.75,6.783,6.856,7.25,7.577
03-02-2013,7.75,6.785,6.857,7.25,7.577
08-02-2013,7.732,6.786,6.858,7.25,7.578
14-02-2013,7.714,6.787,6.859,7.25,7.578
19-02-2013,7.696,6.789,6.86,7.25,7.578
25-02-2013,7.679,6.79,6.861,7.25,7.579
02-03-2013,7.661,6.791,6.862,7.25,7.579
08-03-2013,7.643,6.793,6.863,7.25,7.579
13-03-2013,7.625,6.794,6.864,7.25,7.58
19-03-2013,7.625,6.796,6.865,7.25,7.58
24-03-2013,7.625,6.797,6.866,7.25,7.58
29-03-2013,7.589,6.798,6.867,7.25,7.581
03-04-2013,7.554,6.8,6.868,7.25,7.581
08-04-2013,7.518,6.801,6.87,7.25,7.582
13-04-2013,7.482,6.802,6.871,7.25,7.582
18-04-2013,7.446,6.804,6.872,7.25,7.582
23-04-2013,7.411,6.805,6.873,7.25,7.583
28-04-2013,7.375,6.807,6.874,7.25,7.583
03-05-2013,7.375,6.808,6.875,7.25,7.583
08-05-2013,7.375,6.809,6.876,7.25,7.584
13-05-2013,7.357,6.811,6.877,7.25,7.584
18-05-2013,7.339,6.812,6.878,7.25,7.584
23-05-2013,7.321,6.813,6.879,7.25,7.585
28-05-2013,7.304,6.815,6.88,7.25,7.585
02-06-2013,7.286,6.816,6.881,7.25,7.585
07-06-2013,7.268,6.817,6.882,7.25,7.586
12-06-2013,7.25,6.819,6.883,7.25,7.586
17-06-2013,7.25,6.82,6.884,7.25,7.586
21-06-2013,7.25,6.822,6.885,7.25,7.587
26-06-2013,7.25,6.823,6.886,7.25,7.587
01-07-2013,7.25,6.824,6.887,7.25,7.587
06-07-2013,7.25,6.826,6.888,7.25,7.588
10-07-2013,7.25,6.827,6.889,7.25,7.588
15-07-2013,7.25,6.828,6.89,7.25,7.588
20-07-2013,7.25,6.83,6.891,7.25,7.589
25-07-2013,7.25,6.831,6.892,7.25,7.589
30-07-2013,7.25,6.833,6.893,7.25,7.589
04-08-2013,7.375,6.834,6.894,7.25,7.59
10-08-2013,7.357,6.835,6.895,7.25,7.59
16-08-2013,7.339,6.837,6.896,7.25,7.59
22-08-2013,7.321,6.838,6.897,7.25,7.591
27-08-2013,7.304,6.839,6.898,7.25,7.591
02-09-2013,7.286,6.841,6.899,7.25,7.591
08-09-2013,7.268,6.842,6.9,7.25,7.592
14-09-2013,7.25,6.843,6.901,7.25,7.592
20-09-2013,7.375,6.845,6.902,7.25,7.592
24-09-2013,7.625,6.846,6.903,7.25,7.593
28-09-2013,7.589,6.848,6.904,7.25,7.593
03-10-2013,7.554,6.849,6.905,7.25,7.593
07-10-2013,7.518,6.85,6.907,7.25,7.594
11-10-2013,7.482,6.852,6.908,7.25,7.594
16-10-2013,7.446,6.853,6.909,7.25,7.595
20-10-2013,7.411,6.854,6.91,7.25,7.595
24-10-2013,7.375,6.856,6.911,7.25,7.595
29-10-2013,7.625,6.857,6.912,7.25,7.596
03-11-2013,7.75,6.859,6.913,7.25,7.596
09-11-2013,7.732,6.86,6.914,7.25,7.596
14-11-2013,7.714,6.861,6.915,7.25,7.597
20-11-2013,7.696,6.863,6.916,7.25,7.597
25-11-2013,7.679,6.864,6.917,7.25,7.597
01-12-2013,7.661,6.865,6.918,7.25,7.598
06-12-2013,7.643,6.867,6.919,7.25,7.598
12-12-2013,7.625,6.868,6.92,7.25,7.598
18-12-2013,7.75,6.87,6.921,7.25,7.599
22-12-2013,7.875,6.871,6.922,7.25,7.599
27-12-2013,7.857,6.872,6.923,7.25,7.599
31-12-2013,7.839,6.874,6.924,7.25,7.6
05-01-2014,7.821,6.875,6.925,7.25,7.6
09-01-2014,7.804,6.876,6.926,7.25,7.602
14-01-2014,7.786,6.877,6.927,7.25,7.604
18-01-2014,7.768,6.878,6.928,7.25,7.607
23-01-2014,7.75,6.879,6.929,7.25,7.609
28-01-2014,7.875,6.879,6.929,7.25,7.611
04-02-2014,8,6.88,6.93,7.25,7.613
11-02-2014,7.982,6.881,6.931,7.25,7.615
18-02-2014,7.964,6.882,6.932,7.25,7.618
25-02-2014,7.946,6.883,6.933,7.25,7.62
04-03-2014,7.929,6.884,6.934,7.25,7.622
11-03-2014,7.911,6.885,6.935,7.25,7.624
18-03-2014,7.893,6.886,6.936,7.25,7.626
25-03-2014,7.875,6.886,6.936,7.25,7.629
01-04-2014,8,6.887,6.937,7.25,7.631
08-04-2014,8,6.888,6.938,7.25,7.633
15-04-2014,8,6.889,6.939,7.25,7.635
22-04-2014,8,6.89,6.94,7.25,7.637
29-04-2014,8,6.891,6.941,7.25,7.639
06-05-2014,8,6.892,6.942,7.25,7.642
13-05-2014,8,6.893,6.943,7.25,7.644
20-05-2014,8,6.893,6.943,7.25,7.646
27-05-2014,8,6.894,6.944,7.25,7.648
03-06-2014,8,6.895,6.945,7.25,7.65
10-06-2014,8,6.896,6.946,7.25,7.653
17-06-2014,8,6.897,6.947,7.25,7.655
24-06-2014,8,6.898,6.948,7.25,7.657
01-07-2014,8,6.899,6.949,7.25,7.659
08-07-2014,8,6.9,6.95,7.25,7.661
15-07-2014,8,6.9,6.95,7.25,7.664
22-07-2014,8,6.901,6.951,7.25,7.666
29-07-2014,8,6.902,6.952,7.25,7.668
05-08-2014,8,6.903,6.953,7.25,7.67
11-08-2014,8,6.904,6.954,7.25,7.672
17-08-2014,8,6.905,6.955,7.25,7.675
23-08-2014,8,6.906,6.956,7.25,7.677
29-08-2014,8,6.907,6.957,7.25,7.679
05-09-2014,8,6.907,6.957,7.25,7.681
11-09-2014,8,6.908,6.958,7.25,7.683
17-09-2014,8,6.909,6.959,7.25,7.686
23-09-2014,8,6.91,6.96,7.25,7.688
30-09-2014,8,6.911,6.961,7.25,7.69
07-10-2014,8,6.912,6.962,7.25,7.692
14-10-2014,8,6.913,6.963,7.25,7.694
21-10-2014,8,6.914,6.964,7.25,7.696
28-10-2014,8,6.914,6.964,7.25,7.699
04-11-2014,8,6.915,6.965,7.25,7.701
11-11-2014,8,6.916,6.966,7.25,7.703
18-11-2014,8,6.917,6.967,7.25,7.705
25-11-2014,8,6.918,6.968,7.25,7.707
02-12-2014,8,6.919,6.969,7.25,7.71
06-12-2014,8,6.92,6.97,7.25,7.712
11-12-2014,7.982,6.921,6.971,7.25,7.714
16-12-2014,7.964,6.921,6.971,7.25,7.716
21-12-2014,7.946,6.922,6.972,7.25,7.718
26-12-2014,7.929,6.923,6.973,7.25,7.721
31-12-2014,7.911,6.924,6.974,7.25,7.723
05-01-2015,7.893,6.925,6.975,7.25,7.725
10-01-2015,7.875,6.926,6.975,7.251,7.727
15-01-2015,7.875,6.927,6.976,7.253,7.729
17-01-2015,7.875,6.928,6.976,7.254,7.73
19-01-2015,7.857,6.929,6.976,7.256,7.732
21-01-2015,7.839,6.93,6.977,7.257,7.734
23-01-2015,7.821,6.931,6.977,7.259,7.736
25-01-2015,7.804,6.932,6.978,7.26,7.738
27-01-2015,7.786,6.934,6.978,7.261,7.739
29-01-2015,7.768,6.935,6.978,7.263,7.741
31-01-2015,7.75,6.936,6.979,7.264,7.743
03-02-2015,7.75,6.937,6.979,7.266,7.745
06-02-2015,7.75,6.938,6.979,7.267,7.746
09-02-2015,7.732,6.939,6.98,7.269,7.748
12-02-2015,7.714,6.94,6.98,7.27,7.75
15-02-2015,7.696,6.941,6.98,7.271,7.752
19-02-2015,7.679,6.942,6.981,7.273,7.754
22-02-2015,7.661,6.943,6.981,7.274,7.755
25-02-2015,7.643,6.944,6.981,7.276,7.757
28-02-2015,7.625,6.945,6.982,7.277,7.759
04-03-2015,7.625,6.946,6.982,7.279,7.761
07-03-2015,7.625,6.948,6.982,7.28,7.762
11-03-2015,7.607,6.949,6.983,7.281,7.764
15-03-2015,7.589,6.95,6.983,7.283,7.766
19-03-2015,7.571,6.951,6.984,7.284,7.768
22-03-2015,7.554,6.952,6.984,7.286,7.77
26-03-2015,7.536,6.953,6.984,7.287,7.771
30-03-2015,7.518,6.954,6.985,7.289,7.773
03-04-2015,7.5,6.955,6.985,7.29,7.775
07-04-2015,7.5,6.956,6.985,7.291,7.777
13-04-2015,7.5,6.957,6.986,7.293,7.779
19-04-2015,7.482,6.958,6.986,7.294,7.78
25-04-2015,7.464,6.959,6.986,7.296,7.782
01-05-2015,7.446,6.96,6.987,7.297,7.784
08-05-2015,7.429,6.961,6.987,7.299,7.786
14-05-2015,7.411,6.962,6.988,7.3,7.788
20-05-2015,7.393,6.964,6.988,7.301,7.789
26-05-2015,7.375,6.965,6.988,7.303,7.791
02-06-2015,7.375,6.966,6.989,7.304,7.793
09-06-2015,7.375,6.967,6.989,7.306,7.795
16-06-2015,7.357,6.968,6.989,7.307,7.796
23-06-2015,7.339,6.969,6.99,7.309,7.798
30-06-2015,7.321,6.97,6.99,7.31,7.8
07-07-2015,7.304,6.971,6.99,7.311,7.802
14-07-2015,7.286,6.972,6.991,7.313,7.804
21-07-2015,7.268,6.973,6.991,7.314,7.805
28-07-2015,7.25,6.974,6.991,7.316,7.807
04-08-2015,7.25,6.975,6.992,7.317,7.809
10-08-2015,7.25,6.976,6.992,7.319,7.811
16-08-2015,7.214,6.978,6.992,7.32,7.812
22-08-2015,7.179,6.979,6.993,7.321,7.814
28-08-2015,7.143,6.98,6.993,7.323,7.816
04-09-2015,7.107,6.981,6.994,7.324,7.818
10-09-2015,7.071,6.982,6.994,7.326,7.82
16-09-2015,7.036,6.983,6.994,7.327,7.821
22-09-2015,7,6.984,6.995,7.329,7.823
29-09-2015,7,6.985,6.995,7.33,7.825
06-10-2015,7,6.986,6.995,7.331,7.827
13-10-2015,6.964,6.987,6.996,7.333,7.829
20-10-2015,6.929,6.988,6.996,7.334,7.83
27-10-2015,6.893,6.989,6.996,7.336,7.832
03-11-2015,6.857,6.99,6.997,7.337,7.834
10-11-2015,6.821,6.991,6.997,7.339,7.836
17-11-2015,6.786,6.992,6.998,7.34,7.837
24-11-2015,6.75,6.994,6.998,7.341,7.839
01-12-2015,6.75,6.995,6.998,7.343,7.841
08-12-2015,6.75,6.996,6.999,7.344,7.843
15-12-2015,6.75,6.997,6.999,7.346,7.845
22-12-2015,6.75,6.998,6.999,7.347,7.846
29-12-2015,6.75,6.999,7,7.349,7.848
05-01-2016,6.75,7,7,7.35,7.85
12-01-2016,6.75,7.005,7.009,7.362,7.858
19-01-2016,6.75,7.009,7.019,7.375,7.867
26-01-2016,6.75,7.014,7.028,7.387,7.875
02-02-2016,6.75,7.019,7.038,7.399,7.884
09-02-2016,6.75,7.024,7.047,7.411,7.892
16-02-2016,6.732,7.028,7.057,7.424,7.901
23-02-2016,6.714,7.033,7.066,7.436,7.909
01-03-2016,6.696,7.038,7.075,7.448,7.918
08-03-2016,6.679,7.042,7.085,7.46,7.926
15-03-2016,6.661,7.047,7.094,7.473,7.935
22-03-2016,6.643,7.052,7.104,7.485,7.943
29-03-2016,6.625,7.057,7.113,7.497,7.952
05-04-2016,6.625,7.061,7.123,7.509,7.96
12-04-2016,6.625,7.066,7.132,7.522,7.969
19-04-2016,6.607,7.071,7.142,7.534,7.977
26-04-2016,6.589,7.075,7.151,7.546,7.986
03-05-2016,6.571,7.08,7.16,7.558,7.994
10-05-2016,6.554,7.085,7.17,7.571,8.003
17-05-2016,6.536,7.09,7.179,7.583,8.011
24-05-2016,6.518,7.094,7.189,7.595,8.02
31-05-2016,6.5,7.099,7.198,7.608,8.028
07-06-2016,6.5,7.104,7.208,7.62,8.037
14-06-2016,6.5,7.108,7.217,7.632,8.045
21-06-2016,6.5,7.113,7.226,7.644,8.054
28-06-2016,6.5,7.118,7.236,7.657,8.062
05-07-2016,6.5,7.123,7.245,7.669,8.071
12-07-2016,6.5,7.127,7.255,7.681,8.079
19-07-2016,6.5,7.132,7.264,7.693,8.088
26-07-2016,6.5,7.137,7.274,7.706,8.096
02-08-2016,6.5,7.142,7.283,7.718,8.105
09-08-2016,6.5,7.146,7.292,7.73,8.113
15-08-2016,6.5,7.151,7.302,7.742,8.122
21-08-2016,6.482,7.156,7.311,7.755,8.13
27-08-2016,6.464,7.16,7.321,7.767,8.139
02-09-2016,6.446,7.165,7.33,7.779,8.147
09-09-2016,6.429,7.17,7.34,7.792,8.156
15-09-2016,6.411,7.175,7.349,7.804,8.164
21-09-2016,6.393,7.179,7.358,7.816,8.173
27-09-2016,6.375,7.184,7.368,7.828,8.181
04-10-2016,6.375,7.189,7.377,7.841,8.19
11-10-2016,6.375,7.193,7.387,7.853,8.198
18-10-2016,6.357,7.198,7.396,7.865,8.207
25-10-2016,6.339,7.203,7.406,7.877,8.215
01-11-2016,6.321,7.208,7.415,7.89,8.224
08-11-2016,6.304,7.212,7.425,7.902,8.232
15-11-2016,6.286,7.217,7.434,7.914,8.241
22-11-2016,6.268,7.222,7.443,7.926,8.249
29-11-2016,6.25,7.226,7.453,7.939,8.258
07-12-2016,6.25,7.231,7.462,7.951,8.266
14-12-2016,6.25,7.236,7.472,7.963,8.275
21-12-2016,6.25,7.241,7.481,7.975,8.283
28-12-2016,6.25,7.245,7.491,7.988,8.292
04-01-2017,6.25,7.25,7.5,8,8.3
11-01-2017,6.25,7.255,7.506,8,8.3
18-01-2017,6.25,7.259,7.511,8,8.3
25-01-2017,6.25,7.264,7.517,8,8.3
01-02-2017,6.25,7.269,7.522,8,8.3
08-02-2017,6.25,7.273,7.528,8,8.3
14-02-2017,6.25,7.278,7.533,8,8.3
20-02-2017,6.25,7.282,7.539,8,8.3
27-02-2017,6.25,7.287,7.544,8,8.3
05-03-2017,6.25,7.292,7.55,8,8.3
11-03-2017,6.25,7.296,7.556,8,8.3
18-03-2017,6.25,7.301,7.561,8,8.3
24-03-2017,6.25,7.306,7.567,8,8.3
30-03-2017,6.25,7.31,7.572,8,8.3
06-04-2017,6.25,7.315,7.578,8,8.3
12-04-2017,6.25,7.319,7.583,8,8.3
19-04-2017,6.25,7.324,7.589,8,8.3
26-04-2017,6.25,7.329,7.594,8,8.3
03-05-2017,6.25,7.333,7.6,8,8.3
10-05-2017,6.25,7.338,7.606,8,8.3
17-05-2017,6.25,7.343,7.611,8,8.3
24-05-2017,6.25,7.347,7.617,8,8.3
31-05-2017,6.25,7.352,7.622,8,8.3
07-06-2017,6.25,7.356,7.628,8,8.3
13-06-2017,6.25,7.361,7.633,8,8.3
19-06-2017,6.232,7.366,7.639,8,8.3
25-06-2017,6.214,7.37,7.644,8,8.3
01-07-2017,6.196,7.375,7.65,8,8.3
08-07-2017,6.179,7.38,7.656,8,8.3
14-07-2017,6.161,7.384,7.661,8,8.3
20-07-2017,6.143,7.389,7.667,8,8.3
26-07-2017,6.125,7.394,7.672,8,8.3
02-08-2017,6.125,7.398,7.678,8,8.3
09-08-2017,6.125,7.403,7.683,8,8.3
16-08-2017,6.107,7.407,7.689,8,8.3
23-08-2017,6.089,7.412,7.694,8,8.3
30-08-2017,6.071,7.417,7.7,8,8.3
06-09-2017,6.054,7.421,7.706,8,8.3
13-09-2017,6.036,7.426,7.711,8,8.3
20-09-2017,6.018,7.431,7.717,8,8.3
27-09-2017,6,7.435,7.722,8,8.3
04-10-2017,6,7.44,7.728,8,8.3
11-10-2017,6,7.444,7.733,8,8.3
18-10-2017,6,7.449,7.739,8,8.3
25-10-2017,6,7.454,7.744,8,8.3
01-11-2017,6,7.458,7.75,8,8.3
08-11-2017,6,7.463,7.756,8,8.3
15-11-2017,6,7.468,7.761,8,8.3
22-11-2017,6,7.472,7.767,8,8.3
29-11-2017,6,7.477,7.772,8,8.3
06-12-2017,6,7.481,7.778,8,8.3
13-12-2017,6,7.486,7.783,8,8.3
20-12-2017,6,7.491,7.789,8,8.3
27-12-2017,6,7.495,7.794,8,8.3
03-01-2018,6,7.5,7.8,8,8.3
10-01-2018,6,7.504,7.8,8.005,8.302
17-01-2018,6,7.507,7.8,8.009,8.304
24-01-2018,6,7.511,7.8,8.014,8.306
31-01-2018,6,7.515,7.8,8.019,8.307
07-02-2018,6,7.519,7.8,8.023,8.309
13-02-2018,6,7.522,7.8,8.028,8.311
19-02-2018,6,7.526,7.8,8.032,8.313
26-02-2018,6,7.53,7.8,8.037,8.315
04-03-2018,6,7.533,7.8,8.042,8.317
10-03-2018,6,7.537,7.8,8.046,8.319
17-03-2018,6,7.541,7.8,8.051,8.32
23-03-2018,6,7.544,7.8,8.056,8.322
29-03-2018,6,7.548,7.8,8.06,8.324
05-04-2018,6,7.552,7.8,8.065,8.326
11-04-2018,6.125,7.556,7.8,8.069,8.328
18-04-2018,6.107,7.559,7.8,8.074,8.33
25-04-2018,6.089,7.563,7.8,8.079,8.331
02-05-2018,6.071,7.567,7.8,8.083,8.333
09-05-2018,6.054,7.57,7.8,8.088,8.335
16-05-2018,6.036,7.574,7.8,8.093,8.337
23-05-2018,6.018,7.578,7.8,8.097,8.339
30-05-2018,6,7.581,7.8,8.102,8.341
06-06-2018,6.125,7.585,7.8,8.106,8.343
12-06-2018,6.375,7.589,7.8,8.111,8.344
18-06-2018,6.339,7.593,7.8,8.116,8.346
24-06-2018,6.304,7.596,7.8,8.12,8.348
30-06-2018,6.268,7.6,7.8,8.125,8.35
07-07-2018,6.232,7.604,7.8,8.13,8.352
13-07-2018,6.196,7.607,7.8,8.134,8.354
19-07-2018,6.161,7.611,7.8,8.139,8.356
25-07-2018,6.125,7.615,7.8,8.144,8.357
01-08-2018,6.375,7.619,7.8,8.148,8.359
08-08-2018,6.5,7.622,7.8,8.153,8.361
15-08-2018,6.482,7.626,7.8,8.157,8.363
22-08-2018,6.464,7.63,7.8,8.162,8.365
29-08-2018,6.446,7.633,7.8,8.167,8.367
06-09-2018,6.429,7.637,7.8,8.171,8.369
13-09-2018,6.411,7.641,7.8,8.176,8.37
20-09-2018,6.393,7.644,7.8,8.181,8.372
27-09-2018,6.375,7.648,7.8,8.185,8.374
05-10-2018,6.5,7.652,7.8,8.19,8.376
11-10-2018,6.5,7.656,7.8,8.194,8.378
18-10-2018,6.5,7.659,7.8,8.199,8.38
25-10-2018,6.5,7.663,7.8,8.204,8.381
01-11-2018,6.5,7.667,7.8,8.208,8.383
07-11-2018,6.5,7.67,7.8,8.213,8.385
14-11-2018,6.5,7.674,7.8,8.218,8.387
21-11-2018,6.5,7.678,7.8,8.222,8.389
28-11-2018,6.5,7.681,7.8,8.227,8.391
05-12-2018,6.5,7.685,7.8,8.231,8.393
12-12-2018,6.5,7.689,7.8,8.236,8.394
19-12-2018,6.482,7.693,7.8,8.241,8.396
26-12-2018,6.464,7.696,7.8,8.245,8.398
02-01-2019,6.446,7.7,7.8,8.25,8.4
09-01-2019,6.429,7.7,7.804,8.251,8.402
16-01-2019,6.411,7.7,7.807,8.252,8.404
23-01-2019,6.393,7.7,7.811,8.253,8.406
30-01-2019,6.375,7.7,7.815,8.254,8.407
07-02-2019,6.375,7.7,7.819,8.255,8.409
13-02-2019,6.375,7.7,7.822,8.256,8.411
19-02-2019,6.339,7.7,7.826,8.256,8.413
25-02-2019,6.304,7.7,7.83,8.257,8.415
03-03-2019,6.268,7.7,7.833,8.258,8.417
10-03-2019,6.232,7.7,7.837,8.259,8.419
16-03-2019,6.196,7.7,7.841,8.26,8.42
22-03-2019,6.161,7.7,7.844,8.261,8.422
28-03-2019,6.125,7.7,7.848,8.262,8.424
04-04-2019,6.125,7.7,7.852,8.263,8.426
11-04-2019,6.125,7.7,7.856,8.264,8.428
18-04-2019,6.089,7.7,7.859,8.265,8.43
25-04-2019,6.054,7.7,7.863,8.266,8.431
02-05-2019,6.018,7.7,7.867,8.267,8.433
09-05-2019,5.982,7.7,7.87,8.268,8.435
16-05-2019,5.946,7.7,7.874,8.269,8.437
23-05-2019,5.911,7.7,7.878,8.269,8.439
30-05-2019,5.875,7.7,7.881,8.27,8.441
06-06-2019,5.875,7.7,7.885,8.271,8.443
12-06-2019,5.875,7.7,7.889,8.272,8.444
19-06-2019,5.832,7.7,7.893,8.273,8.446
26-06-2019,5.789,7.7,7.896,8.274,8.448
03-07-2019,5.746,7.7,7.9,8.275,8.45
10-07-2019,5.704,7.7,7.904,8.276,8.452
17-07-2019,5.661,7.7,7.907,8.277,8.454
24-07-2019,5.618,7.7,7.911,8.278,8.456
31-07-2019,5.575,7.7,7.915,8.279,8.457
07-08-2019,5.575,7.7,7.919,8.28,8.459
13-08-2019,5.575,7.7,7.922,8.281,8.461
19-08-2019,5.532,7.7,7.926,8.281,8.463
26-08-2019,5.489,7.7,7.93,8.282,8.465
01-09-2019,5.446,7.7,7.933,8.283,8.467
08-09-2019,5.404,7.7,7.937,8.284,8.469
14-09-2019,5.361,7.7,7.941,8.285,8.47
21-09-2019,5.318,7.7,7.944,8.286,8.472
27-09-2019,5.275,7.7,7.948,8.287,8.474
04-10-2019,5.275,7.7,7.952,8.288,8.476
10-10-2019,5.275,7.7,7.956,8.289,8.478
17-10-2019,5.257,7.7,7.959,8.29,8.48
24-10-2019,5.239,7.7,7.963,8.291,8.481
31-10-2019,5.221,7.7,7.967,8.292,8.483
07-11-2019,5.204,7.7,7.97,8.293,8.485
14-11-2019,5.186,7.7,7.974,8.294,8.487
21-11-2019,5.168,7.7,7.978,8.294,8.489
28-11-2019,5.15,7.7,7.981,8.295,8.491
05-12-2019,5.15,7.7,7.985,8.296,8.493
12-12-2019,5.15,7.7,7.989,8.297,8.494
19-12-2019,5.15,7.7,7.993,8.298,8.496
26-12-2019,5.15,7.7,7.996,8.299,8.498
02-01-2020,5.15,7.7,8,8.3,8.5
09-01-2020,5.15,7.709,8.004,8.302,8.5
16-01-2020,5.15,7.719,8.007,8.304,8.5
23-01-2020,5.15,7.728,8.011,8.306,8.5
30-01-2020,5.15,7.737,8.015,8.307,8.5
06-02-2020,5.15,7.746,8.019,8.309,8.5
11-02-2020,5.15,7.756,8.022,8.311,8.5
17-02-2020,5.096,7.765,8.026,8.313,8.5
22-02-2020,5.043,7.774,8.03,8.315,8.5
28-02-2020,4.989,7.783,8.033,8.317,8.5
04-03-2020,4.936,7.793,8.037,8.319,8.5
10-03-2020,4.882,7.802,8.041,8.32,8.5
15-03-2020,4.829,7.811,8.044,8.322,8.5
21-03-2020,4.775,7.82,8.048,8.324,8.5
27-03-2020,4.775,7.83,8.052,8.326,8.5
02-04-2020,4.775,7.839,8.056,8.328,8.5
08-04-2020,4.664,7.848,8.059,8.33,8.5
14-04-2020,4.554,7.857,8.063,8.331,8.5
20-04-2020,4.443,7.867,8.067,8.333,8.5
27-04-2020,4.332,7.876,8.07,8.335,8.5
03-05-2020,4.221,7.885,8.074,8.337,8.5
09-05-2020,4.111,7.894,8.078,8.339,8.5
15-05-2020,4,7.904,8.081,8.341,8.5
22-05-2020,4,7.913,8.085,8.343,8.5
30-05-2020,4,7.922,8.089,8.344,8.5
07-06-2020,4,7.931,8.093,8.346,8.5
16-06-2020,4,7.941,8.096,8.348,8.5
24-06-2020,4,7.95,8.1,8.35,8.5
03-07-2020,4,7.959,8.104,8.352,8.5
11-07-2020,4,7.969,8.107,8.354,8.5
20-07-2020,4,7.978,8.111,8.356,8.5
28-07-2020,4,7.987,8.115,8.357,8.5
06-08-2020,4,7.996,8.119,8.359,8.5
13-08-2020,4,8.006,8.122,8.361,8.5
20-08-2020,4,8.015,8.126,8.363,8.5
27-08-2020,4,8.024,8.13,8.365,8.5
03-09-2020,4,8.033,8.133,8.367,8.5
10-09-2020,4,8.043,8.137,8.369,8.5
17-09-2020,4,8.052,8.141,8.37,8.5
24-09-2020,4,8.061,8.144,8.372,8.5
01-10-2020,4,8.07,8.148,8.374,8.5
09-10-2020,4,8.08,8.152,8.376,8.5
15-10-2020,4,8.089,8.156,8.378,8.5
21-10-2020,4,8.098,8.159,8.38,8.5
27-10-2020,4,8.107,8.163,8.381,8.5
02-11-2020,4,8.117,8.167,8.383,8.5
09-11-2020,4,8.126,8.17,8.385,8.5
15-11-2020,4,8.135,8.174,8.387,8.5
21-11-2020,4,8.144,8.178,8.389,8.5
27-11-2020,4,8.154,8.181,8.391,8.5
04-12-2020,4,8.163,8.185,8.393,8.5
11-12-2020,4,8.172,8.189,8.394,8.5
18-12-2020,4,8.181,8.193,8.396,8.5
25-12-2020,4,8.191,8.196,8.398,8.5
01-01-2021,4,8.2,8.2,8.4,8.5
08-01-2021,4,8.2,8.202,8.4,8.5
15-01-2021,4,8.2,8.204,8.4,8.5
22-01-2021,4,8.2,8.206,8.4,8.5
29-01-2021,4,8.2,8.207,8.4,8.5
05-02-2021,4,8.2,8.209,8.4,8.5
11-02-2021,4,8.2,8.211,8.4,8.5
18-02-2021,4,8.2,8.213,8.4,8.5
25-02-2021,4,8.2,8.215,8.4,8.5
04-03-2021,4,8.2,8.217,8.4,8.5
10-03-2021,4,8.2,8.219,8.4,8.5
17-03-2021,4,8.2,8.22,8.4,8.5
24-03-2021,4,8.2,8.222,8.4,8.5
31-03-2021,4,8.2,8.224,8.4,8.5
07-04-2021,4,8.2,8.226,8.4,8.5
13-04-2021,4,8.2,8.228,8.4,8.5
19-04-2021,4,8.2,8.23,8.4,8.5
26-04-2021,4,8.2,8.231,8.4,8.5
02-05-2021,4,8.2,8.233,8.4,8.5
09-05-2021,4,8.2,8.235,8.4,8.5
15-05-2021,4,8.2,8.237,8.4,8.5
22-05-2021,4,8.2,8.239,8.4,8.5
28-05-2021,4,8.2,8.241,8.4,8.5
04-06-2021,4,8.2,8.243,8.4,8.5
11-06-2021,4,8.2,8.244,8.4,8.5
18-06-2021,4,8.2,8.246,8.4,8.5
25-06-2021,4,8.2,8.248,8.4,8.5
02-07-2021,4,8.2,8.25,8.4,8.5
09-07-2021,4,8.2,8.252,8.4,8.5
16-07-2021,4,8.2,8.254,8.4,8.5
23-07-2021,4,8.2,8.256,8.4,8.5
30-07-2021,4,8.2,8.257,8.4,8.5
06-08-2021,4,8.2,8.259,8.4,8.5
13-08-2021,4,8.2,8.261,8.4,8.5
20-08-2021,4,8.2,8.263,8.4,8.5
27-08-2021,4,8.2,8.265,8.4,8.5
03-09-2021,4,8.2,8.267,8.4,8.5
10-09-2021,4,8.2,8.269,8.4,8.5
17-09-2021,4,8.2,8.27,8.4,8.5
24-09-2021,4,8.2,8.272,8.4,8.5
01-10-2021,4,8.2,8.274,8.4,8.5
08-10-2021,4,8.2,8.276,8.4,8.5
14-10-2021,4,8.2,8.278,8.4,8.5
21-10-2021,4,8.2,8.28,8.4,8.5
28-10-2021,4,8.2,8.281,8.4,8.5
04-11-2021,4,8.2,8.283,8.4,8.5
10-11-2021,4,8.2,8.285,8.4,8.5
17-11-2021,4,8.2,8.287,8.4,8.5
24-11-2021,4,8.2,8.289,8.4,8.5
01-12-2021,4,8.2,8.291,8.4,8.5
08-12-2021,4,8.2,8.293,8.4,8.5
15-12-2021,4,8.2,8.294,8.4,8.5
22-12-2021,4,8.2,8.296,8.4,8.5
29-12-2021,4,8.2,8.298,8.4,8.5
05-01-2022,4,8.2,8.3,8.4,8.5
12-01-2022,4,8.203,8.302,8.4,8.5
19-01-2022,4,8.206,8.303,8.4,8.5
26-01-2022,4,8.21,8.305,8.4,8.5
02-02-2022,4,8.213,8.306,8.4,8.5
10-02-2022,4,8.216,8.308,8.4,8.5
16-02-2022,4,8.219,8.31,8.4,8.5
22-02-2022,4,8.222,8.311,8.4,8.5
01-03-2022,4,8.225,8.313,8.4,8.5
07-03-2022,4,8.229,8.314,8.4,8.5
13-03-2022,4,8.232,8.316,8.4,8.5
20-03-2022,4,8.235,8.317,8.4,8.5
26-03-2022,4,8.238,8.319,8.4,8.5
01-04-2022,4,8.241,8.321,8.4,8.5
08-04-2022,4,8.244,8.322,8.4,8.5
10-04-2022,4.2,8.248,8.324,8.4,8.5
13-04-2022,4.171,8.251,8.325,8.4,8.5
16-04-2022,4.143,8.254,8.327,8.4,8.5
19-04-2022,4.114,8.257,8.329,8.4,8.5
22-04-2022,4.086,8.26,8.33,8.4,8.5
25-04-2022,4.057,8.263,8.332,8.4,8.5
28-04-2022,4.029,8.267,8.333,8.4,8.5
01-05-2022,4,8.27,8.335,8.4,8.5
04-05-2022,4.2,8.273,8.337,8.4,8.5
07-05-2022,4.65,8.276,8.338,8.4,8.5
11-05-2022,4.586,8.279,8.34,8.4,8.5
15-05-2022,4.521,8.283,8.341,8.4,8.5
19-05-2022,4.457,8.286,8.343,8.4,8.5
23-05-2022,4.393,8.289,8.344,8.4,8.5
27-05-2022,4.329,8.292,8.346,8.4,8.5
31-05-2022,4.264,8.295,8.348,8.4,8.5
04-06-2022,4.2,8.298,8.349,8.4,8.5
08-06-2022,4.65,8.302,8.351,8.4,8.5
14-06-2022,5.15,8.305,8.352,8.4,8.5
20-06-2022,5.079,8.308,8.354,8.4,8.5
27-06-2022,5.007,8.311,8.356,8.4,8.5
03-07-2022,4.936,8.314,8.357,8.4,8.5
10-07-2022,4.864,8.317,8.359,8.4,8.5
16-07-2022,4.793,8.321,8.36,8.4,8.5
23-07-2022,4.721,8.324,8.362,8.4,8.5
29-07-2022,4.65,8.327,8.363,8.4,8.5
05-08-2022,5.15,8.33,8.365,8.4,8.5
11-08-2022,5.65,8.333,8.367,8.4,8.5
17-08-2022,5.579,8.337,8.368,8.4,8.5
23-08-2022,5.507,8.34,8.37,8.4,8.5
29-08-2022,5.436,8.343,8.371,8.4,8.5
05-09-2022,5.364,8.346,8.373,8.4,8.5
11-09-2022,5.293,8.349,8.375,8.4,8.5
17-09-2022,5.221,8.352,8.376,8.4,8.5
23-09-2022,5.15,8.356,8.378,8.4,8.5
30-09-2022,5.65,8.359,8.379,8.4,8.5
07-10-2022,6.075,8.362,8.381,8.4,8.5
15-10-2022,6.014,8.365,8.383,8.4,8.5
22-10-2022,5.954,8.368,8.384,8.4,8.5
30-10-2022,5.893,8.371,8.386,8.4,8.5
06-11-2022,5.832,8.375,8.387,8.4,8.5
14-11-2022,5.771,8.378,8.389,8.4,8.5
21-11-2022,5.711,8.381,8.39,8.4,8.5
29-11-2022,5.65,8.384,8.392,8.4,8.5
07-12-2022,6.075,8.387,8.394,8.4,8.5
14-12-2022,6.375,8.39,8.395,8.4,8.5
21-12-2022,6.332,8.394,8.397,8.4,8.5
28-12-2022,6.289,8.397,8.398,8.4,8.5
04-01-2023,6.246,8.4,8.4,8.4,8.5
11-01-2023,6.204,8.4,8.4,8.411,8.509
18-01-2023,6.161,8.4,8.4,8.422,8.519
25-01-2023,6.118,8.4,8.4,8.433,8.528
01-02-2023,6.075,8.4,8.4,8.444,8.537
08-02-2023,6.375,8.4,8.4,8.456,8.546
14-02-2023,6.5,8.4,8.4,8.467,8.556
20-02-2023,6.482,8.4,8.4,8.478,8.565
27-02-2023,6.464,8.4,8.4,8.489,8.574
05-03-2023,6.446,8.4,8.4,8.5,8.583
11-03-2023,6.429,8.4,8.4,8.511,8.593
18-03-2023,6.411,8.4,8.4,8.522,8.602
24-03-2023,6.393,8.4,8.4,8.533,8.611
30-03-2023,6.375,8.4,8.4,8.544,8.62
06-04-2023,6.5,8.4,8.4,8.556,8.63
13-04-2023,6.5,8.4,8.4,8.567,8.639
20-04-2023,6.5,8.4,8.4,8.578,8.648
27-04-2023,6.5,8.4,8.4,8.589,8.657
04-05-2023,6.5,8.4,8.4,8.6,8.667
11-05-2023,6.5,8.4,8.4,8.611,8.676
18-05-2023,6.5,8.4,8.4,8.622,8.685
25-05-2023,6.5,8.4,8.4,8.633,8.694
01-06-2023,6.5,8.4,8.4,8.644,8.704
08-06-2023,6.5,8.4,8.4,8.656,8.713
15-06-2023,6.5,8.4,8.4,8.667,8.722
22-06-2023,6.5,8.4,8.4,8.678,8.731
29-06-2023,6.5,8.4,8.4,8.689,8.741
06-07-2023,6.5,8.4,8.4,8.7,8.75
13-07-2023,6.5,8.4,8.4,8.711,8.759
20-07-2023,6.5,8.4,8.4,8.722,8.769
27-07-2023,6.5,8.4,8.4,8.733,8.778
03-08-2023,6.5,8.4,8.4,8.744,8.787
10-08-2023,6.5,8.4,8.4,8.756,8.796
16-08-2023,6.5,8.4,8.4,8.767,8.806
22-08-2023,6.5,8.4,8.4,8.778,8.815
29-08-2023,6.5,8.4,8.4,8.789,8.824
04-09-2023,6.5,8.4,8.4,8.8,8.833
10-09-2023,6.5,8.4,8.4,8.811,8.843
17-09-2023,6.5,8.4,8.4,8.822,8.852
23-09-2023,6.5,8.4,8.4,8.833,8.861
29-09-2023,6.5,8.4,8.4,8.844,8.87
06-10-2023,6.5,8.4,8.4,8.856,8.88
13-10-2023,6.5,8.4,8.4,8.867,8.889
20-10-2023,6.5,8.4,8.4,8.878,8.898
27-10-2023,6.5,8.4,8.4,8.889,8.907
03-11-2023,6.5,8.4,8.4,8.9,8.917
10-11-2023,6.5,8.4,8.4,8.911,8.926
17-11-2023,6.5,8.4,8.4,8.922,8.935
24-11-2023,6.5,8.4,8.4,8.933,8.944
01-12-2023,6.5,8.4,8.4,8.944,8.954
08-12-2023,6.5,8.4,8.4,8.956,8.963
14-12-2023,6.5,8.4,8.4,8.967,8.972
21-12-2023,6.5,8.4,8.4,8.978,8.981
28-12-2023,6.5,8.4,8.4,8.989,8.991
04-01-2024,6.5,8.4,8.4,9,9
11-01-2024,6.5,8.41,8.411,9.002,9.003
18-01-2024,6.5,8.42,8.422,9.003,9.007
25-01-2024,6.5,8.431,8.433,9.005,9.01
01-02-2024,6.5,8.441,8.444,9.007,9.014
08-02-2024,6.5,8.451,8.455,9.008,9.017
14-02-2024,6.5,8.461,8.466,9.01,9.02
20-02-2024,6.5,8.471,8.477,9.012,9.024
27-02-2024,6.5,8.481,8.488,9.014,9.027
04-03-2024,6.5,8.492,8.499,9.015,9.031
10-03-2024,6.5,8.502,8.51,9.017,9.034
17-03-2024,6.5,8.512,8.521,9.019,9.037
23-03-2024,6.5,8.522,8.532,9.02,9.041
29-03-2024,6.5,8.532,8.543,9.022,9.044
05-04-2024,6.5,8.542,8.554,9.024,9.047
12-04-2024,6.5,8.553,8.565,9.025,9.051
19-04-2024,6.5,8.563,8.576,9.027,9.054
26-04-2024,6.5,8.573,8.587,9.029,9.058
03-05-2024,6.5,8.583,8.598,9.031,9.061
10-05-2024,6.5,8.593,8.609,9.032,9.064
17-05-2024,6.5,8.603,8.62,9.034,9.068
24-05-2024,6.5,8.614,8.631,9.036,9.071
31-05-2024,6.5,8.624,8.642,9.037,9.075
07-06-2024,6.5,8.634,8.653,9.039,9.078
13-06-2024,6.5,8.644,8.664,9.041,9.081
20-06-2024,6.5,8.654,8.675,9.042,9.085
27-06-2024,6.5,8.664,8.686,9.044,9.088
04-07-2024,6.5,8.675,8.697,9.046,9.092
11-07-2024,6.5,8.685,8.708,9.047,9.095
18-07-2024,6.5,8.695,8.719,9.049,9.098
25-07-2024,6.5,8.705,8.731,9.051,9.102
01-08-2024,6.5,8.715,8.742,9.053,9.105
08-08-2024,6.5,8.725,8.753,9.054,9.108
14-08-2024,6.5,8.736,8.764,9.056,9.112
21-08-2024,6.5,8.746,8.775,9.058,9.115
28-08-2024,6.5,8.756,8.786,9.059,9.119
04-09-2024,6.5,8.766,8.797,9.061,9.122
11-09-2024,6.5,8.776,8.808,9.063,9.125
18-09-2024,6.5,8.786,8.819,9.064,9.129
25-09-2024,6.5,8.797,8.83,9.066,9.132
02-10-2024,6.5,8.807,8.841,9.068,9.136
09-10-2024,6.5,8.817,8.852,9.069,9.139
15-10-2024,6.5,8.827,8.863,9.071,9.142
21-10-2024,6.5,8.837,8.874,9.073,9.146
28-10-2024,6.5,8.847,8.885,9.075,9.149
03-11-2024,6.5,8.858,8.896,9.076,9.153
10-11-2024,6.5,8.868,8.907,9.078,9.156
16-11-2024,6.5,8.878,8.918,9.08,9.159
23-11-2024,6.5,8.888,8.929,9.081,9.163
29-11-2024,6.5,8.898,8.94,9.083,9.166
06-12-2024,6.5,8.908,8.951,9.085,9.169
13-12-2024,6.5,8.919,8.962,9.086,9.173
20-12-2024,6.482,8.929,8.973,9.088,9.176
27-12-2024,6.464,8.939,8.984,9.09,9.18
03-01-2025,6.446,8.949,8.995,9.092,9.183
10-01-2025,6.429,8.959,9.006,9.093,9.186
17-01-2025,6.411,8.969,9.017,9.095,9.19
24-01-2025,6.393,8.98,9.028,9.097,9.193
31-01-2025,6.375,8.99,9.039,9.098,9.197
07-02-2025,6.375,9,9.05,9.1,9.2
