Date,Average,Gdp Per Capita
30-01-2000,8,442.036
01-02-2000,9.6,442.036
03-02-2000,9.371,442.13
05-02-2000,9.143,442.223
07-02-2000,8.914,442.317
10-02-2000,8.686,442.411
12-02-2000,8.457,442.505
14-02-2000,8.229,442.598
16-02-2000,8,442.692
19-02-2000,9.6,442.692
21-02-2000,12,442.692
23-02-2000,11.657,442.786
25-02-2000,11.314,442.879
27-02-2000,10.971,442.973
29-02-2000,10.629,443.067
02-03-2000,10.286,443.161
04-03-2000,9.943,443.254
06-03-2000,9.6,443.348
09-03-2000,12,443.348
14-03-2000,12,443.348
19-03-2000,11.857,443.442
24-03-2000,11.714,443.535
29-03-2000,11.571,443.629
03-04-2000,11.429,443.723
08-04-2000,11.286,443.817
13-04-2000,11.143,443.91
18-04-2000,11,444.004
23-04-2000,11,444.004
25-04-2000,11,444.004
27-04-2000,10.786,444.098
29-04-2000,10.571,444.192
01-05-2000,10.357,444.286
03-05-2000,10.143,444.379
05-05-2000,9.929,444.473
07-05-2000,9.714,444.567
09-05-2000,9.5,444.661
12-05-2000,9.5,444.661
14-05-2000,9.5,444.661
16-05-2000,9.464,444.755
19-05-2000,9.429,444.848
21-05-2000,9.393,444.942
23-05-2000,9.357,445.036
26-05-2000,9.321,445.13
28-05-2000,9.286,445.223
30-05-2000,9.25,445.317
02-06-2000,9.25,445.317
07-06-2000,9.25,445.317
13-06-2000,9.229,445.411
19-06-2000,9.207,445.504
24-06-2000,9.186,445.598
30-06-2000,9.164,445.692
06-07-2000,9.143,445.786
11-07-2000,9.121,445.879
17-07-2000,9.1,445.973
23-07-2000,9.1,445.973
25-07-2000,9.1,445.973
27-07-2000,9.086,446.067
29-07-2000,9.071,446.16
31-07-2000,9.057,446.254
03-08-2000,9.043,446.348
05-08-2000,9.029,446.442
07-08-2000,9.014,446.535
09-08-2000,9,446.629
12-08-2000,9,446.629
15-08-2000,9,446.629
18-08-2000,8.964,446.723
22-08-2000,8.929,446.816
25-08-2000,8.893,446.91
29-08-2000,8.857,447.004
01-09-2000,8.821,447.098
05-09-2000,8.786,447.191
08-09-2000,8.75,447.285
12-09-2000,8.75,447.285
17-09-2000,8.75,447.285
22-09-2000,8.679,447.379
28-09-2000,8.607,447.473
03-10-2000,8.536,447.567
09-10-2000,8.464,447.66
14-10-2000,8.393,447.754
20-10-2000,8.321,447.848
25-10-2000,8.25,447.942
31-10-2000,8.25,447.942
03-11-2000,8.25,447.942
06-11-2000,8.214,448.036
10-11-2000,8.179,448.129
13-11-2000,8.143,448.223
16-11-2000,8.107,448.317
20-11-2000,8.071,448.411
23-11-2000,8.036,448.504
26-11-2000,8,448.598
30-11-2000,8,448.598
02-12-2000,8,448.598
04-12-2000,8,448.692
06-12-2000,8,448.785
08-12-2000,8,448.879
11-12-2000,8,448.973
13-12-2000,8,449.067
15-12-2000,8,449.16
17-12-2000,8,449.254
20-12-2000,8,449.254
24-12-2000,8,449.254
29-12-2000,8,449.348
02-01-2001,8,449.441
07-01-2001,8,449.535
11-01-2001,8,449.629
16-01-2001,8,449.723
20-01-2001,8,449.816
25-01-2001,8,449.91
30-01-2001,8,449.91
01-02-2001,8,449.91
03-02-2001,7.929,450.135
05-02-2001,7.857,450.361
07-02-2001,7.786,450.586
10-02-2001,7.714,450.812
12-02-2001,7.643,451.037
14-02-2001,7.571,451.263
16-02-2001,7.5,451.488
19-02-2001,7.5,451.488
21-02-2001,7.5,451.488
23-02-2001,7.429,451.713
25-02-2001,7.357,451.939
27-02-2001,7.286,452.164
01-03-2001,7.214,452.39
03-03-2001,7.143,452.615
05-03-2001,7.071,452.841
07-03-2001,7,453.066
09-03-2001,7,453.066
14-03-2001,7,453.066
19-03-2001,6.964,453.291
24-03-2001,6.929,453.517
29-03-2001,6.893,453.742
03-04-2001,6.857,453.968
08-04-2001,6.821,454.193
13-04-2001,6.786,454.419
18-04-2001,6.75,454.644
23-04-2001,6.75,454.644
25-04-2001,6.75,454.644
27-04-2001,6.75,454.869
29-04-2001,6.75,455.095
01-05-2001,6.75,455.32
03-05-2001,6.75,455.546
05-05-2001,6.75,455.771
07-05-2001,6.75,455.997
09-05-2001,6.75,456.222
12-05-2001,6.75,456.222
14-05-2001,6.75,456.222
16-05-2001,6.714,456.447
19-05-2001,6.679,456.673
21-05-2001,6.643,456.898
23-05-2001,6.607,457.124
26-05-2001,6.571,457.349
28-05-2001,6.536,457.575
30-05-2001,6.5,457.8
02-06-2001,6.5,457.8
07-06-2001,6.5,457.8
13-06-2001,6.5,458.025
19-06-2001,6.5,458.251
24-06-2001,6.5,458.476
30-06-2001,6.5,458.702
06-07-2001,6.5,458.927
11-07-2001,6.5,459.153
17-07-2001,6.5,459.378
23-07-2001,6.5,459.378
25-07-2001,6.5,459.378
27-07-2001,6.5,459.603
29-07-2001,6.5,459.829
31-07-2001,6.5,460.054
03-08-2001,6.5,460.279
05-08-2001,6.5,460.504
07-08-2001,6.5,460.73
09-08-2001,6.5,460.955
12-08-2001,6.5,460.955
15-08-2001,6.5,460.955
18-08-2001,6.5,461.18
22-08-2001,6.5,461.406
25-08-2001,6.5,461.631
29-08-2001,6.5,461.857
01-09-2001,6.5,462.082
05-09-2001,6.5,462.308
08-09-2001,6.5,462.533
12-09-2001,6.5,462.533
17-09-2001,6.5,462.533
22-09-2001,6.5,462.758
28-09-2001,6.5,462.984
03-10-2001,6.5,463.209
09-10-2001,6.5,463.435
14-10-2001,6.5,463.66
20-10-2001,6.5,463.886
25-10-2001,6.5,464.111
31-10-2001,6.5,464.111
03-11-2001,6.5,464.111
06-11-2001,6.5,464.336
10-11-2001,6.5,464.562
13-11-2001,6.5,464.787
16-11-2001,6.5,465.013
20-11-2001,6.5,465.238
23-11-2001,6.5,465.464
26-11-2001,6.5,465.689
30-11-2001,6.5,465.689
02-12-2001,6.5,465.689
04-12-2001,6.5,465.914
06-12-2001,6.5,466.14
08-12-2001,6.5,466.365
11-12-2001,6.5,466.591
13-12-2001,6.5,466.816
15-12-2001,6.5,467.042
17-12-2001,6.5,467.267
20-12-2001,6.5,467.267
24-12-2001,6.5,467.267
29-12-2001,6.5,467.492
02-01-2002,6.5,467.718
07-01-2002,6.5,467.943
11-01-2002,6.5,468.169
16-01-2002,6.5,468.394
20-01-2002,6.5,468.62
25-01-2002,6.5,468.845
30-01-2002,6.5,468.845
01-02-2002,6.5,468.845
03-02-2002,6.5,469.738
05-02-2002,6.5,470.631
07-02-2002,6.5,471.524
10-02-2002,6.5,472.416
12-02-2002,6.5,473.309
14-02-2002,6.5,474.202
16-02-2002,6.5,475.095
19-02-2002,6.5,475.095
21-02-2002,6.5,475.095
23-02-2002,6.429,475.988
25-02-2002,6.357,476.881
27-02-2002,6.286,477.774
01-03-2002,6.214,478.666
03-03-2002,6.143,479.559
05-03-2002,6.071,480.452
07-03-2002,6,481.345
09-03-2002,6,481.345
14-03-2002,6,481.345
19-03-2002,6,482.238
24-03-2002,6,483.131
29-03-2002,6,484.024
03-04-2002,6,484.916
08-04-2002,6,485.809
13-04-2002,6,486.702
18-04-2002,6,487.595
23-04-2002,6,487.595
25-04-2002,6,487.595
27-04-2002,6,488.488
29-04-2002,6,489.381
01-05-2002,6,490.274
03-05-2002,6,491.166
05-05-2002,6,492.059
07-05-2002,6,492.952
09-05-2002,6,493.845
12-05-2002,6,493.845
14-05-2002,6,493.845
16-05-2002,5.964,494.738
19-05-2002,5.929,495.631
21-05-2002,5.893,496.524
23-05-2002,5.857,497.416
26-05-2002,5.821,498.309
28-05-2002,5.786,499.202
30-05-2002,5.75,500.095
02-06-2002,5.75,500.095
07-06-2002,5.75,500.095
13-06-2002,5.75,500.988
19-06-2002,5.75,501.881
24-06-2002,5.75,502.774
30-06-2002,5.75,503.666
06-07-2002,5.75,504.559
11-07-2002,5.75,505.452
17-07-2002,5.75,506.345
23-07-2002,5.75,506.345
25-07-2002,5.75,506.345
27-07-2002,5.75,507.238
29-07-2002,5.75,508.131
31-07-2002,5.75,509.024
03-08-2002,5.75,509.916
05-08-2002,5.75,510.809
07-08-2002,5.75,511.702
09-08-2002,5.75,512.595
12-08-2002,5.75,512.595
15-08-2002,5.75,512.595
18-08-2002,5.75,513.488
22-08-2002,5.75,514.381
25-08-2002,5.75,515.274
29-08-2002,5.75,516.166
01-09-2002,5.75,517.059
05-09-2002,5.75,517.952
08-09-2002,5.75,518.845
12-09-2002,5.75,518.845
17-09-2002,5.75,518.845
22-09-2002,5.75,519.738
28-09-2002,5.75,520.631
03-10-2002,5.75,521.524
09-10-2002,5.75,522.416
14-10-2002,5.75,523.309
20-10-2002,5.75,524.202
25-10-2002,5.75,525.095
31-10-2002,5.75,525.095
03-11-2002,5.75,525.095
06-11-2002,5.714,525.988
10-11-2002,5.679,526.881
13-11-2002,5.643,527.774
16-11-2002,5.607,528.666
20-11-2002,5.571,529.559
23-11-2002,5.536,530.452
26-11-2002,5.5,531.345
30-11-2002,5.5,531.345
02-12-2002,5.5,531.345
04-12-2002,5.5,532.238
06-12-2002,5.5,533.131
08-12-2002,5.5,534.024
11-12-2002,5.5,534.916
13-12-2002,5.5,535.809
15-12-2002,5.5,536.702
17-12-2002,5.5,537.595
20-12-2002,5.5,537.595
24-12-2002,5.5,537.595
29-12-2002,5.5,538.488
02-01-2003,5.5,539.381
07-01-2003,5.5,540.274
11-01-2003,5.5,541.166
16-01-2003,5.5,542.059
20-01-2003,5.5,542.952
25-01-2003,5.5,543.845
30-01-2003,5.5,543.845
01-02-2003,5.5,543.845
03-02-2003,5.5,544.801
05-02-2003,5.5,545.756
07-02-2003,5.5,546.712
10-02-2003,5.5,547.667
12-02-2003,5.5,548.623
14-02-2003,5.5,549.578
16-02-2003,5.5,550.534
19-02-2003,5.5,550.534
21-02-2003,5.5,550.534
23-02-2003,5.429,551.489
25-02-2003,5.357,552.445
27-02-2003,5.286,553.4
01-03-2003,5.214,554.356
03-03-2003,5.143,555.311
05-03-2003,5.071,556.267
07-03-2003,5,557.222
09-03-2003,5,557.222
14-03-2003,5,557.222
19-03-2003,5,558.178
24-03-2003,5,559.133
29-03-2003,5,560.089
03-04-2003,5,561.044
08-04-2003,5,562
13-04-2003,5,562.955
18-04-2003,5,563.911
23-04-2003,5,563.911
25-04-2003,5,563.911
27-04-2003,5,564.866
29-04-2003,5,565.822
01-05-2003,5,566.777
03-05-2003,5,567.733
05-05-2003,5,568.688
07-05-2003,5,569.644
09-05-2003,5,570.599
12-05-2003,5,570.599
14-05-2003,5,570.599
16-05-2003,5,571.555
19-05-2003,5,572.51
21-05-2003,5,573.466
23-05-2003,5,574.421
26-05-2003,5,575.377
28-05-2003,5,576.332
30-05-2003,5,577.288
02-06-2003,5,577.288
07-06-2003,5,577.288
13-06-2003,5,578.243
19-06-2003,5,579.199
24-06-2003,5,580.154
30-06-2003,5,581.11
06-07-2003,5,582.065
11-07-2003,5,583.021
17-07-2003,5,583.976
23-07-2003,5,583.976
25-07-2003,5,583.976
27-07-2003,4.929,584.932
29-07-2003,4.857,585.887
31-07-2003,4.786,586.843
03-08-2003,4.714,587.798
05-08-2003,4.643,588.754
07-08-2003,4.571,589.709
09-08-2003,4.5,590.665
12-08-2003,4.5,590.665
15-08-2003,4.5,590.665
18-08-2003,4.5,591.621
22-08-2003,4.5,592.576
25-08-2003,4.5,593.532
29-08-2003,4.5,594.487
01-09-2003,4.5,595.443
05-09-2003,4.5,596.398
08-09-2003,4.5,597.354
12-09-2003,4.5,597.354
17-09-2003,4.5,597.354
22-09-2003,4.5,598.309
28-09-2003,4.5,599.265
03-10-2003,4.5,600.22
09-10-2003,4.5,601.176
14-10-2003,4.5,602.131
20-10-2003,4.5,603.087
25-10-2003,4.5,604.042
31-10-2003,4.5,604.042
03-11-2003,4.5,604.042
06-11-2003,4.5,604.998
10-11-2003,4.5,605.953
13-11-2003,4.5,606.909
16-11-2003,4.5,607.864
20-11-2003,4.5,608.82
23-11-2003,4.5,609.775
26-11-2003,4.5,610.731
30-11-2003,4.5,610.731
02-12-2003,4.5,610.731
04-12-2003,4.5,611.686
06-12-2003,4.5,612.642
08-12-2003,4.5,613.597
11-12-2003,4.5,614.553
13-12-2003,4.5,615.508
15-12-2003,4.5,616.464
17-12-2003,4.5,617.419
20-12-2003,4.5,617.419
24-12-2003,4.5,617.419
29-12-2003,4.5,618.375
02-01-2004,4.5,619.33
07-01-2004,4.5,620.286
11-01-2004,4.5,621.241
16-01-2004,4.5,622.197
20-01-2004,4.5,623.152
25-01-2004,4.5,624.108
30-01-2004,4.5,624.108
01-02-2004,4.5,624.108
03-02-2004,4.5,625.137
05-02-2004,4.5,626.165
07-02-2004,4.5,627.194
10-02-2004,4.5,628.222
12-02-2004,4.5,629.251
14-02-2004,4.5,630.279
16-02-2004,4.5,631.308
19-02-2004,4.5,631.308
21-02-2004,4.5,631.308
23-02-2004,4.5,632.337
25-02-2004,4.5,633.365
27-02-2004,4.5,634.394
29-02-2004,4.5,635.423
02-03-2004,4.5,636.452
04-03-2004,4.5,637.48
06-03-2004,4.5,638.509
09-03-2004,4.5,638.509
14-03-2004,4.5,638.509
19-03-2004,4.5,639.538
24-03-2004,4.5,640.566
29-03-2004,4.5,641.595
03-04-2004,4.5,642.623
08-04-2004,4.5,643.652
13-04-2004,4.5,644.68
18-04-2004,4.5,645.709
23-04-2004,4.5,645.709
25-04-2004,4.5,645.709
27-04-2004,4.5,646.738
29-04-2004,4.5,647.766
01-05-2004,4.5,648.795
03-05-2004,4.5,649.823
05-05-2004,4.5,650.852
07-05-2004,4.5,651.88
09-05-2004,4.5,652.909
12-05-2004,4.5,652.909
14-05-2004,4.5,652.909
16-05-2004,4.5,653.938
19-05-2004,4.5,654.966
21-05-2004,4.5,655.995
23-05-2004,4.5,657.024
26-05-2004,4.5,658.053
28-05-2004,4.5,659.081
30-05-2004,4.5,660.11
02-06-2004,4.5,660.11
07-06-2004,4.5,660.11
13-06-2004,4.5,661.139
19-06-2004,4.5,662.167
24-06-2004,4.5,663.196
30-06-2004,4.5,664.224
06-07-2004,4.5,665.253
11-07-2004,4.5,666.281
17-07-2004,4.5,667.31
23-07-2004,4.5,667.31
25-07-2004,4.5,667.31
27-07-2004,4.5,668.339
29-07-2004,4.5,669.367
31-07-2004,4.5,670.396
03-08-2004,4.5,671.424
05-08-2004,4.5,672.453
07-08-2004,4.5,673.481
09-08-2004,4.5,674.51
12-08-2004,4.5,674.51
15-08-2004,4.5,674.51
18-08-2004,4.5,675.539
22-08-2004,4.5,676.567
25-08-2004,4.5,677.596
29-08-2004,4.5,678.625
01-09-2004,4.5,679.654
05-09-2004,4.5,680.682
08-09-2004,4.5,681.711
12-09-2004,4.5,681.711
17-09-2004,4.75,681.711
22-09-2004,4.714,682.74
28-09-2004,4.679,683.768
03-10-2004,4.643,684.797
09-10-2004,4.607,685.825
14-10-2004,4.571,686.854
20-10-2004,4.536,687.882
25-10-2004,4.5,688.911
31-10-2004,4.75,688.911
03-11-2004,6,688.911
06-11-2004,5.821,689.94
10-11-2004,5.643,690.968
13-11-2004,5.464,691.997
16-11-2004,5.286,693.025
20-11-2004,5.107,694.054
23-11-2004,4.929,695.082
26-11-2004,4.75,696.111
30-11-2004,6,696.111
02-12-2004,6,696.111
04-12-2004,6,697.14
06-12-2004,6,698.168
08-12-2004,6,699.197
11-12-2004,6,700.226
13-12-2004,6,701.255
15-12-2004,6,702.283
17-12-2004,6,703.312
20-12-2004,6,703.312
24-12-2004,6,703.312
29-12-2004,6,704.341
02-01-2005,6,705.369
07-01-2005,6,706.398
11-01-2005,6,707.426
16-01-2005,6,708.455
20-01-2005,6,709.483
25-01-2005,6,710.512
30-01-2005,6,710.512
01-02-2005,6,710.512
03-02-2005,6,711.601
05-02-2005,6,712.691
07-02-2005,6,713.78
10-02-2005,6,714.869
12-02-2005,6,715.958
14-02-2005,6,717.048
16-02-2005,6,718.137
19-02-2005,6,718.137
21-02-2005,6,718.137
23-02-2005,6,719.226
25-02-2005,6,720.316
27-02-2005,6,721.405
01-03-2005,6,722.494
03-03-2005,6,723.583
05-03-2005,6,724.673
07-03-2005,6,725.762
09-03-2005,6,725.762
14-03-2005,6,725.762
19-03-2005,6,726.851
24-03-2005,6,727.941
29-03-2005,6,729.03
03-04-2005,6,730.119
08-04-2005,6,731.208
13-04-2005,6,732.298
18-04-2005,6,733.387
23-04-2005,6,733.387
25-04-2005,6,733.387
27-04-2005,6,734.476
29-04-2005,6,735.566
01-05-2005,6,736.655
03-05-2005,6,737.745
05-05-2005,6,738.834
07-05-2005,6,739.924
09-05-2005,6,741.013
12-05-2005,6,741.013
14-05-2005,6,741.013
16-05-2005,6,742.102
19-05-2005,6,743.192
21-05-2005,6,744.281
23-05-2005,6,745.37
26-05-2005,6,746.459
28-05-2005,6,747.549
30-05-2005,6,748.638
02-06-2005,6,748.638
07-06-2005,6,748.638
13-06-2005,6,749.727
19-06-2005,6,750.817
24-06-2005,6,751.906
30-06-2005,6,752.995
06-07-2005,6,754.084
11-07-2005,6,755.174
17-07-2005,6,756.263
23-07-2005,6,756.263
25-07-2005,6,756.263
27-07-2005,6,757.352
29-07-2005,6,758.442
31-07-2005,6,759.531
03-08-2005,6,760.62
05-08-2005,6,761.709
07-08-2005,6,762.799
09-08-2005,6,763.888
12-08-2005,6,763.888
15-08-2005,6,763.888
18-08-2005,6,764.977
22-08-2005,6,766.067
25-08-2005,6,767.156
29-08-2005,6,768.245
01-09-2005,6,769.334
05-09-2005,6,770.424
08-09-2005,6,771.513
12-09-2005,6,771.513
17-09-2005,6,771.513
22-09-2005,6,772.602
28-09-2005,6,773.692
03-10-2005,6,774.781
09-10-2005,6,775.87
14-10-2005,6,776.959
20-10-2005,6,778.049
25-10-2005,6,779.138
31-10-2005,6,779.138
03-11-2005,6.23,779.138
06-11-2005,6.197,780.227
10-11-2005,6.164,781.317
13-11-2005,6.131,782.406
16-11-2005,6.099,783.496
20-11-2005,6.066,784.585
23-11-2005,6.033,785.675
26-11-2005,6,786.764
30-11-2005,6.23,786.764
02-12-2005,6.25,786.764
04-12-2005,6.247,787.853
06-12-2005,6.244,788.943
08-12-2005,6.241,790.032
11-12-2005,6.239,791.121
13-12-2005,6.236,792.21
15-12-2005,6.233,793.3
17-12-2005,6.23,794.389
20-12-2005,6.25,794.389
24-12-2005,6.5,794.389
29-12-2005,6.464,795.478
02-01-2006,6.429,796.568
07-01-2006,6.393,797.657
11-01-2006,6.357,798.746
16-01-2006,6.321,799.835
20-01-2006,6.286,800.925
25-01-2006,6.25,802.014
30-01-2006,6.5,802.014
01-02-2006,6.5,802.014
03-02-2006,6.5,804.642
05-02-2006,6.5,807.269
07-02-2006,6.5,809.897
10-02-2006,6.5,812.524
12-02-2006,6.5,815.152
14-02-2006,6.5,817.779
16-02-2006,6.5,820.407
19-02-2006,6.5,820.407
21-02-2006,6.5,820.407
23-02-2006,6.5,823.035
25-02-2006,6.5,825.662
27-02-2006,6.5,828.29
01-03-2006,6.5,830.917
03-03-2006,6.5,833.545
05-03-2006,6.5,836.172
07-03-2006,6.5,838.8
09-03-2006,6.5,838.8
14-03-2006,6.5,838.8
19-03-2006,6.5,841.428
24-03-2006,6.5,844.055
29-03-2006,6.5,846.683
03-04-2006,6.5,849.311
08-04-2006,6.5,851.939
13-04-2006,6.5,854.566
18-04-2006,6.5,857.194
23-04-2006,6.5,857.194
25-04-2006,6.5,857.194
27-04-2006,6.5,859.822
29-04-2006,6.5,862.449
01-05-2006,6.5,865.077
03-05-2006,6.5,867.704
05-05-2006,6.5,870.332
07-05-2006,6.5,872.959
09-05-2006,6.5,875.587
12-05-2006,6.5,875.587
14-05-2006,6.75,875.587
16-05-2006,6.714,878.215
19-05-2006,6.679,880.842
21-05-2006,6.643,883.47
23-05-2006,6.607,886.097
26-05-2006,6.571,888.725
28-05-2006,6.536,891.352
30-05-2006,6.5,893.98
02-06-2006,6.75,893.98
07-06-2006,7,893.98
13-06-2006,6.964,896.608
19-06-2006,6.929,899.235
24-06-2006,6.893,901.863
30-06-2006,6.857,904.49
06-07-2006,6.821,907.118
11-07-2006,6.786,909.745
17-07-2006,6.75,912.373
23-07-2006,7,912.373
25-07-2006,7,912.373
27-07-2006,7,915.001
29-07-2006,7,917.628
31-07-2006,7,920.256
03-08-2006,7,922.883
05-08-2006,7,925.511
07-08-2006,7,928.138
09-08-2006,7,930.766
12-08-2006,7,930.766
15-08-2006,7,930.766
18-08-2006,7,933.394
22-08-2006,7,936.021
25-08-2006,7,938.649
29-08-2006,7,941.276
01-09-2006,7,943.904
05-09-2006,7,946.531
08-09-2006,7,949.159
12-09-2006,7,949.159
17-09-2006,7,949.159
22-09-2006,7,951.787
28-09-2006,7,954.414
03-10-2006,7,957.042
09-10-2006,7,959.669
14-10-2006,7,962.297
20-10-2006,7,964.924
25-10-2006,7,967.552
31-10-2006,7,967.552
03-11-2006,7,967.552
06-11-2006,7,970.18
10-11-2006,7,972.807
13-11-2006,7,975.435
16-11-2006,7,978.063
20-11-2006,7,980.691
23-11-2006,7,983.318
26-11-2006,7,985.946
30-11-2006,7,985.946
02-12-2006,7,985.946
04-12-2006,7,988.574
06-12-2006,7,991.201
08-12-2006,7,993.829
11-12-2006,7,996.456
13-12-2006,7,999.084
15-12-2006,7,1001.711
17-12-2006,7,1004.339
20-12-2006,7,1004.339
24-12-2006,7,1004.339
29-12-2006,7,1006.967
02-01-2007,7,1009.594
07-01-2007,7,1012.222
11-01-2007,7,1014.849
16-01-2007,7,1017.477
20-01-2007,7,1020.104
25-01-2007,7,1022.732
30-01-2007,7,1022.732
01-02-2007,7,1020.296
03-02-2007,7,1020.644
05-02-2007,7,1020.992
07-02-2007,7,1021.34
10-02-2007,7,1021.688
12-02-2007,7,1022.036
14-02-2007,7,1022.384
16-02-2007,7,1022.732
19-02-2007,7,1020.296
21-02-2007,7,1017.86
23-02-2007,7,1018.208
25-02-2007,7,1018.556
27-02-2007,7,1018.904
01-03-2007,7,1019.252
03-03-2007,7,1019.6
05-03-2007,7,1019.948
07-03-2007,7,1020.296
09-03-2007,7,1017.86
14-03-2007,7,1015.425
19-03-2007,7,1015.773
24-03-2007,7,1016.121
29-03-2007,7,1016.469
03-04-2007,7,1016.816
08-04-2007,7,1017.164
13-04-2007,7,1017.512
18-04-2007,7,1017.86
23-04-2007,7,1015.425
25-04-2007,7,1012.989
27-04-2007,7,1013.337
29-04-2007,7,1013.685
01-05-2007,7,1014.033
03-05-2007,7,1014.381
05-05-2007,7,1014.729
07-05-2007,7,1015.077
09-05-2007,7,1015.425
12-05-2007,7,1012.989
14-05-2007,7,1010.553
16-05-2007,7,1010.901
19-05-2007,7,1011.249
21-05-2007,7,1011.597
23-05-2007,7,1011.945
26-05-2007,7,1012.293
28-05-2007,7,1012.641
30-05-2007,7,1012.989
02-06-2007,7,1010.553
07-06-2007,7,1008.118
13-06-2007,7,1008.466
19-06-2007,7,1008.814
24-06-2007,7,1009.162
30-06-2007,7,1009.509
06-07-2007,7,1009.857
11-07-2007,7,1010.205
17-07-2007,7,1010.553
23-07-2007,7,1008.118
25-07-2007,7,1005.682
27-07-2007,7,1006.03
29-07-2007,7,1006.378
31-07-2007,7,1006.726
03-08-2007,7,1007.074
05-08-2007,7,1007.422
07-08-2007,7,1007.77
09-08-2007,7,1008.118
12-08-2007,7,1005.682
15-08-2007,7,1003.246
18-08-2007,7,1003.594
22-08-2007,7,1003.942
25-08-2007,7,1004.29
29-08-2007,7,1004.638
01-09-2007,7,1004.986
05-09-2007,7,1005.334
08-09-2007,7,1005.682
12-09-2007,7,1003.246
17-09-2007,7,1000.81
22-09-2007,7,1001.158
28-09-2007,7,1001.506
03-10-2007,7,1001.854
09-10-2007,7,1002.202
14-10-2007,7,1002.55
20-10-2007,7,1002.898
25-10-2007,7,1003.246
31-10-2007,7,1000.81
03-11-2007,7,998.374
06-11-2007,7,998.722
10-11-2007,7,999.07
13-11-2007,7,999.418
16-11-2007,7,999.766
20-11-2007,7,1000.114
23-11-2007,7,1000.462
26-11-2007,7,1000.81
30-11-2007,7,998.374
02-12-2007,7,995.939
04-12-2007,7,996.287
06-12-2007,7,996.635
08-12-2007,7,996.983
11-12-2007,7,997.33
13-12-2007,7,997.678
15-12-2007,7,998.026
17-12-2007,7,998.374
20-12-2007,7,995.939
24-12-2007,7,993.503
29-12-2007,7,993.851
02-01-2008,7,994.199
07-01-2008,7,994.547
11-01-2008,7,994.895
16-01-2008,7,995.243
20-01-2008,7,995.591
25-01-2008,7,995.939
30-01-2008,7,993.503
01-02-2008,7,993.503
03-02-2008,7,994.731
05-02-2008,7,995.959
07-02-2008,7,997.187
10-02-2008,7,998.414
12-02-2008,7,999.642
14-02-2008,7,1000.87
16-02-2008,7,1002.098
19-02-2008,7,1002.098
21-02-2008,7,1002.098
23-02-2008,7,1003.326
25-02-2008,7,1004.553
27-02-2008,7,1005.781
29-02-2008,7,1007.009
02-03-2008,7,1008.237
04-03-2008,7,1009.464
06-03-2008,7,1010.692
09-03-2008,7,1010.692
14-03-2008,7,1010.692
19-03-2008,7,1011.92
24-03-2008,7,1013.147
29-03-2008,7,1014.375
03-04-2008,7,1015.603
08-04-2008,7,1016.831
13-04-2008,7,1018.058
18-04-2008,7,1019.286
23-04-2008,7,1019.286
25-04-2008,7,1019.286
27-04-2008,7,1020.514
29-04-2008,7,1021.742
01-05-2008,7,1022.97
03-05-2008,7,1024.197
05-05-2008,7,1025.425
07-05-2008,7,1026.653
09-05-2008,7,1027.881
12-05-2008,7,1027.881
14-05-2008,7,1027.881
16-05-2008,7,1029.109
19-05-2008,7,1030.337
21-05-2008,7,1031.565
23-05-2008,7,1032.792
26-05-2008,7,1034.02
28-05-2008,7,1035.248
30-05-2008,7,1036.476
02-06-2008,7,1036.476
07-06-2008,7,1036.476
13-06-2008,7,1037.704
19-06-2008,7,1038.931
24-06-2008,7,1040.159
30-06-2008,7,1041.387
06-07-2008,7,1042.615
11-07-2008,7,1043.842
17-07-2008,7,1045.07
23-07-2008,7,1045.07
25-07-2008,7,1045.07
27-07-2008,7,1046.298
29-07-2008,7,1047.525
31-07-2008,7,1048.753
03-08-2008,7,1049.981
05-08-2008,7,1051.209
07-08-2008,7,1052.436
09-08-2008,7,1053.664
12-08-2008,7,1053.664
15-08-2008,7,1053.664
18-08-2008,7,1054.892
22-08-2008,7,1056.12
25-08-2008,7,1057.348
29-08-2008,7,1058.575
01-09-2008,7,1059.803
05-09-2008,7,1061.031
08-09-2008,7,1062.259
12-09-2008,7,1062.259
17-09-2008,7,1062.259
22-09-2008,7,1063.487
28-09-2008,7,1064.715
03-10-2008,7,1065.943
09-10-2008,7,1067.17
14-10-2008,7,1068.398
20-10-2008,7,1069.626
25-10-2008,7,1070.854
31-10-2008,7,1070.854
03-11-2008,7,1070.854
06-11-2008,7,1072.082
10-11-2008,7,1073.309
13-11-2008,7,1074.537
16-11-2008,7,1075.765
20-11-2008,7,1076.993
23-11-2008,7,1078.22
26-11-2008,7,1079.448
30-11-2008,7,1079.448
02-12-2008,7,1079.448
04-12-2008,6.857,1080.676
06-12-2008,6.714,1081.903
08-12-2008,6.571,1083.131
11-12-2008,6.429,1084.359
13-12-2008,6.286,1085.587
15-12-2008,6.143,1086.814
17-12-2008,6,1088.042
20-12-2008,6,1088.042
24-12-2008,6,1088.042
29-12-2008,5.857,1089.27
02-01-2009,5.714,1090.498
07-01-2009,5.571,1091.726
11-01-2009,5.429,1092.953
16-01-2009,5.286,1094.181
20-01-2009,5.143,1095.409
25-01-2009,5,1096.637
30-01-2009,5,1096.637
01-02-2009,5,1096.637
03-02-2009,5,1099.661
05-02-2009,5,1102.684
07-02-2009,5,1105.708
10-02-2009,5,1108.732
12-02-2009,5,1111.756
14-02-2009,5,1114.779
16-02-2009,5,1117.803
19-02-2009,5,1117.803
21-02-2009,5,1117.803
23-02-2009,5,1120.827
25-02-2009,5,1123.851
27-02-2009,5,1126.875
01-03-2009,5,1129.898
03-03-2009,5,1132.922
05-03-2009,5,1135.946
07-03-2009,5,1138.97
09-03-2009,5,1138.97
14-03-2009,5,1138.97
19-03-2009,4.893,1141.994
24-03-2009,4.786,1145.017
29-03-2009,4.679,1148.041
03-04-2009,4.571,1151.065
08-04-2009,4.464,1154.089
13-04-2009,4.357,1157.112
18-04-2009,4.25,1160.136
23-04-2009,4.25,1160.136
25-04-2009,4.25,1160.136
27-04-2009,4.25,1163.16
29-04-2009,4.25,1166.184
01-05-2009,4.25,1169.208
03-05-2009,4.25,1172.231
05-05-2009,4.25,1175.255
07-05-2009,4.25,1178.279
09-05-2009,4.25,1181.303
12-05-2009,4.25,1181.303
14-05-2009,4.25,1181.303
16-05-2009,4.25,1184.327
19-05-2009,4.25,1187.35
21-05-2009,4.25,1190.374
23-05-2009,4.25,1193.398
26-05-2009,4.25,1196.422
28-05-2009,4.25,1199.445
30-05-2009,4.25,1202.469
02-06-2009,4.25,1202.469
07-06-2009,4.25,1202.469
13-06-2009,4.25,1205.493
19-06-2009,4.25,1208.516
24-06-2009,4.25,1211.54
30-06-2009,4.25,1214.564
06-07-2009,4.25,1217.588
11-07-2009,4.25,1220.611
17-07-2009,4.25,1223.635
23-07-2009,4.25,1223.635
25-07-2009,4.25,1223.635
27-07-2009,4.25,1226.659
29-07-2009,4.25,1229.683
31-07-2009,4.25,1232.707
03-08-2009,4.25,1235.73
05-08-2009,4.25,1238.754
07-08-2009,4.25,1241.778
09-08-2009,4.25,1244.802
12-08-2009,4.25,1244.802
15-08-2009,4.25,1244.802
18-08-2009,4.25,1247.826
22-08-2009,4.25,1250.849
25-08-2009,4.25,1253.873
29-08-2009,4.25,1256.897
01-09-2009,4.25,1259.921
05-09-2009,4.25,1262.944
08-09-2009,4.25,1265.968
12-09-2009,4.25,1265.968
17-09-2009,4.25,1265.968
22-09-2009,4.25,1268.992
28-09-2009,4.25,1272.016
03-10-2009,4.25,1275.04
09-10-2009,4.25,1278.063
14-10-2009,4.25,1281.087
20-10-2009,4.25,1284.111
25-10-2009,4.25,1287.135
31-10-2009,4.25,1287.135
03-11-2009,4.25,1287.135
06-11-2009,4.25,1290.159
10-11-2009,4.25,1293.182
13-11-2009,4.25,1296.206
16-11-2009,4.25,1299.23
20-11-2009,4.25,1302.254
23-11-2009,4.25,1305.277
26-11-2009,4.25,1308.301
30-11-2009,4.25,1308.301
02-12-2009,4.25,1308.301
04-12-2009,4.25,1311.325
06-12-2009,4.25,1314.349
08-12-2009,4.25,1317.373
11-12-2009,4.25,1320.396
13-12-2009,4.25,1323.42
15-12-2009,4.25,1326.444
17-12-2009,4.25,1329.468
20-12-2009,4.25,1329.468
24-12-2009,4.25,1329.468
29-12-2009,4.25,1332.492
02-01-2010,4.25,1335.515
07-01-2010,4.25,1338.539
11-01-2010,4.25,1341.563
16-01-2010,4.25,1344.587
20-01-2010,4.25,1347.61
25-01-2010,4.25,1350.634
30-01-2010,4.25,1350.634
01-02-2010,4.25,1350.634
03-02-2010,4.25,1351.812
05-02-2010,4.25,1352.991
07-02-2010,4.25,1354.169
10-02-2010,4.25,1355.347
12-02-2010,4.25,1356.525
14-02-2010,4.25,1357.704
16-02-2010,4.25,1358.882
19-02-2010,4.25,1358.882
21-02-2010,4.25,1358.882
23-02-2010,4.25,1360.06
25-02-2010,4.25,1361.238
27-02-2010,4.25,1362.416
01-03-2010,4.25,1363.595
03-03-2010,4.25,1364.773
05-03-2010,4.25,1365.951
07-03-2010,4.25,1367.129
10-03-2010,4.25,1367.129
14-03-2010,4.75,1367.129
19-03-2010,4.679,1368.307
24-03-2010,4.607,1369.485
29-03-2010,4.536,1370.663
03-04-2010,4.464,1371.842
08-04-2010,4.393,1373.02
13-04-2010,4.321,1374.198
18-04-2010,4.25,1375.376
23-04-2010,4.75,1375.376
25-04-2010,4.75,1375.376
27-04-2010,4.75,1376.554
29-04-2010,4.75,1377.733
01-05-2010,4.75,1378.911
03-05-2010,4.75,1380.089
05-05-2010,4.75,1381.267
07-05-2010,4.75,1382.446
09-05-2010,4.75,1383.624
12-05-2010,4.75,1383.624
14-05-2010,5,1383.624
16-05-2010,4.964,1384.802
19-05-2010,4.929,1385.981
21-05-2010,4.893,1387.159
23-05-2010,4.857,1388.337
26-05-2010,4.821,1389.515
28-05-2010,4.786,1390.694
30-05-2010,4.75,1391.872
02-06-2010,5,1391.872
07-06-2010,5.5,1391.872
13-06-2010,5.429,1393.05
19-06-2010,5.357,1394.228
24-06-2010,5.286,1395.406
30-06-2010,5.214,1396.585
06-07-2010,5.143,1397.763
11-07-2010,5.071,1398.941
17-07-2010,5,1400.119
23-07-2010,5.5,1400.119
25-07-2010,5.5,1400.119
27-07-2010,5.5,1401.297
29-07-2010,5.5,1402.475
31-07-2010,5.5,1403.653
03-08-2010,5.5,1404.832
05-08-2010,5.5,1406.01
07-08-2010,5.5,1407.188
09-08-2010,5.5,1408.366
12-08-2010,5.5,1408.366
15-08-2010,6,1408.366
18-08-2010,5.929,1409.544
22-08-2010,5.857,1410.723
25-08-2010,5.786,1411.901
29-08-2010,5.714,1413.079
01-09-2010,5.643,1414.257
05-09-2010,5.571,1415.436
08-09-2010,5.5,1416.614
12-09-2010,6,1416.614
17-09-2010,6,1416.614
22-09-2010,6,1417.792
28-09-2010,6,1418.971
03-10-2010,6,1420.149
09-10-2010,6,1421.327
14-10-2010,6,1422.505
20-10-2010,6,1423.684
25-10-2010,6,1424.862
31-10-2010,6,1424.862
03-11-2010,6.25,1424.862
06-11-2010,6.214,1426.04
10-11-2010,6.179,1427.218
13-11-2010,6.143,1428.396
16-11-2010,6.107,1429.575
20-11-2010,6.071,1430.753
23-11-2010,6.036,1431.931
26-11-2010,6,1433.109
30-11-2010,6.25,1433.109
02-12-2010,6.25,1433.109
04-12-2010,6.25,1434.287
06-12-2010,6.25,1435.465
08-12-2010,6.25,1436.643
11-12-2010,6.25,1437.822
13-12-2010,6.25,1439
15-12-2010,6.25,1440.178
17-12-2010,6.25,1441.356
20-12-2010,6.25,1441.356
23-12-2010,6.5,1441.356
27-12-2010,6.464,1442.534
31-12-2010,6.429,1443.713
04-01-2011,6.393,1444.891
07-01-2011,6.357,1446.069
11-01-2011,6.321,1447.247
15-01-2011,6.286,1448.426
19-01-2011,6.25,1449.604
23-01-2011,6.5,1449.604
25-01-2011,6.5,1448.305
27-01-2011,6.5,1448.491
29-01-2011,6.5,1448.676
31-01-2011,6.5,1448.862
03-02-2011,6.5,1449.047
05-02-2011,6.5,1449.233
07-02-2011,6.5,1449.418
09-02-2011,6.5,1449.604
12-02-2011,6.5,1448.305
15-02-2011,6.75,1447.006
18-02-2011,6.714,1447.192
21-02-2011,6.679,1447.377
24-02-2011,6.643,1447.563
27-02-2011,6.607,1447.748
02-03-2011,6.571,1447.934
05-03-2011,6.536,1448.119
08-03-2011,6.5,1448.305
12-03-2011,6.75,1447.006
16-03-2011,6.75,1445.708
20-03-2011,6.75,1445.893
25-03-2011,6.75,1446.079
29-03-2011,6.75,1446.264
02-04-2011,6.75,1446.45
07-04-2011,6.75,1446.635
11-04-2011,6.75,1446.821
15-04-2011,6.75,1447.006
20-04-2011,6.75,1445.708
22-04-2011,7.25,1444.409
24-04-2011,7.179,1444.595
27-04-2011,7.107,1444.78
29-04-2011,7.036,1444.966
02-05-2011,6.964,1445.151
04-05-2011,6.893,1445.337
07-05-2011,6.821,1445.522
09-05-2011,6.75,1445.708
12-05-2011,7.25,1444.409
15-05-2011,7.5,1443.11
19-05-2011,7.464,1443.296
23-05-2011,7.429,1443.481
27-05-2011,7.393,1443.667
31-05-2011,7.357,1443.852
04-06-2011,7.321,1444.038
08-06-2011,7.286,1444.223
12-06-2011,7.25,1444.409
16-06-2011,7.5,1443.11
20-06-2011,8,1441.811
24-06-2011,7.929,1441.997
29-06-2011,7.857,1442.182
03-07-2011,7.786,1442.368
08-07-2011,7.714,1442.553
12-07-2011,7.643,1442.739
17-07-2011,7.571,1442.924
21-07-2011,7.5,1443.11
26-07-2011,8,1441.811
30-07-2011,8,1440.512
03-08-2011,8,1440.698
07-08-2011,8,1440.883
11-08-2011,8,1441.069
15-08-2011,8,1441.254
19-08-2011,8,1441.44
23-08-2011,8,1441.625
27-08-2011,8,1441.811
31-08-2011,8,1440.512
01-09-2011,8.25,1439.213
03-09-2011,8.214,1439.399
05-09-2011,8.179,1439.584
07-09-2011,8.143,1439.77
08-09-2011,8.107,1439.955
10-09-2011,8.071,1440.141
12-09-2011,8.036,1440.326
14-09-2011,8,1440.512
16-09-2011,8.25,1439.213
20-09-2011,8.5,1437.914
25-09-2011,8.464,1438.1
30-09-2011,8.429,1438.285
04-10-2011,8.393,1438.471
09-10-2011,8.357,1438.656
14-10-2011,8.321,1438.842
18-10-2011,8.286,1439.027
23-10-2011,8.25,1439.213
28-10-2011,8.5,1437.914
31-10-2011,8.5,1436.616
04-11-2011,8.5,1436.801
08-11-2011,8.5,1436.987
11-11-2011,8.5,1437.172
15-11-2011,8.5,1437.358
19-11-2011,8.5,1437.543
22-11-2011,8.5,1437.729
26-11-2011,8.5,1437.914
30-11-2011,8.5,1436.616
01-12-2011,8.5,1435.317
03-12-2011,8.5,1435.503
05-12-2011,8.5,1435.688
07-12-2011,8.5,1435.874
08-12-2011,8.5,1436.059
10-12-2011,8.5,1436.245
12-12-2011,8.5,1436.43
14-12-2011,8.5,1436.616
16-12-2011,8.5,1435.317
20-12-2011,8.5,1434.018
24-12-2011,8.5,1434.204
29-12-2011,8.5,1434.389
02-01-2012,8.5,1434.575
06-01-2012,8.5,1434.76
11-01-2012,8.5,1434.946
15-01-2012,8.5,1435.131
19-01-2012,8.5,1435.317
24-01-2012,8.5,1434.018
26-01-2012,8.5,1434.018
29-01-2012,8.5,1434.066
01-02-2012,8.5,1434.114
04-02-2012,8.5,1434.162
07-02-2012,8.5,1434.211
10-02-2012,8.5,1434.259
13-02-2012,8.5,1434.307
16-02-2012,8.5,1434.355
19-02-2012,8.5,1434.355
21-02-2012,8.5,1434.355
24-02-2012,8.5,1434.403
27-02-2012,8.5,1434.451
01-03-2012,8.5,1434.499
03-03-2012,8.5,1434.547
06-03-2012,8.5,1434.595
09-03-2012,8.5,1434.643
12-03-2012,8.5,1434.691
15-03-2012,8.5,1434.691
18-03-2012,8.5,1434.691
22-03-2012,8.429,1434.739
26-03-2012,8.357,1434.787
29-03-2012,8.286,1434.835
02-04-2012,8.214,1434.884
06-04-2012,8.143,1434.932
09-04-2012,8.071,1434.98
13-04-2012,8,1435.028
17-04-2012,8,1435.028
21-04-2012,8,1435.028
26-04-2012,8,1435.076
01-05-2012,8,1435.124
06-05-2012,8,1435.172
11-05-2012,8,1435.22
16-05-2012,8,1435.268
21-05-2012,8,1435.316
26-05-2012,8,1435.364
31-05-2012,8,1435.364
02-06-2012,8,1435.364
04-06-2012,8,1435.412
06-06-2012,8,1435.46
08-06-2012,8,1435.508
10-06-2012,8,1435.557
12-06-2012,8,1435.605
14-06-2012,8,1435.653
16-06-2012,8,1435.701
18-06-2012,8,1435.701
22-06-2012,8,1435.701
27-06-2012,8,1435.749
02-07-2012,8,1435.797
07-07-2012,8,1435.845
11-07-2012,8,1435.894
16-07-2012,8,1435.942
21-07-2012,8,1435.99
26-07-2012,8,1436.038
31-07-2012,8,1436.038
03-08-2012,8,1436.038
06-08-2012,8,1436.086
10-08-2012,8,1436.134
13-08-2012,8,1436.182
17-08-2012,8,1436.23
20-08-2012,8,1436.278
24-08-2012,8,1436.326
27-08-2012,8,1436.374
31-08-2012,8,1436.374
01-09-2012,8,1436.374
03-09-2012,8,1436.422
05-09-2012,8,1436.47
07-09-2012,8,1436.518
09-09-2012,8,1436.567
11-09-2012,8,1436.615
13-09-2012,8,1436.663
15-09-2012,8,1436.711
17-09-2012,8,1436.711
21-09-2012,8,1436.711
26-09-2012,8,1436.759
01-10-2012,8,1436.807
06-10-2012,8,1436.855
10-10-2012,8,1436.903
15-10-2012,8,1436.951
20-10-2012,8,1436.999
25-10-2012,8,1437.047
30-10-2012,8,1437.047
02-11-2012,8,1437.047
05-11-2012,8,1437.095
09-11-2012,8,1437.143
12-11-2012,8,1437.191
16-11-2012,8,1437.24
19-11-2012,8,1437.288
23-11-2012,8,1437.336
26-11-2012,8,1437.384
30-11-2012,8,1437.384
02-12-2012,8,1437.384
04-12-2012,8,1437.432
06-12-2012,8,1437.48
08-12-2012,8,1437.528
10-12-2012,8,1437.576
12-12-2012,8,1437.624
14-12-2012,8,1437.672
16-12-2012,8,1437.72
18-12-2012,8,1437.72
22-12-2012,8,1437.72
27-12-2012,7.964,1437.768
01-01-2013,7.929,1437.816
05-01-2013,7.893,1437.864
10-01-2013,7.857,1437.913
15-01-2013,7.821,1437.961
19-01-2013,7.786,1438.009
24-01-2013,7.75,1438.057
29-01-2013,7.75,1438.057
03-02-2013,7.75,1438.057
08-02-2013,7.732,1440.232
14-02-2013,7.714,1442.407
19-02-2013,7.696,1444.582
25-02-2013,7.679,1446.758
02-03-2013,7.661,1448.933
08-03-2013,7.643,1451.108
13-03-2013,7.625,1453.283
19-03-2013,7.625,1453.283
24-03-2013,7.625,1453.283
29-03-2013,7.589,1455.458
03-04-2013,7.554,1457.633
08-04-2013,7.518,1459.808
13-04-2013,7.482,1461.984
18-04-2013,7.446,1464.159
23-04-2013,7.411,1466.334
28-04-2013,7.375,1468.509
03-05-2013,7.375,1468.509
08-05-2013,7.375,1468.509
13-05-2013,7.357,1470.684
18-05-2013,7.339,1472.859
23-05-2013,7.321,1475.034
28-05-2013,7.304,1477.21
02-06-2013,7.286,1479.385
07-06-2013,7.268,1481.56
12-06-2013,7.25,1483.735
17-06-2013,7.25,1483.735
21-06-2013,7.25,1483.735
26-06-2013,7.25,1485.91
01-07-2013,7.25,1488.085
06-07-2013,7.25,1490.26
10-07-2013,7.25,1492.436
15-07-2013,7.25,1494.611
20-07-2013,7.25,1496.786
25-07-2013,7.25,1498.961
30-07-2013,7.25,1498.961
04-08-2013,7.375,1498.961
10-08-2013,7.357,1501.136
16-08-2013,7.339,1503.311
22-08-2013,7.321,1505.486
27-08-2013,7.304,1507.661
02-09-2013,7.286,1509.836
08-09-2013,7.268,1512.011
14-09-2013,7.25,1514.186
20-09-2013,7.375,1514.186
24-09-2013,7.625,1514.186
28-09-2013,7.589,1516.361
03-10-2013,7.554,1518.536
07-10-2013,7.518,1520.711
11-10-2013,7.482,1522.887
16-10-2013,7.446,1525.062
20-10-2013,7.411,1527.237
24-10-2013,7.375,1529.412
29-10-2013,7.625,1529.412
03-11-2013,7.75,1529.412
09-11-2013,7.732,1531.587
14-11-2013,7.714,1533.762
20-11-2013,7.696,1535.937
25-11-2013,7.679,1538.113
01-12-2013,7.661,1540.288
06-12-2013,7.643,1542.463
12-12-2013,7.625,1544.638
18-12-2013,7.75,1544.638
22-12-2013,7.875,1544.638
27-12-2013,7.857,1546.813
31-12-2013,7.839,1548.988
05-01-2014,7.821,1551.163
09-01-2014,7.804,1553.339
14-01-2014,7.786,1555.514
18-01-2014,7.768,1557.689
23-01-2014,7.75,1559.864
28-01-2014,7.875,1559.864
04-02-2014,8,1559.864
11-02-2014,7.982,1560.586
18-02-2014,7.964,1561.307
25-02-2014,7.946,1562.029
04-03-2014,7.929,1562.751
11-03-2014,7.911,1563.473
18-03-2014,7.893,1564.194
25-03-2014,7.875,1564.916
01-04-2014,8,1564.916
08-04-2014,8,1564.916
15-04-2014,8,1565.638
22-04-2014,8,1566.359
29-04-2014,8,1567.081
06-05-2014,8,1567.802
13-05-2014,8,1568.524
20-05-2014,8,1569.245
27-05-2014,8,1569.967
03-06-2014,8,1569.967
10-06-2014,8,1569.967
17-06-2014,8,1570.689
24-06-2014,8,1571.41
01-07-2014,8,1572.132
08-07-2014,8,1572.854
15-07-2014,8,1573.576
22-07-2014,8,1574.297
29-07-2014,8,1575.019
05-08-2014,8,1575.019
11-08-2014,8,1575.019
17-08-2014,8,1575.741
23-08-2014,8,1576.462
29-08-2014,8,1577.184
05-09-2014,8,1577.906
11-09-2014,8,1578.628
17-09-2014,8,1579.349
23-09-2014,8,1580.071
30-09-2014,8,1580.071
07-10-2014,8,1580.071
14-10-2014,8,1580.793
21-10-2014,8,1581.514
28-10-2014,8,1582.236
04-11-2014,8,1582.957
11-11-2014,8,1583.679
18-11-2014,8,1584.4
25-11-2014,8,1585.122
02-12-2014,8,1585.122
06-12-2014,8,1585.122
11-12-2014,7.982,1585.844
16-12-2014,7.964,1586.565
21-12-2014,7.946,1587.287
26-12-2014,7.929,1588.009
31-12-2014,7.911,1588.731
05-01-2015,7.893,1589.452
10-01-2015,7.875,1590.174
15-01-2015,7.875,1590.174
17-01-2015,7.875,1590.174
19-01-2015,7.857,1592.39
21-01-2015,7.839,1594.606
23-01-2015,7.821,1596.822
25-01-2015,7.804,1599.039
27-01-2015,7.786,1601.255
29-01-2015,7.768,1603.471
31-01-2015,7.75,1605.687
03-02-2015,7.75,1605.687
06-02-2015,7.75,1605.687
09-02-2015,7.732,1607.903
12-02-2015,7.714,1610.119
15-02-2015,7.696,1612.335
19-02-2015,7.679,1614.552
22-02-2015,7.661,1616.768
25-02-2015,7.643,1618.984
28-02-2015,7.625,1621.2
04-03-2015,7.625,1621.2
07-03-2015,7.625,1621.2
11-03-2015,7.607,1623.416
15-03-2015,7.589,1625.633
19-03-2015,7.571,1627.849
22-03-2015,7.554,1630.065
26-03-2015,7.536,1632.281
30-03-2015,7.518,1634.498
03-04-2015,7.5,1636.714
07-04-2015,7.5,1636.714
13-04-2015,7.5,1636.714
19-04-2015,7.482,1638.93
25-04-2015,7.464,1641.146
01-05-2015,7.446,1643.362
08-05-2015,7.429,1645.579
14-05-2015,7.411,1647.795
20-05-2015,7.393,1650.011
26-05-2015,7.375,1652.227
02-06-2015,7.375,1652.227
09-06-2015,7.375,1652.227
16-06-2015,7.357,1654.443
23-06-2015,7.339,1656.659
30-06-2015,7.321,1658.875
07-07-2015,7.304,1661.092
14-07-2015,7.286,1663.308
21-07-2015,7.268,1665.524
28-07-2015,7.25,1667.74
04-08-2015,7.25,1667.74
10-08-2015,7.25,1667.74
16-08-2015,7.214,1669.956
22-08-2015,7.179,1672.173
28-08-2015,7.143,1674.389
04-09-2015,7.107,1676.605
10-09-2015,7.071,1678.821
16-09-2015,7.036,1681.038
22-09-2015,7,1683.254
29-09-2015,7,1683.254
06-10-2015,7,1683.254
13-10-2015,6.964,1685.47
20-10-2015,6.929,1687.686
27-10-2015,6.893,1689.902
03-11-2015,6.857,1692.119
10-11-2015,6.821,1694.335
17-11-2015,6.786,1696.551
24-11-2015,6.75,1698.767
01-12-2015,6.75,1698.767
08-12-2015,6.75,1698.767
15-12-2015,6.75,1700.983
22-12-2015,6.75,1703.199
29-12-2015,6.75,1705.415
05-01-2016,6.75,1707.632
12-01-2016,6.75,1709.848
19-01-2016,6.75,1712.064
26-01-2016,6.75,1714.28
02-02-2016,6.75,1714.28
09-02-2016,6.75,1714.28
16-02-2016,6.732,1720.082
23-02-2016,6.714,1725.884
01-03-2016,6.696,1731.686
08-03-2016,6.679,1737.489
15-03-2016,6.661,1743.291
22-03-2016,6.643,1749.093
29-03-2016,6.625,1754.895
05-04-2016,6.625,1754.895
12-04-2016,6.625,1754.895
19-04-2016,6.607,1760.697
26-04-2016,6.589,1766.499
03-05-2016,6.571,1772.301
10-05-2016,6.554,1778.104
17-05-2016,6.536,1783.906
24-05-2016,6.518,1789.708
31-05-2016,6.5,1795.51
07-06-2016,6.5,1795.51
14-06-2016,6.5,1795.51
21-06-2016,6.5,1801.312
28-06-2016,6.5,1807.114
05-07-2016,6.5,1812.916
12-07-2016,6.5,1818.719
19-07-2016,6.5,1824.521
26-07-2016,6.5,1830.323
02-08-2016,6.5,1836.125
09-08-2016,6.5,1836.125
15-08-2016,6.5,1836.125
21-08-2016,6.482,1841.927
27-08-2016,6.464,1847.729
02-09-2016,6.446,1853.531
09-09-2016,6.429,1859.334
15-09-2016,6.411,1865.136
21-09-2016,6.393,1870.938
27-09-2016,6.375,1876.74
04-10-2016,6.375,1876.74
11-10-2016,6.375,1876.74
18-10-2016,6.357,1882.542
25-10-2016,6.339,1888.344
01-11-2016,6.321,1894.146
08-11-2016,6.304,1899.949
15-11-2016,6.286,1905.751
22-11-2016,6.268,1911.553
29-11-2016,6.25,1917.355
07-12-2016,6.25,1917.355
14-12-2016,6.25,1917.355
21-12-2016,6.25,1923.157
28-12-2016,6.25,1928.959
04-01-2017,6.25,1934.761
11-01-2017,6.25,1940.564
18-01-2017,6.25,1946.366
25-01-2017,6.25,1952.168
01-02-2017,6.25,1957.97
08-02-2017,6.25,1957.97
14-02-2017,6.25,1957.97
20-02-2017,6.25,1958.361
27-02-2017,6.25,1958.751
05-03-2017,6.25,1959.142
11-03-2017,6.25,1959.533
18-03-2017,6.25,1959.924
24-03-2017,6.25,1960.314
30-03-2017,6.25,1960.705
06-04-2017,6.25,1960.705
12-04-2017,6.25,1960.705
19-04-2017,6.25,1961.096
26-04-2017,6.25,1961.486
03-05-2017,6.25,1961.877
10-05-2017,6.25,1962.267
17-05-2017,6.25,1962.658
24-05-2017,6.25,1963.048
31-05-2017,6.25,1963.439
07-06-2017,6.25,1963.439
13-06-2017,6.25,1963.439
19-06-2017,6.232,1963.83
25-06-2017,6.214,1964.22
01-07-2017,6.196,1964.611
08-07-2017,6.179,1965.002
14-07-2017,6.161,1965.393
20-07-2017,6.143,1965.783
26-07-2017,6.125,1966.174
02-08-2017,6.125,1966.174
09-08-2017,6.125,1966.174
16-08-2017,6.107,1966.565
23-08-2017,6.089,1966.955
30-08-2017,6.071,1967.346
06-09-2017,6.054,1967.737
13-09-2017,6.036,1968.128
20-09-2017,6.018,1968.518
27-09-2017,6,1968.909
04-10-2017,6,1968.909
11-10-2017,6,1968.909
18-10-2017,6,1969.3
25-10-2017,6,1969.69
01-11-2017,6,1970.081
08-11-2017,6,1970.471
15-11-2017,6,1970.862
22-11-2017,6,1971.252
29-11-2017,6,1971.643
06-12-2017,6,1971.643
13-12-2017,6,1971.643
20-12-2017,6,1972.034
27-12-2017,6,1972.424
03-01-2018,6,1972.815
10-01-2018,6,1973.206
17-01-2018,6,1973.597
24-01-2018,6,1973.987
31-01-2018,6,1974.378
07-02-2018,6,1974.378
13-02-2018,6,1974.378
19-02-2018,6,1976.182
26-02-2018,6,1977.987
04-03-2018,6,1979.791
10-03-2018,6,1981.596
17-03-2018,6,1983.4
23-03-2018,6,1985.205
29-03-2018,6,1987.009
05-04-2018,6,1987.009
11-04-2018,6.125,1987.009
18-04-2018,6.107,1988.813
25-04-2018,6.089,1990.618
02-05-2018,6.071,1992.422
09-05-2018,6.054,1994.227
16-05-2018,6.036,1996.031
23-05-2018,6.018,1997.836
30-05-2018,6,1999.64
06-06-2018,6.125,1999.64
12-06-2018,6.375,1999.64
18-06-2018,6.339,2001.444
24-06-2018,6.304,2003.249
30-06-2018,6.268,2005.053
07-07-2018,6.232,2006.857
13-07-2018,6.196,2008.661
19-07-2018,6.161,2010.466
25-07-2018,6.125,2012.27
01-08-2018,6.375,2012.27
08-08-2018,6.5,2012.27
15-08-2018,6.482,2014.074
22-08-2018,6.464,2015.879
29-08-2018,6.446,2017.683
06-09-2018,6.429,2019.488
13-09-2018,6.411,2021.292
20-09-2018,6.393,2023.097
27-09-2018,6.375,2024.901
05-10-2018,6.5,2024.901
11-10-2018,6.5,2024.901
18-10-2018,6.5,2026.705
25-10-2018,6.5,2028.51
01-11-2018,6.5,2030.314
07-11-2018,6.5,2032.119
14-11-2018,6.5,2033.923
21-11-2018,6.5,2035.728
28-11-2018,6.5,2037.532
05-12-2018,6.5,2037.532
12-12-2018,6.5,2037.532
19-12-2018,6.482,2039.336
26-12-2018,6.464,2041.141
02-01-2019,6.446,2042.945
09-01-2019,6.429,2044.75
16-01-2019,6.411,2046.554
23-01-2019,6.393,2048.359
30-01-2019,6.375,2050.163
07-02-2019,6.375,2050.163
13-02-2019,6.375,2027.728
19-02-2019,6.339,2030.933
25-02-2019,6.304,2034.138
03-03-2019,6.268,2037.343
10-03-2019,6.232,2040.548
16-03-2019,6.196,2043.753
22-03-2019,6.161,2046.958
28-03-2019,6.125,2050.163
04-04-2019,6.125,2027.728
11-04-2019,6.125,2005.293
18-04-2019,6.089,2008.498
25-04-2019,6.054,2011.703
02-05-2019,6.018,2014.908
09-05-2019,5.982,2018.113
16-05-2019,5.946,2021.318
23-05-2019,5.911,2024.523
30-05-2019,5.875,2027.728
06-06-2019,5.875,2005.293
12-06-2019,5.875,1982.858
19-06-2019,5.832,1986.063
26-06-2019,5.789,1989.268
03-07-2019,5.746,1992.473
10-07-2019,5.704,1995.678
17-07-2019,5.661,1998.883
24-07-2019,5.618,2002.088
31-07-2019,5.575,2005.293
07-08-2019,5.575,1982.858
13-08-2019,5.575,1960.422
19-08-2019,5.532,1963.627
26-08-2019,5.489,1966.832
01-09-2019,5.446,1970.037
08-09-2019,5.404,1973.243
14-09-2019,5.361,1976.448
21-09-2019,5.318,1979.653
27-09-2019,5.275,1982.858
04-10-2019,5.275,1960.422
10-10-2019,5.275,1937.987
17-10-2019,5.257,1941.192
24-10-2019,5.239,1944.397
31-10-2019,5.221,1947.602
07-11-2019,5.204,1950.807
14-11-2019,5.186,1954.012
21-11-2019,5.168,1957.217
28-11-2019,5.15,1960.422
05-12-2019,5.15,1937.987
12-12-2019,5.15,1915.552
19-12-2019,5.15,1918.757
26-12-2019,5.15,1921.962
02-01-2020,5.15,1925.167
09-01-2020,5.15,1928.372
16-01-2020,5.15,1931.577
23-01-2020,5.15,1934.782
30-01-2020,5.15,1937.987
06-02-2020,5.15,1915.552
11-02-2020,5.15,1915.552
17-02-2020,5.096,1923.519
22-02-2020,5.043,1931.487
28-02-2020,4.989,1939.454
04-03-2020,4.936,1947.421
10-03-2020,4.882,1955.388
15-03-2020,4.829,1963.356
21-03-2020,4.775,1971.323
27-03-2020,4.775,1971.323
02-04-2020,4.775,1971.323
08-04-2020,4.664,1979.29
14-04-2020,4.554,1987.258
20-04-2020,4.443,1995.225
27-04-2020,4.332,2003.192
03-05-2020,4.221,2011.159
09-05-2020,4.111,2019.127
15-05-2020,4,2027.094
22-05-2020,4,2027.094
30-05-2020,4,2027.094
07-06-2020,4,2035.061
16-06-2020,4,2043.029
24-06-2020,4,2050.996
03-07-2020,4,2058.964
11-07-2020,4,2066.931
20-07-2020,4,2074.899
28-07-2020,4,2082.866
06-08-2020,4,2082.866
13-08-2020,4,2082.866
20-08-2020,4,2090.833
27-08-2020,4,2098.801
03-09-2020,4,2106.768
10-09-2020,4,2114.735
17-09-2020,4,2122.702
24-09-2020,4,2130.67
01-10-2020,4,2138.637
09-10-2020,4,2138.637
15-10-2020,4,2138.637
21-10-2020,4,2146.604
27-10-2020,4,2154.572
02-11-2020,4,2162.539
09-11-2020,4,2170.506
15-11-2020,4,2178.473
21-11-2020,4,2186.441
27-11-2020,4,2194.408
04-12-2020,4,2194.408
11-12-2020,4,2194.408
18-12-2020,4,2202.375
25-12-2020,4,2210.343
01-01-2021,4,2218.31
08-01-2021,4,2226.277
15-01-2021,4,2234.244
22-01-2021,4,2242.212
29-01-2021,4,2250.179
05-02-2021,4,2250.179
11-02-2021,4,2250.179
18-02-2021,4,2252.944
25-02-2021,4,2255.709
04-03-2021,4,2258.474
10-03-2021,4,2261.239
17-03-2021,4,2264.004
24-03-2021,4,2266.769
31-03-2021,4,2269.534
07-04-2021,4,2269.534
13-04-2021,4,2269.534
19-04-2021,4,2272.299
26-04-2021,4,2275.064
02-05-2021,4,2277.829
09-05-2021,4,2280.594
15-05-2021,4,2283.359
22-05-2021,4,2286.124
28-05-2021,4,2288.889
04-06-2021,4,2288.889
11-06-2021,4,2288.889
18-06-2021,4,2291.654
25-06-2021,4,2294.419
02-07-2021,4,2297.184
09-07-2021,4,2299.949
16-07-2021,4,2302.714
23-07-2021,4,2305.479
30-07-2021,4,2308.244
06-08-2021,4,2308.244
13-08-2021,4,2308.244
20-08-2021,4,2311.009
27-08-2021,4,2313.774
03-09-2021,4,2316.539
10-09-2021,4,2319.305
17-09-2021,4,2322.07
24-09-2021,4,2324.835
01-10-2021,4,2327.6
08-10-2021,4,2327.6
14-10-2021,4,2327.6
21-10-2021,4,2330.365
28-10-2021,4,2333.13
04-11-2021,4,2335.895
10-11-2021,4,2338.66
17-11-2021,4,2341.425
24-11-2021,4,2344.19
01-12-2021,4,2346.955
08-12-2021,4,2346.955
15-12-2021,4,2346.955
22-12-2021,4,2349.72
29-12-2021,4,2352.485
05-01-2022,4,2355.25
12-01-2022,4,2358.015
19-01-2022,4,2360.78
26-01-2022,4,2363.545
02-02-2022,4,2366.31
10-02-2022,4,2366.31
16-02-2022,4,2366.31
22-02-2022,4,2368.981
01-03-2022,4,2371.652
07-03-2022,4,2374.323
13-03-2022,4,2376.994
20-03-2022,4,2379.665
26-03-2022,4,2382.336
01-04-2022,4,2385.007
08-04-2022,4,2385.007
10-04-2022,4.2,2385.007
13-04-2022,4.171,2387.678
16-04-2022,4.143,2390.349
19-04-2022,4.114,2393.02
22-04-2022,4.086,2395.691
25-04-2022,4.057,2398.362
28-04-2022,4.029,2401.033
01-05-2022,4,2403.704
04-05-2022,4.2,2403.704
07-05-2022,4.65,2403.704
11-05-2022,4.586,2406.375
15-05-2022,4.521,2409.046
19-05-2022,4.457,2411.717
23-05-2022,4.393,2414.388
27-05-2022,4.329,2417.059
31-05-2022,4.264,2419.73
04-06-2022,4.2,2422.401
08-06-2022,4.65,2422.401
14-06-2022,5.15,2422.401
20-06-2022,5.079,2425.072
27-06-2022,5.007,2427.743
03-07-2022,4.936,2430.414
10-07-2022,4.864,2433.084
16-07-2022,4.793,2435.755
23-07-2022,4.721,2438.426
29-07-2022,4.65,2441.097
05-08-2022,5.15,2441.097
11-08-2022,5.65,2441.097
17-08-2022,5.579,2443.768
23-08-2022,5.507,2446.439
29-08-2022,5.436,2449.11
05-09-2022,5.364,2451.781
11-09-2022,5.293,2454.452
17-09-2022,5.221,2457.123
23-09-2022,5.15,2459.794
30-09-2022,5.65,2459.794
07-10-2022,6.075,2459.794
15-10-2022,6.014,2462.465
22-10-2022,5.954,2465.136
30-10-2022,5.893,2467.807
06-11-2022,5.832,2470.478
14-11-2022,5.771,2473.149
21-11-2022,5.711,2475.82
29-11-2022,5.65,2478.491
07-12-2022,6.075,2478.491
14-12-2022,6.375,2478.491
21-12-2022,6.332,2481.162
28-12-2022,6.289,2483.833
04-01-2023,6.246,2486.504
11-01-2023,6.204,2489.175
18-01-2023,6.161,2491.846
25-01-2023,6.118,2494.517
01-02-2023,6.075,2497.188
08-02-2023,6.375,2497.188
14-02-2023,6.5,2497.188
20-02-2023,6.482,2501.959
27-02-2023,6.464,2506.73
05-03-2023,6.446,2511.501
11-03-2023,6.429,2516.271
18-03-2023,6.411,2521.042
24-03-2023,6.393,2525.813
30-03-2023,6.375,2530.584
06-04-2023,6.5,2530.584
13-04-2023,6.5,2530.584
20-04-2023,6.5,2535.355
27-04-2023,6.5,2540.126
04-05-2023,6.5,2544.897
11-05-2023,6.5,2549.667
18-05-2023,6.5,2554.438
25-05-2023,6.5,2559.209
01-06-2023,6.5,2563.98
08-06-2023,6.5,2563.98
15-06-2023,6.5,2563.98
22-06-2023,6.5,2568.751
29-06-2023,6.5,2573.522
06-07-2023,6.5,2578.293
13-07-2023,6.5,2583.063
20-07-2023,6.5,2587.834
27-07-2023,6.5,2592.605
03-08-2023,6.5,2597.376
10-08-2023,6.5,2597.376
16-08-2023,6.5,2597.376
22-08-2023,6.5,2602.147
29-08-2023,6.5,2606.917
04-09-2023,6.5,2611.688
10-09-2023,6.5,2616.459
17-09-2023,6.5,2621.23
23-09-2023,6.5,2626
29-09-2023,6.5,2630.771
06-10-2023,6.5,2630.771
13-10-2023,6.5,2630.771
20-10-2023,6.5,2635.542
27-10-2023,6.5,2640.313
03-11-2023,6.5,2645.084
10-11-2023,6.5,2649.854
17-11-2023,6.5,2654.625
24-11-2023,6.5,2659.396
01-12-2023,6.5,2664.167
08-12-2023,6.5,2664.167
14-12-2023,6.5,2664.167
21-12-2023,6.5,2668.938
28-12-2023,6.5,2673.709
04-01-2024,6.5,2678.48
11-01-2024,6.5,2683.25
18-01-2024,6.5,2688.021
25-01-2024,6.5,2692.792
01-02-2024,6.5,2697.563
08-02-2024,6.5,2697.563
14-02-2024,6.5,2697.563
20-02-2024,6.5,2703.26
27-02-2024,6.5,2708.956
04-03-2024,6.5,2714.653
10-03-2024,6.5,2720.35
17-03-2024,6.5,2726.047
23-03-2024,6.5,2731.743
29-03-2024,6.5,2737.44
05-04-2024,6.5,2737.44
12-04-2024,6.5,2737.44
19-04-2024,6.5,2743.137
26-04-2024,6.5,2748.833
03-05-2024,6.5,2754.53
10-05-2024,6.5,2760.226
17-05-2024,6.5,2765.923
24-05-2024,6.5,2771.619
31-05-2024,6.5,2777.316
07-06-2024,6.5,2777.316
13-06-2024,6.5,2777.316
20-06-2024,6.5,2783.013
27-06-2024,6.5,2788.709
04-07-2024,6.5,2794.406
11-07-2024,6.5,2800.103
18-07-2024,6.5,2805.8
25-07-2024,6.5,2811.496
01-08-2024,6.5,2817.193
08-08-2024,6.5,2817.193
14-08-2024,6.5,2817.193
21-08-2024,6.5,2822.89
28-08-2024,6.5,2828.586
04-09-2024,6.5,2834.283
11-09-2024,6.5,2839.98
18-09-2024,6.5,2845.677
25-09-2024,6.5,2851.373
02-10-2024,6.5,2857.07
09-10-2024,6.5,2857.07
15-10-2024,6.5,2857.07
21-10-2024,6.5,2862.767
28-10-2024,6.5,2868.463
03-11-2024,6.5,2874.16
10-11-2024,6.5,2879.856
16-11-2024,6.5,2885.553
23-11-2024,6.5,2891.249
29-11-2024,6.5,2896.946
06-12-2024,6.5,2896.946
13-12-2024,6.5,2896.946
20-12-2024,6.482,2902.643
27-12-2024,6.464,2908.339
03-01-2025,6.446,2914.036
10-01-2025,6.429,2919.733
17-01-2025,6.411,2925.43
24-01-2025,6.393,2931.126
31-01-2025,6.375,2936.823
07-02-2025,6.375,2936.823
