Date,Inflation Rate,Loan Rate
30-01-2000,3.8,12.292
01-02-2000,3.8,12.276
03-02-2000,3.807,12.278
05-02-2000,3.814,12.281
07-02-2000,3.821,12.283
10-02-2000,3.829,12.285
12-02-2000,3.836,12.287
14-02-2000,3.843,12.29
16-02-2000,3.85,12.292
19-02-2000,3.85,12.276
21-02-2000,3.85,12.26
23-02-2000,3.857,12.262
25-02-2000,3.864,12.265
27-02-2000,3.871,12.267
29-02-2000,3.879,12.269
02-03-2000,3.886,12.271
04-03-2000,3.893,12.274
06-03-2000,3.9,12.276
09-03-2000,3.9,12.26
14-03-2000,3.9,12.244
19-03-2000,3.907,12.246
24-03-2000,3.914,12.249
29-03-2000,3.921,12.251
03-04-2000,3.929,12.253
08-04-2000,3.936,12.255
13-04-2000,3.943,12.258
18-04-2000,3.95,12.26
23-04-2000,3.95,12.244
25-04-2000,3.95,12.228
27-04-2000,3.957,12.23
29-04-2000,3.964,12.233
01-05-2000,3.971,12.235
03-05-2000,3.979,12.237
05-05-2000,3.986,12.239
07-05-2000,3.993,12.242
09-05-2000,4,12.244
12-05-2000,4,12.228
14-05-2000,4,12.212
16-05-2000,4.007,12.214
19-05-2000,4.014,12.217
21-05-2000,4.021,12.219
23-05-2000,4.029,12.221
26-05-2000,4.036,12.223
28-05-2000,4.043,12.226
30-05-2000,4.05,12.228
02-06-2000,4.05,12.212
07-06-2000,4.05,12.196
13-06-2000,4.057,12.198
19-06-2000,4.064,12.201
24-06-2000,4.071,12.203
30-06-2000,4.079,12.205
06-07-2000,4.086,12.207
11-07-2000,4.093,12.21
17-07-2000,4.1,12.212
23-07-2000,4.1,12.196
25-07-2000,4.1,12.179
27-07-2000,4.107,12.181
29-07-2000,4.114,12.184
31-07-2000,4.121,12.186
03-08-2000,4.129,12.189
05-08-2000,4.136,12.191
07-08-2000,4.143,12.194
09-08-2000,4.15,12.196
12-08-2000,4.15,12.179
15-08-2000,4.15,12.163
18-08-2000,4.157,12.165
22-08-2000,4.164,12.168
25-08-2000,4.171,12.17
29-08-2000,4.179,12.172
01-09-2000,4.186,12.174
05-09-2000,4.193,12.177
08-09-2000,4.2,12.179
12-09-2000,4.2,12.163
17-09-2000,4.2,12.147
22-09-2000,4.207,12.149
28-09-2000,4.214,12.152
03-10-2000,4.221,12.154
09-10-2000,4.229,12.156
14-10-2000,4.236,12.158
20-10-2000,4.243,12.161
25-10-2000,4.25,12.163
31-10-2000,4.25,12.147
03-11-2000,4.25,12.131
06-11-2000,4.257,12.133
10-11-2000,4.264,12.136
13-11-2000,4.271,12.138
16-11-2000,4.279,12.14
20-11-2000,4.286,12.142
23-11-2000,4.293,12.145
26-11-2000,4.3,12.147
30-11-2000,4.3,12.131
02-12-2000,4.3,12.115
04-12-2000,4.307,12.117
06-12-2000,4.314,12.12
08-12-2000,4.321,12.122
11-12-2000,4.329,12.124
13-12-2000,4.336,12.126
15-12-2000,4.343,12.129
17-12-2000,4.35,12.131
20-12-2000,4.35,12.115
24-12-2000,4.35,12.099
29-12-2000,4.357,12.101
02-01-2001,4.364,12.104
07-01-2001,4.371,12.106
11-01-2001,4.379,12.108
16-01-2001,4.386,12.11
20-01-2001,4.393,12.113
25-01-2001,4.4,12.115
30-01-2001,4.4,12.099
01-02-2001,4.4,12.083
03-02-2001,4.407,12.085
05-02-2001,4.414,12.088
07-02-2001,4.421,12.09
10-02-2001,4.429,12.092
12-02-2001,4.436,12.094
14-02-2001,4.443,12.097
16-02-2001,4.45,12.099
19-02-2001,4.45,12.083
21-02-2001,4.45,12.068
23-02-2001,4.457,12.07
25-02-2001,4.464,12.072
27-02-2001,4.471,12.074
01-03-2001,4.479,12.077
03-03-2001,4.486,12.079
05-03-2001,4.493,12.081
07-03-2001,4.5,12.083
09-03-2001,4.5,12.068
14-03-2001,4.5,12.053
19-03-2001,4.507,12.055
24-03-2001,4.514,12.057
29-03-2001,4.521,12.059
03-04-2001,4.529,12.062
08-04-2001,4.536,12.064
13-04-2001,4.543,12.066
18-04-2001,4.55,12.068
23-04-2001,4.55,12.053
25-04-2001,4.55,12.038
27-04-2001,4.557,12.04
29-04-2001,4.564,12.042
01-05-2001,4.571,12.044
03-05-2001,4.579,12.047
05-05-2001,4.586,12.049
07-05-2001,4.593,12.051
09-05-2001,4.6,12.053
12-05-2001,4.6,12.038
14-05-2001,4.6,12.023
16-05-2001,4.607,12.025
19-05-2001,4.614,12.027
21-05-2001,4.621,12.029
23-05-2001,4.629,12.032
26-05-2001,4.636,12.034
28-05-2001,4.643,12.036
30-05-2001,4.65,12.038
02-06-2001,4.65,12.023
07-06-2001,4.65,12.008
13-06-2001,4.657,12.01
19-06-2001,4.664,12.012
24-06-2001,4.671,12.014
30-06-2001,4.679,12.017
06-07-2001,4.686,12.019
11-07-2001,4.693,12.021
17-07-2001,4.7,12.023
23-07-2001,4.7,12.008
25-07-2001,4.7,11.992
27-07-2001,4.707,11.994
29-07-2001,4.714,11.997
31-07-2001,4.721,11.999
03-08-2001,4.729,12.001
05-08-2001,4.736,12.003
07-08-2001,4.743,12.006
09-08-2001,4.75,12.008
12-08-2001,4.75,11.992
15-08-2001,4.75,11.977
18-08-2001,4.757,11.979
22-08-2001,4.764,11.981
25-08-2001,4.771,11.983
29-08-2001,4.779,11.986
01-09-2001,4.786,11.988
05-09-2001,4.793,11.99
08-09-2001,4.8,11.992
12-09-2001,4.8,11.977
17-09-2001,4.8,11.962
22-09-2001,4.807,11.964
28-09-2001,4.814,11.966
03-10-2001,4.821,11.968
09-10-2001,4.829,11.971
14-10-2001,4.836,11.973
20-10-2001,4.843,11.975
25-10-2001,4.85,11.977
31-10-2001,4.85,11.962
03-11-2001,4.85,11.947
06-11-2001,4.857,11.949
10-11-2001,4.864,11.951
13-11-2001,4.871,11.953
16-11-2001,4.879,11.956
20-11-2001,4.886,11.958
23-11-2001,4.893,11.96
26-11-2001,4.9,11.962
30-11-2001,4.9,11.947
02-12-2001,4.9,11.932
04-12-2001,4.907,11.934
06-12-2001,4.914,11.936
08-12-2001,4.921,11.938
11-12-2001,4.929,11.941
13-12-2001,4.936,11.943
15-12-2001,4.943,11.945
17-12-2001,4.95,11.947
20-12-2001,4.95,11.932
24-12-2001,4.95,11.917
29-12-2001,4.957,11.919
02-01-2002,4.964,11.921
07-01-2002,4.971,11.923
11-01-2002,4.979,11.926
16-01-2002,4.986,11.928
20-01-2002,4.993,11.93
25-01-2002,5,11.932
30-01-2002,5,11.917
01-02-2002,4.925,11.879
03-02-2002,4.936,11.884
05-02-2002,4.946,11.89
07-02-2002,4.957,11.895
10-02-2002,4.968,11.901
12-02-2002,4.979,11.906
14-02-2002,4.989,11.912
16-02-2002,5,11.917
19-02-2002,4.925,11.879
21-02-2002,4.85,11.84
23-02-2002,4.861,11.846
25-02-2002,4.871,11.851
27-02-2002,4.882,11.857
01-03-2002,4.893,11.862
03-03-2002,4.904,11.868
05-03-2002,4.914,11.873
07-03-2002,4.925,11.879
09-03-2002,4.85,11.84
14-03-2002,4.775,11.802
19-03-2002,4.786,11.807
24-03-2002,4.796,11.813
29-03-2002,4.807,11.818
03-04-2002,4.818,11.824
08-04-2002,4.829,11.829
13-04-2002,4.839,11.835
18-04-2002,4.85,11.84
23-04-2002,4.775,11.802
25-04-2002,4.7,11.764
27-04-2002,4.711,11.769
29-04-2002,4.721,11.775
01-05-2002,4.732,11.78
03-05-2002,4.743,11.786
05-05-2002,4.754,11.791
07-05-2002,4.764,11.797
09-05-2002,4.775,11.802
12-05-2002,4.7,11.764
14-05-2002,4.625,11.726
16-05-2002,4.636,11.731
19-05-2002,4.646,11.737
21-05-2002,4.657,11.742
23-05-2002,4.668,11.748
26-05-2002,4.679,11.753
28-05-2002,4.689,11.759
30-05-2002,4.7,11.764
02-06-2002,4.625,11.726
07-06-2002,4.55,11.688
13-06-2002,4.561,11.693
19-06-2002,4.571,11.699
24-06-2002,4.582,11.704
30-06-2002,4.593,11.71
06-07-2002,4.604,11.715
11-07-2002,4.614,11.721
17-07-2002,4.625,11.726
23-07-2002,4.55,11.688
25-07-2002,4.475,11.649
27-07-2002,4.486,11.655
29-07-2002,4.496,11.66
31-07-2002,4.507,11.666
03-08-2002,4.518,11.671
05-08-2002,4.529,11.677
07-08-2002,4.539,11.682
09-08-2002,4.55,11.688
12-08-2002,4.475,11.649
15-08-2002,4.4,11.611
18-08-2002,4.411,11.616
22-08-2002,4.421,11.622
25-08-2002,4.432,11.627
29-08-2002,4.443,11.633
01-09-2002,4.454,11.638
05-09-2002,4.464,11.644
08-09-2002,4.475,11.649
12-09-2002,4.4,11.611
17-09-2002,4.325,11.573
22-09-2002,4.336,11.578
28-09-2002,4.346,11.584
03-10-2002,4.357,11.589
09-10-2002,4.368,11.595
14-10-2002,4.379,11.6
20-10-2002,4.389,11.606
25-10-2002,4.4,11.611
31-10-2002,4.325,11.573
03-11-2002,4.25,11.534
06-11-2002,4.261,11.54
10-11-2002,4.271,11.545
13-11-2002,4.282,11.551
16-11-2002,4.293,11.556
20-11-2002,4.304,11.562
23-11-2002,4.314,11.567
26-11-2002,4.325,11.573
30-11-2002,4.25,11.534
02-12-2002,4.175,11.496
04-12-2002,4.186,11.501
06-12-2002,4.196,11.507
08-12-2002,4.207,11.512
11-12-2002,4.218,11.518
13-12-2002,4.229,11.523
15-12-2002,4.239,11.529
17-12-2002,4.25,11.534
20-12-2002,4.175,11.496
24-12-2002,4.1,11.458
29-12-2002,4.111,11.463
02-01-2003,4.121,11.469
07-01-2003,4.132,11.474
11-01-2003,4.143,11.48
16-01-2003,4.154,11.485
20-01-2003,4.164,11.491
25-01-2003,4.175,11.496
30-01-2003,4.1,11.458
01-02-2003,4.092,11.413
03-02-2003,4.093,11.419
05-02-2003,4.094,11.426
07-02-2003,4.095,11.432
10-02-2003,4.097,11.439
12-02-2003,4.098,11.445
14-02-2003,4.099,11.452
16-02-2003,4.1,11.458
19-02-2003,4.092,11.413
21-02-2003,4.083,11.368
23-02-2003,4.084,11.374
25-02-2003,4.086,11.381
27-02-2003,4.087,11.387
01-03-2003,4.088,11.394
03-03-2003,4.089,11.4
05-03-2003,4.091,11.407
07-03-2003,4.092,11.413
09-03-2003,4.083,11.368
14-03-2003,4.075,11.323
19-03-2003,4.076,11.329
24-03-2003,4.077,11.336
29-03-2003,4.078,11.342
03-04-2003,4.08,11.349
08-04-2003,4.081,11.355
13-04-2003,4.082,11.362
18-04-2003,4.083,11.368
23-04-2003,4.075,11.323
25-04-2003,4.067,11.278
27-04-2003,4.068,11.284
29-04-2003,4.069,11.291
01-05-2003,4.07,11.297
03-05-2003,4.072,11.304
05-05-2003,4.073,11.31
07-05-2003,4.074,11.317
09-05-2003,4.075,11.323
12-05-2003,4.067,11.278
14-05-2003,4.058,11.233
16-05-2003,4.059,11.239
19-05-2003,4.061,11.246
21-05-2003,4.062,11.252
23-05-2003,4.063,11.259
26-05-2003,4.064,11.265
28-05-2003,4.066,11.272
30-05-2003,4.067,11.278
02-06-2003,4.058,11.233
07-06-2003,4.05,11.188
13-06-2003,4.051,11.194
19-06-2003,4.052,11.201
24-06-2003,4.053,11.207
30-06-2003,4.055,11.214
06-07-2003,4.056,11.22
11-07-2003,4.057,11.227
17-07-2003,4.058,11.233
23-07-2003,4.05,11.188
25-07-2003,4.042,11.142
27-07-2003,4.043,11.149
29-07-2003,4.044,11.155
31-07-2003,4.045,11.162
03-08-2003,4.047,11.168
05-08-2003,4.048,11.175
07-08-2003,4.049,11.181
09-08-2003,4.05,11.188
12-08-2003,4.042,11.142
15-08-2003,4.033,11.097
18-08-2003,4.034,11.103
22-08-2003,4.036,11.11
25-08-2003,4.037,11.116
29-08-2003,4.038,11.123
01-09-2003,4.039,11.129
05-09-2003,4.041,11.136
08-09-2003,4.042,11.142
12-09-2003,4.033,11.097
17-09-2003,4.025,11.052
22-09-2003,4.026,11.058
28-09-2003,4.027,11.065
03-10-2003,4.028,11.071
09-10-2003,4.03,11.078
14-10-2003,4.031,11.084
20-10-2003,4.032,11.091
25-10-2003,4.033,11.097
31-10-2003,4.025,11.052
03-11-2003,4.017,11.007
06-11-2003,4.018,11.013
10-11-2003,4.019,11.02
13-11-2003,4.02,11.026
16-11-2003,4.022,11.033
20-11-2003,4.023,11.039
23-11-2003,4.024,11.046
26-11-2003,4.025,11.052
30-11-2003,4.017,11.007
02-12-2003,4.008,10.962
04-12-2003,4.009,10.968
06-12-2003,4.011,10.975
08-12-2003,4.012,10.981
11-12-2003,4.013,10.988
13-12-2003,4.014,10.994
15-12-2003,4.016,11.001
17-12-2003,4.017,11.007
20-12-2003,4.008,10.962
24-12-2003,4,10.917
29-12-2003,4.001,10.923
02-01-2004,4.002,10.93
07-01-2004,4.003,10.936
11-01-2004,4.005,10.943
16-01-2004,4.006,10.949
20-01-2004,4.007,10.956
25-01-2004,4.008,10.962
30-01-2004,4,10.917
01-02-2004,3.975,10.903
03-02-2004,3.979,10.905
05-02-2004,3.982,10.907
07-02-2004,3.986,10.909
10-02-2004,3.989,10.911
12-02-2004,3.993,10.913
14-02-2004,3.996,10.915
16-02-2004,4,10.917
19-02-2004,3.975,10.903
21-02-2004,3.95,10.889
23-02-2004,3.954,10.891
25-02-2004,3.957,10.893
27-02-2004,3.961,10.895
29-02-2004,3.964,10.897
02-03-2004,3.968,10.899
04-03-2004,3.971,10.901
06-03-2004,3.975,10.903
09-03-2004,3.95,10.889
14-03-2004,3.925,10.875
19-03-2004,3.929,10.877
24-03-2004,3.932,10.879
29-03-2004,3.936,10.881
03-04-2004,3.939,10.883
08-04-2004,3.943,10.885
13-04-2004,3.946,10.887
18-04-2004,3.95,10.889
23-04-2004,3.925,10.875
25-04-2004,3.9,10.861
27-04-2004,3.904,10.863
29-04-2004,3.907,10.865
01-05-2004,3.911,10.867
03-05-2004,3.914,10.869
05-05-2004,3.918,10.871
07-05-2004,3.921,10.873
09-05-2004,3.925,10.875
12-05-2004,3.9,10.861
14-05-2004,3.875,10.847
16-05-2004,3.879,10.849
19-05-2004,3.882,10.851
21-05-2004,3.886,10.853
23-05-2004,3.889,10.855
26-05-2004,3.893,10.857
28-05-2004,3.896,10.859
30-05-2004,3.9,10.861
02-06-2004,3.875,10.847
07-06-2004,3.85,10.834
13-06-2004,3.854,10.836
19-06-2004,3.857,10.838
24-06-2004,3.861,10.84
30-06-2004,3.864,10.841
06-07-2004,3.868,10.843
11-07-2004,3.871,10.845
17-07-2004,3.875,10.847
23-07-2004,3.85,10.834
25-07-2004,3.825,10.82
27-07-2004,3.829,10.822
29-07-2004,3.832,10.824
31-07-2004,3.836,10.826
03-08-2004,3.839,10.828
05-08-2004,3.843,10.83
07-08-2004,3.846,10.832
09-08-2004,3.85,10.834
12-08-2004,3.825,10.82
15-08-2004,3.8,10.806
18-08-2004,3.804,10.808
22-08-2004,3.807,10.81
25-08-2004,3.811,10.812
29-08-2004,3.814,10.814
01-09-2004,3.818,10.816
05-09-2004,3.821,10.818
08-09-2004,3.825,10.82
12-09-2004,3.8,10.806
17-09-2004,3.775,10.792
22-09-2004,3.779,10.794
28-09-2004,3.782,10.796
03-10-2004,3.786,10.798
09-10-2004,3.789,10.8
14-10-2004,3.793,10.802
20-10-2004,3.796,10.804
25-10-2004,3.8,10.806
31-10-2004,3.775,10.792
03-11-2004,3.75,10.778
06-11-2004,3.754,10.78
10-11-2004,3.757,10.782
13-11-2004,3.761,10.784
16-11-2004,3.764,10.786
20-11-2004,3.768,10.788
23-11-2004,3.771,10.79
26-11-2004,3.775,10.792
30-11-2004,3.75,10.778
02-12-2004,3.725,10.764
04-12-2004,3.729,10.766
06-12-2004,3.732,10.768
08-12-2004,3.736,10.77
11-12-2004,3.739,10.772
13-12-2004,3.743,10.774
15-12-2004,3.746,10.776
17-12-2004,3.75,10.778
20-12-2004,3.725,10.764
24-12-2004,3.7,10.75
29-12-2004,3.704,10.752
02-01-2005,3.707,10.754
07-01-2005,3.711,10.756
11-01-2005,3.714,10.758
16-01-2005,3.718,10.76
20-01-2005,3.721,10.762
25-01-2005,3.725,10.764
30-01-2005,3.7,10.75
01-02-2005,3.7,10.75
03-02-2005,3.736,10.755
05-02-2005,3.771,10.76
07-02-2005,3.807,10.765
10-02-2005,3.843,10.771
12-02-2005,3.879,10.776
14-02-2005,3.914,10.781
16-02-2005,3.95,10.786
19-02-2005,3.95,10.786
21-02-2005,3.95,10.786
23-02-2005,3.986,10.791
25-02-2005,4.021,10.797
27-02-2005,4.057,10.802
01-03-2005,4.093,10.807
03-03-2005,4.129,10.812
05-03-2005,4.164,10.818
07-03-2005,4.2,10.823
09-03-2005,4.2,10.823
14-03-2005,4.2,10.823
19-03-2005,4.236,10.828
24-03-2005,4.271,10.834
29-03-2005,4.307,10.839
03-04-2005,4.343,10.844
08-04-2005,4.379,10.849
13-04-2005,4.414,10.855
18-04-2005,4.45,10.86
23-04-2005,4.45,10.86
25-04-2005,4.45,10.86
27-04-2005,4.486,10.865
29-04-2005,4.521,10.87
01-05-2005,4.557,10.875
03-05-2005,4.593,10.881
05-05-2005,4.629,10.886
07-05-2005,4.664,10.891
09-05-2005,4.7,10.896
12-05-2005,4.7,10.896
14-05-2005,4.7,10.896
16-05-2005,4.736,10.901
19-05-2005,4.771,10.907
21-05-2005,4.807,10.912
23-05-2005,4.843,10.917
26-05-2005,4.879,10.922
28-05-2005,4.914,10.928
30-05-2005,4.95,10.933
02-06-2005,4.95,10.933
07-06-2005,4.95,10.933
13-06-2005,4.986,10.938
19-06-2005,5.021,10.943
24-06-2005,5.057,10.948
30-06-2005,5.093,10.954
06-07-2005,5.129,10.959
11-07-2005,5.164,10.964
17-07-2005,5.2,10.969
23-07-2005,5.2,10.969
25-07-2005,5.2,10.969
27-07-2005,5.236,10.974
29-07-2005,5.271,10.98
31-07-2005,5.307,10.985
03-08-2005,5.343,10.99
05-08-2005,5.379,10.995
07-08-2005,5.414,11.001
09-08-2005,5.45,11.006
12-08-2005,5.45,11.006
15-08-2005,5.45,11.006
18-08-2005,5.486,11.011
22-08-2005,5.521,11.016
25-08-2005,5.557,11.021
29-08-2005,5.593,11.027
01-09-2005,5.629,11.032
05-09-2005,5.664,11.037
08-09-2005,5.7,11.042
12-09-2005,5.7,11.042
17-09-2005,5.7,11.042
22-09-2005,5.736,11.047
28-09-2005,5.771,11.052
03-10-2005,5.807,11.057
09-10-2005,5.843,11.063
14-10-2005,5.879,11.068
20-10-2005,5.914,11.073
25-10-2005,5.95,11.078
31-10-2005,5.95,11.078
03-11-2005,5.95,11.078
06-11-2005,5.986,11.083
10-11-2005,6.021,11.089
13-11-2005,6.057,11.094
16-11-2005,6.093,11.099
20-11-2005,6.129,11.104
23-11-2005,6.164,11.11
26-11-2005,6.2,11.115
30-11-2005,6.2,11.115
02-12-2005,6.2,11.115
04-12-2005,6.236,11.12
06-12-2005,6.271,11.126
08-12-2005,6.307,11.131
11-12-2005,6.343,11.136
13-12-2005,6.379,11.141
15-12-2005,6.414,11.147
17-12-2005,6.45,11.152
20-12-2005,6.45,11.152
24-12-2005,6.45,11.152
29-12-2005,6.486,11.157
02-01-2006,6.521,11.162
07-01-2006,6.557,11.167
11-01-2006,6.593,11.173
16-01-2006,6.629,11.178
20-01-2006,6.664,11.183
25-01-2006,6.7,11.188
30-01-2006,6.7,11.188
01-02-2006,6.633,11.188
03-02-2006,6.643,11.21
05-02-2006,6.652,11.232
07-02-2006,6.662,11.254
10-02-2006,6.671,11.275
12-02-2006,6.681,11.297
14-02-2006,6.69,11.319
16-02-2006,6.7,11.341
19-02-2006,6.633,11.341
21-02-2006,6.567,11.341
23-02-2006,6.576,11.363
25-02-2006,6.586,11.385
27-02-2006,6.595,11.407
01-03-2006,6.605,11.428
03-03-2006,6.614,11.45
05-03-2006,6.624,11.472
07-03-2006,6.633,11.494
09-03-2006,6.567,11.494
14-03-2006,6.5,11.494
19-03-2006,6.51,11.516
24-03-2006,6.519,11.537
29-03-2006,6.529,11.559
03-04-2006,6.538,11.581
08-04-2006,6.548,11.603
13-04-2006,6.557,11.624
18-04-2006,6.567,11.646
23-04-2006,6.5,11.646
25-04-2006,6.433,11.646
27-04-2006,6.443,11.668
29-04-2006,6.452,11.69
01-05-2006,6.462,11.712
03-05-2006,6.471,11.733
05-05-2006,6.481,11.755
07-05-2006,6.49,11.777
09-05-2006,6.5,11.799
12-05-2006,6.433,11.799
14-05-2006,6.367,11.799
16-05-2006,6.376,11.821
19-05-2006,6.386,11.843
21-05-2006,6.395,11.865
23-05-2006,6.405,11.886
26-05-2006,6.414,11.908
28-05-2006,6.424,11.93
30-05-2006,6.433,11.952
02-06-2006,6.367,11.952
07-06-2006,6.3,11.952
13-06-2006,6.31,11.974
19-06-2006,6.319,11.996
24-06-2006,6.329,12.018
30-06-2006,6.338,12.039
06-07-2006,6.348,12.061
11-07-2006,6.357,12.083
17-07-2006,6.367,12.105
23-07-2006,6.3,12.105
25-07-2006,6.233,12.105
27-07-2006,6.243,12.127
29-07-2006,6.252,12.148
31-07-2006,6.262,12.17
03-08-2006,6.271,12.192
05-08-2006,6.281,12.214
07-08-2006,6.29,12.235
09-08-2006,6.3,12.257
12-08-2006,6.233,12.257
15-08-2006,6.167,12.257
18-08-2006,6.176,12.279
22-08-2006,6.186,12.301
25-08-2006,6.195,12.323
29-08-2006,6.205,12.344
01-09-2006,6.214,12.366
05-09-2006,6.224,12.388
08-09-2006,6.233,12.41
12-09-2006,6.167,12.41
17-09-2006,6.1,12.41
22-09-2006,6.11,12.432
28-09-2006,6.119,12.454
03-10-2006,6.129,12.476
09-10-2006,6.138,12.497
14-10-2006,6.148,12.519
20-10-2006,6.157,12.541
25-10-2006,6.167,12.563
31-10-2006,6.1,12.563
03-11-2006,6.033,12.563
06-11-2006,6.043,12.585
10-11-2006,6.052,12.607
13-11-2006,6.062,12.629
16-11-2006,6.071,12.65
20-11-2006,6.081,12.672
23-11-2006,6.09,12.694
26-11-2006,6.1,12.716
30-11-2006,6.033,12.716
02-12-2006,5.967,12.716
04-12-2006,5.976,12.738
06-12-2006,5.986,12.759
08-12-2006,5.995,12.781
11-12-2006,6.005,12.803
13-12-2006,6.014,12.825
15-12-2006,6.024,12.846
17-12-2006,6.033,12.868
20-12-2006,5.967,12.868
24-12-2006,5.9,12.868
29-12-2006,5.91,12.89
02-01-2007,5.919,12.912
07-01-2007,5.929,12.934
11-01-2007,5.938,12.955
16-01-2007,5.948,12.977
20-01-2007,5.957,12.999
25-01-2007,5.967,13.021
30-01-2007,5.9,13.021
01-02-2007,5.9,13.021
03-02-2007,5.939,13.024
05-02-2007,5.979,13.028
07-02-2007,6.018,13.031
10-02-2007,6.057,13.035
12-02-2007,6.096,13.038
14-02-2007,6.136,13.042
16-02-2007,6.175,13.045
19-02-2007,6.175,13.045
21-02-2007,6.175,13.045
23-02-2007,6.214,13.049
25-02-2007,6.254,13.052
27-02-2007,6.293,13.056
01-03-2007,6.332,13.059
03-03-2007,6.371,13.063
05-03-2007,6.411,13.066
07-03-2007,6.45,13.07
09-03-2007,6.45,13.07
14-03-2007,6.45,13.07
19-03-2007,6.489,13.073
24-03-2007,6.529,13.077
29-03-2007,6.568,13.08
03-04-2007,6.607,13.084
08-04-2007,6.646,13.087
13-04-2007,6.686,13.091
18-04-2007,6.725,13.094
23-04-2007,6.725,13.094
25-04-2007,6.725,13.094
27-04-2007,6.764,13.097
29-04-2007,6.804,13.101
01-05-2007,6.843,13.104
03-05-2007,6.882,13.108
05-05-2007,6.921,13.111
07-05-2007,6.961,13.115
09-05-2007,7,13.118
12-05-2007,7,13.118
14-05-2007,7,13.118
16-05-2007,7.039,13.121
19-05-2007,7.079,13.125
21-05-2007,7.118,13.128
23-05-2007,7.157,13.132
26-05-2007,7.196,13.135
28-05-2007,7.236,13.139
30-05-2007,7.275,13.142
02-06-2007,7.275,13.142
07-06-2007,7.275,13.142
13-06-2007,7.314,13.145
19-06-2007,7.354,13.149
24-06-2007,7.393,13.152
30-06-2007,7.432,13.156
06-07-2007,7.471,13.159
11-07-2007,7.511,13.163
17-07-2007,7.55,13.166
23-07-2007,7.55,13.166
25-07-2007,7.55,13.166
27-07-2007,7.589,13.17
29-07-2007,7.629,13.173
31-07-2007,7.668,13.177
03-08-2007,7.707,13.18
05-08-2007,7.746,13.184
07-08-2007,7.786,13.187
09-08-2007,7.825,13.191
12-08-2007,7.825,13.191
15-08-2007,7.825,13.191
18-08-2007,7.864,13.194
22-08-2007,7.904,13.198
25-08-2007,7.943,13.201
29-08-2007,7.982,13.205
01-09-2007,8.021,13.208
05-09-2007,8.061,13.212
08-09-2007,8.1,13.215
12-09-2007,8.1,13.215
17-09-2007,8.1,13.215
22-09-2007,8.139,13.218
28-09-2007,8.179,13.222
03-10-2007,8.218,13.225
09-10-2007,8.257,13.229
14-10-2007,8.296,13.232
20-10-2007,8.336,13.236
25-10-2007,8.375,13.239
31-10-2007,8.375,13.239
03-11-2007,8.375,13.239
06-11-2007,8.414,13.243
10-11-2007,8.454,13.246
13-11-2007,8.493,13.25
16-11-2007,8.532,13.253
20-11-2007,8.571,13.257
23-11-2007,8.611,13.26
26-11-2007,8.65,13.264
30-11-2007,8.65,13.264
02-12-2007,8.65,13.264
04-12-2007,8.689,13.267
06-12-2007,8.729,13.271
08-12-2007,8.768,13.274
11-12-2007,8.807,13.278
13-12-2007,8.846,13.281
15-12-2007,8.886,13.285
17-12-2007,8.925,13.288
20-12-2007,8.925,13.288
24-12-2007,8.925,13.288
29-12-2007,8.964,13.291
02-01-2008,9.004,13.295
07-01-2008,9.043,13.298
11-01-2008,9.082,13.302
16-01-2008,9.121,13.305
20-01-2008,9.161,13.309
25-01-2008,9.2,13.312
30-01-2008,9.2,13.312
01-02-2008,9.2,13.218
03-02-2008,9.217,13.231
05-02-2008,9.233,13.245
07-02-2008,9.25,13.258
10-02-2008,9.267,13.272
12-02-2008,9.284,13.285
14-02-2008,9.3,13.299
16-02-2008,9.317,13.312
19-02-2008,9.317,13.218
21-02-2008,9.317,13.125
23-02-2008,9.334,13.138
25-02-2008,9.35,13.152
27-02-2008,9.367,13.165
29-02-2008,9.383,13.178
02-03-2008,9.4,13.191
04-03-2008,9.416,13.205
06-03-2008,9.433,13.218
09-03-2008,9.433,13.125
14-03-2008,9.433,13.031
19-03-2008,9.45,13.044
24-03-2008,9.466,13.058
29-03-2008,9.483,13.071
03-04-2008,9.5,13.085
08-04-2008,9.517,13.098
13-04-2008,9.533,13.112
18-04-2008,9.55,13.125
23-04-2008,9.55,13.031
25-04-2008,9.55,12.937
27-04-2008,9.567,12.95
29-04-2008,9.583,12.964
01-05-2008,9.6,12.977
03-05-2008,9.617,12.991
05-05-2008,9.634,13.004
07-05-2008,9.65,13.018
09-05-2008,9.667,13.031
12-05-2008,9.667,12.937
14-05-2008,9.667,12.844
16-05-2008,9.684,12.857
19-05-2008,9.7,12.871
21-05-2008,9.717,12.884
23-05-2008,9.733,12.897
26-05-2008,9.75,12.91
28-05-2008,9.766,12.924
30-05-2008,9.783,12.937
02-06-2008,9.783,12.844
07-06-2008,9.783,12.75
13-06-2008,9.8,12.763
19-06-2008,9.816,12.777
24-06-2008,9.833,12.79
30-06-2008,9.85,12.804
06-07-2008,9.867,12.817
11-07-2008,9.883,12.831
17-07-2008,9.9,12.844
23-07-2008,9.9,12.75
25-07-2008,9.9,12.656
27-07-2008,9.917,12.669
29-07-2008,9.933,12.683
31-07-2008,9.95,12.696
03-08-2008,9.967,12.71
05-08-2008,9.984,12.723
07-08-2008,10,12.737
09-08-2008,10.017,12.75
12-08-2008,10.017,12.656
15-08-2008,10.017,12.563
18-08-2008,10.034,12.576
22-08-2008,10.05,12.59
25-08-2008,10.067,12.603
29-08-2008,10.083,12.616
01-09-2008,10.1,12.629
05-09-2008,10.116,12.643
08-09-2008,10.133,12.656
12-09-2008,10.133,12.563
17-09-2008,10.133,12.469
22-09-2008,10.15,12.482
28-09-2008,10.166,12.496
03-10-2008,10.183,12.509
09-10-2008,10.2,12.523
14-10-2008,10.217,12.536
20-10-2008,10.233,12.55
25-10-2008,10.25,12.563
31-10-2008,10.25,12.469
03-11-2008,10.25,12.375
06-11-2008,10.267,12.388
10-11-2008,10.283,12.402
13-11-2008,10.3,12.415
16-11-2008,10.317,12.429
20-11-2008,10.334,12.442
23-11-2008,10.35,12.456
26-11-2008,10.367,12.469
30-11-2008,10.367,12.375
02-12-2008,10.367,12.282
04-12-2008,10.384,12.295
06-12-2008,10.4,12.309
08-12-2008,10.417,12.322
11-12-2008,10.433,12.335
13-12-2008,10.45,12.348
15-12-2008,10.466,12.362
17-12-2008,10.483,12.375
20-12-2008,10.483,12.282
24-12-2008,10.483,12.188
29-12-2008,10.5,12.201
02-01-2009,10.516,12.215
07-01-2009,10.533,12.228
11-01-2009,10.55,12.242
16-01-2009,10.567,12.255
20-01-2009,10.583,12.269
25-01-2009,10.6,12.282
30-01-2009,10.6,12.188
01-02-2009,10.5,11.867
03-02-2009,10.514,11.913
05-02-2009,10.529,11.959
07-02-2009,10.543,12.005
10-02-2009,10.557,12.05
12-02-2009,10.571,12.096
14-02-2009,10.586,12.142
16-02-2009,10.6,12.188
19-02-2009,10.5,11.867
21-02-2009,10.4,11.546
23-02-2009,10.414,11.592
25-02-2009,10.429,11.638
27-02-2009,10.443,11.684
01-03-2009,10.457,11.729
03-03-2009,10.471,11.775
05-03-2009,10.486,11.821
07-03-2009,10.5,11.867
09-03-2009,10.4,11.546
14-03-2009,10.3,11.224
19-03-2009,10.314,11.27
24-03-2009,10.329,11.316
29-03-2009,10.343,11.362
03-04-2009,10.357,11.408
08-04-2009,10.371,11.454
13-04-2009,10.386,11.5
18-04-2009,10.4,11.546
23-04-2009,10.3,11.224
25-04-2009,10.2,10.903
27-04-2009,10.214,10.949
29-04-2009,10.229,10.995
01-05-2009,10.243,11.041
03-05-2009,10.257,11.086
05-05-2009,10.271,11.132
07-05-2009,10.286,11.178
09-05-2009,10.3,11.224
12-05-2009,10.2,10.903
14-05-2009,10.1,10.582
16-05-2009,10.114,10.628
19-05-2009,10.129,10.674
21-05-2009,10.143,10.72
23-05-2009,10.157,10.765
26-05-2009,10.171,10.811
28-05-2009,10.186,10.857
30-05-2009,10.2,10.903
02-06-2009,10.1,10.582
07-06-2009,10,10.26
13-06-2009,10.014,10.306
19-06-2009,10.029,10.352
24-06-2009,10.043,10.398
30-06-2009,10.057,10.444
06-07-2009,10.071,10.49
11-07-2009,10.086,10.536
17-07-2009,10.1,10.582
23-07-2009,10,10.26
25-07-2009,9.9,9.939
27-07-2009,9.914,9.985
29-07-2009,9.929,10.031
31-07-2009,9.943,10.077
03-08-2009,9.957,10.122
05-08-2009,9.971,10.168
07-08-2009,9.986,10.214
09-08-2009,10,10.26
12-08-2009,9.9,9.939
15-08-2009,9.8,9.618
18-08-2009,9.814,9.664
22-08-2009,9.829,9.71
25-08-2009,9.843,9.756
29-08-2009,9.857,9.801
01-09-2009,9.871,9.847
05-09-2009,9.886,9.893
08-09-2009,9.9,9.939
12-09-2009,9.8,9.618
17-09-2009,9.7,9.297
22-09-2009,9.714,9.343
28-09-2009,9.729,9.389
03-10-2009,9.743,9.435
09-10-2009,9.757,9.48
14-10-2009,9.771,9.526
20-10-2009,9.786,9.572
25-10-2009,9.8,9.618
31-10-2009,9.7,9.297
03-11-2009,9.6,8.976
06-11-2009,9.614,9.022
10-11-2009,9.629,9.068
13-11-2009,9.643,9.114
16-11-2009,9.657,9.159
20-11-2009,9.671,9.205
23-11-2009,9.686,9.251
26-11-2009,9.7,9.297
30-11-2009,9.6,8.976
02-12-2009,9.5,8.654
04-12-2009,9.514,8.7
06-12-2009,9.529,8.746
08-12-2009,9.543,8.792
11-12-2009,9.557,8.838
13-12-2009,9.571,8.884
15-12-2009,9.586,8.93
17-12-2009,9.6,8.976
20-12-2009,9.5,8.654
24-12-2009,9.4,8.333
29-12-2009,9.414,8.379
02-01-2010,9.429,8.425
07-01-2010,9.443,8.471
11-01-2010,9.457,8.516
16-01-2010,9.471,8.562
20-01-2010,9.486,8.608
25-01-2010,9.5,8.654
30-01-2010,9.4,8.333
01-02-2010,9.292,8.333
03-02-2010,9.307,8.355
05-02-2010,9.323,8.377
07-02-2010,9.338,8.399
10-02-2010,9.354,8.42
12-02-2010,9.369,8.442
14-02-2010,9.385,8.464
16-02-2010,9.4,8.486
19-02-2010,9.292,8.486
21-02-2010,9.183,8.486
23-02-2010,9.199,8.508
25-02-2010,9.214,8.53
27-02-2010,9.23,8.552
01-03-2010,9.245,8.573
03-03-2010,9.261,8.595
05-03-2010,9.276,8.617
07-03-2010,9.292,8.639
10-03-2010,9.183,8.639
14-03-2010,9.075,8.639
19-03-2010,9.09,8.661
24-03-2010,9.106,8.683
29-03-2010,9.121,8.705
03-04-2010,9.137,8.726
08-04-2010,9.152,8.748
13-04-2010,9.168,8.77
18-04-2010,9.183,8.792
23-04-2010,9.075,8.792
25-04-2010,8.967,8.792
27-04-2010,8.982,8.814
29-04-2010,8.998,8.835
01-05-2010,9.013,8.857
03-05-2010,9.029,8.879
05-05-2010,9.044,8.901
07-05-2010,9.06,8.922
09-05-2010,9.075,8.944
12-05-2010,8.967,8.944
14-05-2010,8.858,8.944
16-05-2010,8.874,8.966
19-05-2010,8.889,8.988
21-05-2010,8.905,9.01
23-05-2010,8.92,9.031
26-05-2010,8.936,9.053
28-05-2010,8.951,9.075
30-05-2010,8.967,9.097
02-06-2010,8.858,9.097
07-06-2010,8.75,9.097
13-06-2010,8.765,9.119
19-06-2010,8.781,9.141
24-06-2010,8.796,9.163
30-06-2010,8.812,9.184
06-07-2010,8.827,9.206
11-07-2010,8.843,9.228
17-07-2010,8.858,9.25
23-07-2010,8.75,9.25
25-07-2010,8.642,9.25
27-07-2010,8.657,9.272
29-07-2010,8.673,9.294
31-07-2010,8.688,9.316
03-08-2010,8.704,9.337
05-08-2010,8.719,9.359
07-08-2010,8.735,9.381
09-08-2010,8.75,9.403
12-08-2010,8.642,9.403
15-08-2010,8.533,9.403
18-08-2010,8.549,9.425
22-08-2010,8.564,9.447
25-08-2010,8.58,9.469
29-08-2010,8.595,9.49
01-09-2010,8.611,9.512
05-09-2010,8.626,9.534
08-09-2010,8.642,9.556
12-09-2010,8.533,9.556
17-09-2010,8.425,9.556
22-09-2010,8.44,9.578
28-09-2010,8.456,9.599
03-10-2010,8.471,9.621
09-10-2010,8.487,9.643
14-10-2010,8.502,9.665
20-10-2010,8.518,9.686
25-10-2010,8.533,9.708
31-10-2010,8.425,9.708
03-11-2010,8.317,9.708
06-11-2010,8.332,9.73
10-11-2010,8.348,9.752
13-11-2010,8.363,9.774
16-11-2010,8.379,9.795
20-11-2010,8.394,9.817
23-11-2010,8.41,9.839
26-11-2010,8.425,9.861
30-11-2010,8.317,9.861
02-12-2010,8.208,9.861
04-12-2010,8.224,9.883
06-12-2010,8.239,9.905
08-12-2010,8.255,9.927
11-12-2010,8.27,9.948
13-12-2010,8.286,9.97
15-12-2010,8.301,9.992
17-12-2010,8.317,10.014
20-12-2010,8.208,10.014
23-12-2010,8.1,10.014
27-12-2010,8.115,10.036
31-12-2010,8.131,10.058
04-01-2011,8.146,10.08
07-01-2011,8.162,10.101
11-01-2011,8.177,10.123
15-01-2011,8.193,10.145
19-01-2011,8.208,10.167
23-01-2011,8.1,10.167
25-01-2011,8.1,10.167
27-01-2011,8.123,10.172
29-01-2011,8.145,10.177
31-01-2011,8.168,10.182
03-02-2011,8.19,10.188
05-02-2011,8.213,10.193
07-02-2011,8.235,10.198
09-02-2011,8.258,10.203
12-02-2011,8.258,10.203
15-02-2011,8.258,10.203
18-02-2011,8.281,10.208
21-02-2011,8.303,10.214
24-02-2011,8.326,10.219
27-02-2011,8.349,10.224
02-03-2011,8.372,10.229
05-03-2011,8.394,10.235
08-03-2011,8.417,10.24
12-03-2011,8.417,10.24
16-03-2011,8.417,10.24
20-03-2011,8.44,10.245
25-03-2011,8.462,10.25
29-03-2011,8.485,10.255
02-04-2011,8.507,10.261
07-04-2011,8.53,10.266
11-04-2011,8.552,10.271
15-04-2011,8.575,10.276
20-04-2011,8.575,10.276
22-04-2011,8.575,10.276
24-04-2011,8.598,10.281
27-04-2011,8.62,10.287
29-04-2011,8.643,10.292
02-05-2011,8.665,10.297
04-05-2011,8.688,10.302
07-05-2011,8.71,10.308
09-05-2011,8.733,10.313
12-05-2011,8.733,10.313
15-05-2011,8.733,10.313
19-05-2011,8.756,10.318
23-05-2011,8.778,10.323
27-05-2011,8.801,10.328
31-05-2011,8.824,10.334
04-06-2011,8.847,10.339
08-06-2011,8.869,10.344
12-06-2011,8.892,10.349
16-06-2011,8.892,10.349
20-06-2011,8.892,10.349
24-06-2011,8.915,10.354
29-06-2011,8.937,10.36
03-07-2011,8.96,10.365
08-07-2011,8.982,10.37
12-07-2011,9.005,10.375
17-07-2011,9.027,10.381
21-07-2011,9.05,10.386
26-07-2011,9.05,10.386
30-07-2011,9.05,10.386
03-08-2011,9.073,10.391
07-08-2011,9.095,10.396
11-08-2011,9.118,10.401
15-08-2011,9.14,10.407
19-08-2011,9.163,10.412
23-08-2011,9.185,10.417
27-08-2011,9.208,10.422
31-08-2011,9.208,10.422
01-09-2011,9.208,10.422
03-09-2011,9.231,10.427
05-09-2011,9.253,10.432
07-09-2011,9.276,10.437
08-09-2011,9.299,10.443
10-09-2011,9.322,10.448
12-09-2011,9.344,10.453
14-09-2011,9.367,10.458
16-09-2011,9.367,10.458
20-09-2011,9.367,10.458
25-09-2011,9.39,10.463
30-09-2011,9.412,10.469
04-10-2011,9.435,10.474
09-10-2011,9.457,10.479
14-10-2011,9.48,10.484
18-10-2011,9.502,10.49
23-10-2011,9.525,10.495
28-10-2011,9.525,10.495
31-10-2011,9.525,10.495
04-11-2011,9.548,10.5
08-11-2011,9.57,10.505
11-11-2011,9.593,10.51
15-11-2011,9.615,10.516
19-11-2011,9.638,10.521
22-11-2011,9.66,10.526
26-11-2011,9.683,10.531
30-11-2011,9.683,10.531
01-12-2011,9.683,10.531
03-12-2011,9.706,10.536
05-12-2011,9.728,10.542
07-12-2011,9.751,10.547
08-12-2011,9.774,10.552
10-12-2011,9.797,10.557
12-12-2011,9.819,10.563
14-12-2011,9.842,10.568
16-12-2011,9.842,10.568
20-12-2011,9.842,10.568
24-12-2011,9.865,10.573
29-12-2011,9.887,10.578
02-01-2012,9.91,10.583
06-01-2012,9.932,10.589
11-01-2012,9.955,10.594
15-01-2012,9.977,10.599
19-01-2012,10,10.604
24-01-2012,10,10.604
26-01-2012,9.95,10.578
29-01-2012,9.957,10.582
01-02-2012,9.964,10.585
04-02-2012,9.971,10.589
07-02-2012,9.979,10.593
10-02-2012,9.986,10.597
13-02-2012,9.993,10.6
16-02-2012,10,10.604
19-02-2012,9.95,10.578
21-02-2012,9.9,10.552
24-02-2012,9.907,10.556
27-02-2012,9.914,10.559
01-03-2012,9.921,10.563
03-03-2012,9.929,10.567
06-03-2012,9.936,10.571
09-03-2012,9.943,10.574
12-03-2012,9.95,10.578
15-03-2012,9.9,10.552
18-03-2012,9.85,10.526
22-03-2012,9.857,10.53
26-03-2012,9.864,10.533
29-03-2012,9.871,10.537
02-04-2012,9.879,10.541
06-04-2012,9.886,10.545
09-04-2012,9.893,10.548
13-04-2012,9.9,10.552
17-04-2012,9.85,10.526
21-04-2012,9.8,10.5
26-04-2012,9.807,10.504
01-05-2012,9.814,10.507
06-05-2012,9.821,10.511
11-05-2012,9.829,10.515
16-05-2012,9.836,10.519
21-05-2012,9.843,10.522
26-05-2012,9.85,10.526
31-05-2012,9.8,10.5
02-06-2012,9.75,10.474
04-06-2012,9.757,10.478
06-06-2012,9.764,10.481
08-06-2012,9.771,10.485
10-06-2012,9.779,10.489
12-06-2012,9.786,10.493
14-06-2012,9.793,10.496
16-06-2012,9.8,10.5
18-06-2012,9.75,10.474
22-06-2012,9.7,10.448
27-06-2012,9.707,10.452
02-07-2012,9.714,10.455
07-07-2012,9.721,10.459
11-07-2012,9.729,10.463
16-07-2012,9.736,10.467
21-07-2012,9.743,10.47
26-07-2012,9.75,10.474
31-07-2012,9.7,10.448
03-08-2012,9.65,10.422
06-08-2012,9.657,10.426
10-08-2012,9.664,10.429
13-08-2012,9.671,10.433
17-08-2012,9.679,10.437
20-08-2012,9.686,10.441
24-08-2012,9.693,10.444
27-08-2012,9.7,10.448
31-08-2012,9.65,10.422
01-09-2012,9.6,10.396
03-09-2012,9.607,10.4
05-09-2012,9.614,10.403
07-09-2012,9.621,10.407
09-09-2012,9.629,10.411
11-09-2012,9.636,10.415
13-09-2012,9.643,10.418
15-09-2012,9.65,10.422
17-09-2012,9.6,10.396
21-09-2012,9.55,10.37
26-09-2012,9.557,10.374
01-10-2012,9.564,10.377
06-10-2012,9.571,10.381
10-10-2012,9.579,10.385
15-10-2012,9.586,10.389
20-10-2012,9.593,10.392
25-10-2012,9.6,10.396
30-10-2012,9.55,10.37
02-11-2012,9.5,10.344
05-11-2012,9.507,10.348
09-11-2012,9.514,10.351
12-11-2012,9.521,10.355
16-11-2012,9.529,10.359
19-11-2012,9.536,10.363
23-11-2012,9.543,10.366
26-11-2012,9.55,10.37
30-11-2012,9.5,10.344
02-12-2012,9.45,10.318
04-12-2012,9.457,10.322
06-12-2012,9.464,10.325
08-12-2012,9.471,10.329
10-12-2012,9.479,10.333
12-12-2012,9.486,10.337
14-12-2012,9.493,10.34
16-12-2012,9.5,10.344
18-12-2012,9.45,10.318
22-12-2012,9.4,10.292
27-12-2012,9.407,10.296
01-01-2013,9.414,10.299
05-01-2013,9.421,10.303
10-01-2013,9.429,10.307
15-01-2013,9.436,10.311
19-01-2013,9.443,10.314
24-01-2013,9.45,10.318
29-01-2013,9.4,10.292
03-02-2013,8.95,10.287
08-02-2013,9.014,10.288
14-02-2013,9.079,10.288
19-02-2013,9.143,10.289
25-02-2013,9.207,10.29
02-03-2013,9.271,10.291
08-03-2013,9.336,10.291
13-03-2013,9.4,10.292
19-03-2013,8.95,10.287
24-03-2013,8.5,10.282
29-03-2013,8.564,10.283
03-04-2013,8.629,10.283
08-04-2013,8.693,10.284
13-04-2013,8.757,10.285
18-04-2013,8.821,10.286
23-04-2013,8.886,10.286
28-04-2013,8.95,10.287
03-05-2013,8.5,10.282
08-05-2013,8.05,10.276
13-05-2013,8.114,10.277
18-05-2013,8.179,10.278
23-05-2013,8.243,10.279
28-05-2013,8.307,10.279
02-06-2013,8.371,10.28
07-06-2013,8.436,10.281
12-06-2013,8.5,10.282
17-06-2013,8.05,10.276
21-06-2013,7.6,10.271
26-06-2013,7.664,10.272
01-07-2013,7.729,10.272
06-07-2013,7.793,10.273
10-07-2013,7.857,10.274
15-07-2013,7.921,10.275
20-07-2013,7.986,10.275
25-07-2013,8.05,10.276
30-07-2013,7.6,10.271
04-08-2013,7.15,10.266
10-08-2013,7.214,10.267
16-08-2013,7.279,10.267
22-08-2013,7.343,10.268
27-08-2013,7.407,10.269
02-09-2013,7.471,10.27
08-09-2013,7.536,10.27
14-09-2013,7.6,10.271
20-09-2013,7.15,10.266
24-09-2013,6.7,10.26
28-09-2013,6.764,10.261
03-10-2013,6.829,10.262
07-10-2013,6.893,10.263
11-10-2013,6.957,10.263
16-10-2013,7.021,10.264
20-10-2013,7.086,10.265
24-10-2013,7.15,10.266
29-10-2013,6.7,10.26
03-11-2013,6.25,10.255
09-11-2013,6.314,10.256
14-11-2013,6.379,10.256
20-11-2013,6.443,10.257
25-11-2013,6.507,10.258
01-12-2013,6.571,10.259
06-12-2013,6.636,10.259
12-12-2013,6.7,10.26
18-12-2013,6.25,10.255
22-12-2013,5.8,10.25
27-12-2013,5.864,10.251
31-12-2013,5.929,10.251
05-01-2014,5.993,10.252
09-01-2014,6.057,10.253
14-01-2014,6.121,10.254
18-01-2014,6.186,10.254
23-01-2014,6.25,10.255
28-01-2014,5.8,10.25
04-02-2014,5.65,10.21
11-02-2014,5.671,10.216
18-02-2014,5.693,10.221
25-02-2014,5.714,10.227
04-03-2014,5.736,10.233
11-03-2014,5.757,10.239
18-03-2014,5.779,10.244
25-03-2014,5.8,10.25
01-04-2014,5.65,10.21
08-04-2014,5.5,10.169
15-04-2014,5.521,10.175
22-04-2014,5.543,10.181
29-04-2014,5.564,10.187
06-05-2014,5.586,10.192
13-05-2014,5.607,10.198
20-05-2014,5.629,10.204
27-05-2014,5.65,10.21
03-06-2014,5.5,10.169
10-06-2014,5.35,10.129
17-06-2014,5.371,10.135
24-06-2014,5.393,10.14
01-07-2014,5.414,10.146
08-07-2014,5.436,10.152
15-07-2014,5.457,10.158
22-07-2014,5.479,10.163
29-07-2014,5.5,10.169
05-08-2014,5.35,10.129
11-08-2014,5.2,10.089
17-08-2014,5.221,10.095
23-08-2014,5.243,10.1
29-08-2014,5.264,10.106
05-09-2014,5.286,10.112
11-09-2014,5.307,10.118
17-09-2014,5.329,10.123
23-09-2014,5.35,10.129
30-09-2014,5.2,10.089
07-10-2014,5.05,10.048
14-10-2014,5.071,10.054
21-10-2014,5.093,10.06
28-10-2014,5.114,10.066
04-11-2014,5.136,10.071
11-11-2014,5.157,10.077
18-11-2014,5.179,10.083
25-11-2014,5.2,10.089
02-12-2014,5.05,10.048
06-12-2014,4.9,10.008
11-12-2014,4.921,10.014
16-12-2014,4.943,10.019
21-12-2014,4.964,10.025
26-12-2014,4.986,10.031
31-12-2014,5.007,10.037
05-01-2015,5.029,10.042
10-01-2015,5.05,10.048
15-01-2015,4.9,10.008
17-01-2015,4.85,9.966
19-01-2015,4.857,9.972
21-01-2015,4.864,9.978
23-01-2015,4.871,9.984
25-01-2015,4.879,9.99
27-01-2015,4.886,9.996
29-01-2015,4.893,10.002
31-01-2015,4.9,10.008
03-02-2015,4.85,9.966
06-02-2015,4.8,9.924
09-02-2015,4.807,9.93
12-02-2015,4.814,9.936
15-02-2015,4.821,9.942
19-02-2015,4.829,9.948
22-02-2015,4.836,9.954
25-02-2015,4.843,9.96
28-02-2015,4.85,9.966
04-03-2015,4.8,9.924
07-03-2015,4.75,9.882
11-03-2015,4.757,9.888
15-03-2015,4.764,9.894
19-03-2015,4.771,9.9
22-03-2015,4.779,9.906
26-03-2015,4.786,9.912
30-03-2015,4.793,9.918
03-04-2015,4.8,9.924
07-04-2015,4.75,9.882
13-04-2015,4.7,9.84
19-04-2015,4.707,9.846
25-04-2015,4.714,9.852
01-05-2015,4.721,9.858
08-05-2015,4.729,9.864
14-05-2015,4.736,9.87
20-05-2015,4.743,9.876
26-05-2015,4.75,9.882
02-06-2015,4.7,9.84
09-06-2015,4.65,9.798
16-06-2015,4.657,9.804
23-06-2015,4.664,9.81
30-06-2015,4.671,9.816
07-07-2015,4.679,9.822
14-07-2015,4.686,9.828
21-07-2015,4.693,9.834
28-07-2015,4.7,9.84
04-08-2015,4.65,9.798
10-08-2015,4.6,9.756
16-08-2015,4.607,9.762
22-08-2015,4.614,9.768
28-08-2015,4.621,9.774
04-09-2015,4.629,9.78
10-09-2015,4.636,9.786
16-09-2015,4.643,9.792
22-09-2015,4.65,9.798
29-09-2015,4.6,9.756
06-10-2015,4.55,9.714
13-10-2015,4.557,9.72
20-10-2015,4.564,9.726
27-10-2015,4.571,9.732
03-11-2015,4.579,9.738
10-11-2015,4.586,9.744
17-11-2015,4.593,9.75
24-11-2015,4.6,9.756
01-12-2015,4.55,9.714
08-12-2015,4.5,9.672
15-12-2015,4.507,9.678
22-12-2015,4.514,9.684
29-12-2015,4.521,9.69
05-01-2016,4.529,9.696
12-01-2016,4.536,9.702
19-01-2016,4.543,9.708
26-01-2016,4.55,9.714
02-02-2016,4.5,9.672
09-02-2016,4.35,9.645
16-02-2016,4.371,9.649
23-02-2016,4.393,9.653
01-03-2016,4.414,9.657
08-03-2016,4.436,9.66
15-03-2016,4.457,9.664
22-03-2016,4.479,9.668
29-03-2016,4.5,9.672
05-04-2016,4.35,9.645
12-04-2016,4.2,9.617
19-04-2016,4.221,9.621
26-04-2016,4.243,9.625
03-05-2016,4.264,9.629
10-05-2016,4.286,9.633
17-05-2016,4.307,9.637
24-05-2016,4.329,9.641
31-05-2016,4.35,9.645
07-06-2016,4.2,9.617
14-06-2016,4.05,9.59
21-06-2016,4.071,9.594
28-06-2016,4.093,9.598
05-07-2016,4.114,9.602
12-07-2016,4.136,9.605
19-07-2016,4.157,9.609
26-07-2016,4.179,9.613
02-08-2016,4.2,9.617
09-08-2016,4.05,9.59
15-08-2016,3.9,9.563
21-08-2016,3.921,9.567
27-08-2016,3.943,9.571
02-09-2016,3.964,9.575
09-09-2016,3.986,9.578
15-09-2016,4.007,9.582
21-09-2016,4.029,9.586
27-09-2016,4.05,9.59
04-10-2016,3.9,9.563
11-10-2016,3.75,9.535
18-10-2016,3.771,9.539
25-10-2016,3.793,9.543
01-11-2016,3.814,9.547
08-11-2016,3.836,9.551
15-11-2016,3.857,9.555
22-11-2016,3.879,9.559
29-11-2016,3.9,9.563
07-12-2016,3.75,9.535
14-12-2016,3.6,9.508
21-12-2016,3.621,9.512
28-12-2016,3.643,9.516
04-01-2017,3.664,9.52
11-01-2017,3.686,9.523
18-01-2017,3.707,9.527
25-01-2017,3.729,9.531
01-02-2017,3.75,9.535
08-02-2017,3.6,9.508
14-02-2017,3.567,9.499
20-02-2017,3.572,9.5
27-02-2017,3.576,9.502
05-03-2017,3.581,9.503
11-03-2017,3.586,9.504
18-03-2017,3.591,9.505
24-03-2017,3.595,9.507
30-03-2017,3.6,9.508
06-04-2017,3.567,9.499
12-04-2017,3.533,9.49
19-04-2017,3.538,9.491
26-04-2017,3.543,9.493
03-05-2017,3.548,9.494
10-05-2017,3.552,9.495
17-05-2017,3.557,9.496
24-05-2017,3.562,9.498
31-05-2017,3.567,9.499
07-06-2017,3.533,9.49
13-06-2017,3.5,9.481
19-06-2017,3.505,9.482
25-06-2017,3.509,9.484
01-07-2017,3.514,9.485
08-07-2017,3.519,9.486
14-07-2017,3.524,9.487
20-07-2017,3.528,9.489
26-07-2017,3.533,9.49
02-08-2017,3.5,9.481
09-08-2017,3.467,9.472
16-08-2017,3.472,9.473
23-08-2017,3.476,9.475
30-08-2017,3.481,9.476
06-09-2017,3.486,9.477
13-09-2017,3.491,9.478
20-09-2017,3.495,9.48
27-09-2017,3.5,9.481
04-10-2017,3.467,9.472
11-10-2017,3.433,9.463
18-10-2017,3.438,9.464
25-10-2017,3.443,9.466
01-11-2017,3.448,9.467
08-11-2017,3.452,9.468
15-11-2017,3.457,9.469
22-11-2017,3.462,9.471
29-11-2017,3.467,9.472
06-12-2017,3.433,9.463
13-12-2017,3.4,9.454
20-12-2017,3.405,9.455
27-12-2017,3.409,9.457
03-01-2018,3.414,9.458
10-01-2018,3.419,9.459
17-01-2018,3.424,9.46
24-01-2018,3.428,9.462
31-01-2018,3.433,9.463
07-02-2018,3.4,9.454
13-02-2018,3.4,9.454
19-02-2018,3.433,9.454
26-02-2018,3.467,9.455
04-03-2018,3.5,9.455
10-03-2018,3.533,9.455
17-03-2018,3.566,9.455
23-03-2018,3.6,9.456
29-03-2018,3.633,9.456
05-04-2018,3.633,9.456
11-04-2018,3.633,9.456
18-04-2018,3.666,9.456
25-04-2018,3.7,9.457
02-05-2018,3.733,9.457
09-05-2018,3.767,9.457
16-05-2018,3.8,9.457
23-05-2018,3.834,9.458
30-05-2018,3.867,9.458
06-06-2018,3.867,9.458
12-06-2018,3.867,9.458
18-06-2018,3.9,9.458
24-06-2018,3.934,9.459
30-06-2018,3.967,9.459
07-07-2018,4,9.459
13-07-2018,4.033,9.459
19-07-2018,4.067,9.46
25-07-2018,4.1,9.46
01-08-2018,4.1,9.46
08-08-2018,4.1,9.46
15-08-2018,4.133,9.46
22-08-2018,4.167,9.461
29-08-2018,4.2,9.461
06-09-2018,4.233,9.461
13-09-2018,4.266,9.461
20-09-2018,4.3,9.462
27-09-2018,4.333,9.462
05-10-2018,4.333,9.462
11-10-2018,4.333,9.462
18-10-2018,4.366,9.462
25-10-2018,4.4,9.463
01-11-2018,4.433,9.463
07-11-2018,4.467,9.463
14-11-2018,4.5,9.463
21-11-2018,4.534,9.464
28-11-2018,4.567,9.464
05-12-2018,4.567,9.464
12-12-2018,4.567,9.464
19-12-2018,4.6,9.464
26-12-2018,4.634,9.465
02-01-2019,4.667,9.465
09-01-2019,4.7,9.465
16-01-2019,4.733,9.465
23-01-2019,4.767,9.466
30-01-2019,4.8,9.466
07-02-2019,4.8,9.466
13-02-2019,4.8,9.413
19-02-2019,4.833,9.421
25-02-2019,4.867,9.428
03-03-2019,4.9,9.436
10-03-2019,4.933,9.443
16-03-2019,4.966,9.451
22-03-2019,5,9.458
28-03-2019,5.033,9.466
04-04-2019,5.033,9.413
11-04-2019,5.033,9.361
18-04-2019,5.066,9.368
25-04-2019,5.1,9.376
02-05-2019,5.133,9.383
09-05-2019,5.167,9.391
16-05-2019,5.2,9.398
23-05-2019,5.234,9.406
30-05-2019,5.267,9.413
06-06-2019,5.267,9.361
12-06-2019,5.267,9.308
19-06-2019,5.3,9.316
26-06-2019,5.334,9.323
03-07-2019,5.367,9.331
10-07-2019,5.4,9.338
17-07-2019,5.433,9.346
24-07-2019,5.467,9.353
31-07-2019,5.5,9.361
07-08-2019,5.5,9.308
13-08-2019,5.5,9.255
19-08-2019,5.533,9.263
26-08-2019,5.567,9.27
01-09-2019,5.6,9.278
08-09-2019,5.633,9.285
14-09-2019,5.666,9.293
21-09-2019,5.7,9.3
27-09-2019,5.733,9.308
04-10-2019,5.733,9.255
10-10-2019,5.733,9.203
17-10-2019,5.766,9.21
24-10-2019,5.8,9.218
31-10-2019,5.833,9.225
07-11-2019,5.867,9.233
14-11-2019,5.9,9.24
21-11-2019,5.934,9.248
28-11-2019,5.967,9.255
05-12-2019,5.967,9.203
12-12-2019,5.967,9.15
19-12-2019,6,9.158
26-12-2019,6.034,9.165
02-01-2020,6.067,9.173
09-01-2020,6.1,9.18
16-01-2020,6.133,9.188
23-01-2020,6.167,9.195
30-01-2020,6.2,9.203
06-02-2020,6.2,9.15
11-02-2020,6.083,9.075
17-02-2020,6.1,9.086
22-02-2020,6.116,9.096
28-02-2020,6.133,9.107
04-03-2020,6.15,9.118
10-03-2020,6.167,9.129
15-03-2020,6.183,9.139
21-03-2020,6.2,9.15
27-03-2020,6.083,9.075
02-04-2020,5.967,8.999
08-04-2020,5.984,9.01
14-04-2020,6,9.021
20-04-2020,6.017,9.032
27-04-2020,6.033,9.042
03-05-2020,6.05,9.053
09-05-2020,6.066,9.064
15-05-2020,6.083,9.075
22-05-2020,5.967,8.999
30-05-2020,5.85,8.924
07-06-2020,5.867,8.935
16-06-2020,5.883,8.945
24-06-2020,5.9,8.956
03-07-2020,5.917,8.967
11-07-2020,5.934,8.978
20-07-2020,5.95,8.988
28-07-2020,5.967,8.999
06-08-2020,5.85,8.924
13-08-2020,5.733,8.849
20-08-2020,5.75,8.86
27-08-2020,5.766,8.87
03-09-2020,5.783,8.881
10-09-2020,5.8,8.892
17-09-2020,5.817,8.903
24-09-2020,5.833,8.913
01-10-2020,5.85,8.924
09-10-2020,5.733,8.849
15-10-2020,5.617,8.773
21-10-2020,5.634,8.784
27-10-2020,5.65,8.795
02-11-2020,5.667,8.806
09-11-2020,5.683,8.816
15-11-2020,5.7,8.827
21-11-2020,5.716,8.838
27-11-2020,5.733,8.849
04-12-2020,5.617,8.773
11-12-2020,5.5,8.698
18-12-2020,5.517,8.709
25-12-2020,5.533,8.719
01-01-2021,5.55,8.73
08-01-2021,5.567,8.741
15-01-2021,5.584,8.752
22-01-2021,5.6,8.762
29-01-2021,5.617,8.773
05-02-2021,5.5,8.698
11-02-2021,5.5,8.676
18-02-2021,5.529,8.679
25-02-2021,5.557,8.682
04-03-2021,5.586,8.685
10-03-2021,5.614,8.689
17-03-2021,5.643,8.692
24-03-2021,5.671,8.695
31-03-2021,5.7,8.698
07-04-2021,5.7,8.676
13-04-2021,5.7,8.654
19-04-2021,5.729,8.657
26-04-2021,5.757,8.66
02-05-2021,5.786,8.663
09-05-2021,5.814,8.667
15-05-2021,5.843,8.67
22-05-2021,5.871,8.673
28-05-2021,5.9,8.676
04-06-2021,5.9,8.654
11-06-2021,5.9,8.632
18-06-2021,5.929,8.635
25-06-2021,5.957,8.638
02-07-2021,5.986,8.641
09-07-2021,6.014,8.645
16-07-2021,6.043,8.648
23-07-2021,6.071,8.651
30-07-2021,6.1,8.654
06-08-2021,6.1,8.632
13-08-2021,6.1,8.611
20-08-2021,6.129,8.614
27-08-2021,6.157,8.617
03-09-2021,6.186,8.62
10-09-2021,6.214,8.623
17-09-2021,6.243,8.626
24-09-2021,6.271,8.629
01-10-2021,6.3,8.632
08-10-2021,6.3,8.611
14-10-2021,6.3,8.589
21-10-2021,6.329,8.592
28-10-2021,6.357,8.595
04-11-2021,6.386,8.598
10-11-2021,6.414,8.602
17-11-2021,6.443,8.605
24-11-2021,6.471,8.608
01-12-2021,6.5,8.611
08-12-2021,6.5,8.589
15-12-2021,6.5,8.567
22-12-2021,6.529,8.57
29-12-2021,6.557,8.573
05-01-2022,6.586,8.576
12-01-2022,6.614,8.58
19-01-2022,6.643,8.583
26-01-2022,6.671,8.586
02-02-2022,6.7,8.589
10-02-2022,6.7,8.567
16-02-2022,6.514,8.567
22-02-2022,6.541,8.59
01-03-2022,6.567,8.613
07-03-2022,6.594,8.636
13-03-2022,6.62,8.66
20-03-2022,6.647,8.683
26-03-2022,6.673,8.706
01-04-2022,6.7,8.729
08-04-2022,6.514,8.729
10-04-2022,6.329,8.729
13-04-2022,6.355,8.752
16-04-2022,6.382,8.775
19-04-2022,6.408,8.798
22-04-2022,6.435,8.822
25-04-2022,6.461,8.845
28-04-2022,6.488,8.868
01-05-2022,6.514,8.891
04-05-2022,6.329,8.891
07-05-2022,6.143,8.891
11-05-2022,6.17,8.914
15-05-2022,6.196,8.937
19-05-2022,6.223,8.96
23-05-2022,6.249,8.984
27-05-2022,6.276,9.007
31-05-2022,6.302,9.03
04-06-2022,6.329,9.053
08-06-2022,6.143,9.053
14-06-2022,5.957,9.053
20-06-2022,5.984,9.076
27-06-2022,6.01,9.099
03-07-2022,6.037,9.122
10-07-2022,6.063,9.145
16-07-2022,6.09,9.168
23-07-2022,6.116,9.191
29-07-2022,6.143,9.214
05-08-2022,5.957,9.214
11-08-2022,5.771,9.214
17-08-2022,5.798,9.237
23-08-2022,5.824,9.26
29-08-2022,5.851,9.283
05-09-2022,5.877,9.307
11-09-2022,5.904,9.33
17-09-2022,5.93,9.353
23-09-2022,5.957,9.376
30-09-2022,5.771,9.376
07-10-2022,5.586,9.376
15-10-2022,5.612,9.399
22-10-2022,5.639,9.422
30-10-2022,5.665,9.445
06-11-2022,5.692,9.469
14-11-2022,5.718,9.492
21-11-2022,5.745,9.515
29-11-2022,5.771,9.538
07-12-2022,5.586,9.538
14-12-2022,5.4,9.538
21-12-2022,5.427,9.561
28-12-2022,5.453,9.584
04-01-2023,5.48,9.607
11-01-2023,5.506,9.631
18-01-2023,5.533,9.654
25-01-2023,5.559,9.677
01-02-2023,5.586,9.7
08-02-2023,5.4,9.7
14-02-2023,5.233,9.7
20-02-2023,5.257,9.705
27-02-2023,5.281,9.709
05-03-2023,5.305,9.714
11-03-2023,5.328,9.719
18-03-2023,5.352,9.724
24-03-2023,5.376,9.728
30-03-2023,5.4,9.733
06-04-2023,5.233,9.733
13-04-2023,5.067,9.733
20-04-2023,5.091,9.738
27-04-2023,5.114,9.743
04-05-2023,5.138,9.748
11-05-2023,5.162,9.752
18-05-2023,5.186,9.757
25-05-2023,5.209,9.762
01-06-2023,5.233,9.767
08-06-2023,5.067,9.767
15-06-2023,4.9,9.767
22-06-2023,4.924,9.772
29-06-2023,4.948,9.776
06-07-2023,4.972,9.781
13-07-2023,4.995,9.786
20-07-2023,5.019,9.791
27-07-2023,5.043,9.795
03-08-2023,5.067,9.8
10-08-2023,4.9,9.8
16-08-2023,4.733,9.8
22-08-2023,4.757,9.805
29-08-2023,4.781,9.809
04-09-2023,4.805,9.814
10-09-2023,4.828,9.819
17-09-2023,4.852,9.824
23-09-2023,4.876,9.828
29-09-2023,4.9,9.833
06-10-2023,4.733,9.833
13-10-2023,4.567,9.833
20-10-2023,4.591,9.838
27-10-2023,4.614,9.843
03-11-2023,4.638,9.848
10-11-2023,4.662,9.852
17-11-2023,4.686,9.857
24-11-2023,4.709,9.862
01-12-2023,4.733,9.867
08-12-2023,4.567,9.867
14-12-2023,4.4,9.867
21-12-2023,4.424,9.872
28-12-2023,4.448,9.876
04-01-2024,4.472,9.881
11-01-2024,4.495,9.886
18-01-2024,4.519,9.891
25-01-2024,4.543,9.895
01-02-2024,4.567,9.9
08-02-2024,4.4,9.9
14-02-2024,4.35,9.9
20-02-2024,4.357,9.902
27-02-2024,4.364,9.905
04-03-2024,4.371,9.907
10-03-2024,4.379,9.91
17-03-2024,4.386,9.912
23-03-2024,4.393,9.915
29-03-2024,4.4,9.917
05-04-2024,4.35,9.917
12-04-2024,4.3,9.917
19-04-2024,4.307,9.919
26-04-2024,4.314,9.922
03-05-2024,4.321,9.924
10-05-2024,4.329,9.926
17-05-2024,4.336,9.928
24-05-2024,4.343,9.931
31-05-2024,4.35,9.933
07-06-2024,4.3,9.933
13-06-2024,4.25,9.933
20-06-2024,4.257,9.935
27-06-2024,4.264,9.938
04-07-2024,4.271,9.94
11-07-2024,4.279,9.943
18-07-2024,4.286,9.945
25-07-2024,4.293,9.948
01-08-2024,4.3,9.95
08-08-2024,4.25,9.95
14-08-2024,4.2,9.95
21-08-2024,4.207,9.952
28-08-2024,4.214,9.955
04-09-2024,4.221,9.957
11-09-2024,4.229,9.96
18-09-2024,4.236,9.962
25-09-2024,4.243,9.965
02-10-2024,4.25,9.967
09-10-2024,4.2,9.967
15-10-2024,4.15,9.967
21-10-2024,4.157,9.969
28-10-2024,4.164,9.972
03-11-2024,4.171,9.974
10-11-2024,4.179,9.976
16-11-2024,4.186,9.978
23-11-2024,4.193,9.981
29-11-2024,4.2,9.983
06-12-2024,4.15,9.983
13-12-2024,4.1,9.983
20-12-2024,4.107,9.985
27-12-2024,4.114,9.988
03-01-2025,4.121,9.99
10-01-2025,4.129,9.993
17-01-2025,4.136,9.995
24-01-2025,4.143,9.998
31-01-2025,4.15,10
07-02-2025,4.1,10
