Date,Inflation Rate,Economic Growth Rate
30-01-2000,3.8,3.841
01-02-2000,3.8,3.841
03-02-2000,3.807,3.853
05-02-2000,3.814,3.864
07-02-2000,3.821,3.876
10-02-2000,3.829,3.888
12-02-2000,3.836,3.9
14-02-2000,3.843,3.911
16-02-2000,3.85,3.923
19-02-2000,3.85,3.923
21-02-2000,3.85,3.923
23-02-2000,3.857,3.935
25-02-2000,3.864,3.946
27-02-2000,3.871,3.958
29-02-2000,3.879,3.97
02-03-2000,3.886,3.982
04-03-2000,3.893,3.993
06-03-2000,3.9,4.005
09-03-2000,3.9,4.005
14-03-2000,3.9,4.005
19-03-2000,3.907,4.017
24-03-2000,3.914,4.028
29-03-2000,3.921,4.04
03-04-2000,3.929,4.052
08-04-2000,3.936,4.064
13-04-2000,3.943,4.075
18-04-2000,3.95,4.087
23-04-2000,3.95,4.087
25-04-2000,3.95,4.087
27-04-2000,3.957,4.099
29-04-2000,3.964,4.11
01-05-2000,3.971,4.122
03-05-2000,3.979,4.134
05-05-2000,3.986,4.146
07-05-2000,3.993,4.157
09-05-2000,4,4.169
12-05-2000,4,4.169
14-05-2000,4,4.169
16-05-2000,4.007,4.181
19-05-2000,4.014,4.192
21-05-2000,4.021,4.204
23-05-2000,4.029,4.216
26-05-2000,4.036,4.228
28-05-2000,4.043,4.239
30-05-2000,4.05,4.251
02-06-2000,4.05,4.251
07-06-2000,4.05,4.251
13-06-2000,4.057,4.263
19-06-2000,4.064,4.274
24-06-2000,4.071,4.286
30-06-2000,4.079,4.297
06-07-2000,4.086,4.309
11-07-2000,4.093,4.32
17-07-2000,4.1,4.332
23-07-2000,4.1,4.332
25-07-2000,4.1,4.332
27-07-2000,4.107,4.344
29-07-2000,4.114,4.355
31-07-2000,4.121,4.367
03-08-2000,4.129,4.379
05-08-2000,4.136,4.391
07-08-2000,4.143,4.402
09-08-2000,4.15,4.414
12-08-2000,4.15,4.414
15-08-2000,4.15,4.414
18-08-2000,4.157,4.426
22-08-2000,4.164,4.437
25-08-2000,4.171,4.449
29-08-2000,4.179,4.461
01-09-2000,4.186,4.473
05-09-2000,4.193,4.484
08-09-2000,4.2,4.496
12-09-2000,4.2,4.496
17-09-2000,4.2,4.496
22-09-2000,4.207,4.508
28-09-2000,4.214,4.519
03-10-2000,4.221,4.531
09-10-2000,4.229,4.543
14-10-2000,4.236,4.555
20-10-2000,4.243,4.566
25-10-2000,4.25,4.578
31-10-2000,4.25,4.578
03-11-2000,4.25,4.578
06-11-2000,4.257,4.59
10-11-2000,4.264,4.601
13-11-2000,4.271,4.613
16-11-2000,4.279,4.625
20-11-2000,4.286,4.637
23-11-2000,4.293,4.648
26-11-2000,4.3,4.66
30-11-2000,4.3,4.66
02-12-2000,4.3,4.66
04-12-2000,4.307,4.672
06-12-2000,4.314,4.683
08-12-2000,4.321,4.695
11-12-2000,4.329,4.707
13-12-2000,4.336,4.719
15-12-2000,4.343,4.73
17-12-2000,4.35,4.742
20-12-2000,4.35,4.742
24-12-2000,4.35,4.742
29-12-2000,4.357,4.754
02-01-2001,4.364,4.765
07-01-2001,4.371,4.777
11-01-2001,4.379,4.789
16-01-2001,4.386,4.801
20-01-2001,4.393,4.812
25-01-2001,4.4,4.824
30-01-2001,4.4,4.824
01-02-2001,4.4,4.739
03-02-2001,4.407,4.751
05-02-2001,4.414,4.763
07-02-2001,4.421,4.775
10-02-2001,4.429,4.788
12-02-2001,4.436,4.8
14-02-2001,4.443,4.812
16-02-2001,4.45,4.824
19-02-2001,4.45,4.739
21-02-2001,4.45,4.654
23-02-2001,4.457,4.666
25-02-2001,4.464,4.678
27-02-2001,4.471,4.69
01-03-2001,4.479,4.703
03-03-2001,4.486,4.715
05-03-2001,4.493,4.727
07-03-2001,4.5,4.739
09-03-2001,4.5,4.654
14-03-2001,4.5,4.569
19-03-2001,4.507,4.581
24-03-2001,4.514,4.593
29-03-2001,4.521,4.605
03-04-2001,4.529,4.618
08-04-2001,4.536,4.63
13-04-2001,4.543,4.642
18-04-2001,4.55,4.654
23-04-2001,4.55,4.569
25-04-2001,4.55,4.484
27-04-2001,4.557,4.496
29-04-2001,4.564,4.508
01-05-2001,4.571,4.52
03-05-2001,4.579,4.533
05-05-2001,4.586,4.545
07-05-2001,4.593,4.557
09-05-2001,4.6,4.569
12-05-2001,4.6,4.484
14-05-2001,4.6,4.399
16-05-2001,4.607,4.411
19-05-2001,4.614,4.423
21-05-2001,4.621,4.435
23-05-2001,4.629,4.448
26-05-2001,4.636,4.46
28-05-2001,4.643,4.472
30-05-2001,4.65,4.484
02-06-2001,4.65,4.399
07-06-2001,4.65,4.314
13-06-2001,4.657,4.326
19-06-2001,4.664,4.338
24-06-2001,4.671,4.35
30-06-2001,4.679,4.363
06-07-2001,4.686,4.375
11-07-2001,4.693,4.387
17-07-2001,4.7,4.399
23-07-2001,4.7,4.314
25-07-2001,4.7,4.229
27-07-2001,4.707,4.241
29-07-2001,4.714,4.253
31-07-2001,4.721,4.265
03-08-2001,4.729,4.278
05-08-2001,4.736,4.29
07-08-2001,4.743,4.302
09-08-2001,4.75,4.314
12-08-2001,4.75,4.229
15-08-2001,4.75,4.144
18-08-2001,4.757,4.156
22-08-2001,4.764,4.168
25-08-2001,4.771,4.18
29-08-2001,4.779,4.193
01-09-2001,4.786,4.205
05-09-2001,4.793,4.217
08-09-2001,4.8,4.229
12-09-2001,4.8,4.144
17-09-2001,4.8,4.059
22-09-2001,4.807,4.071
28-09-2001,4.814,4.083
03-10-2001,4.821,4.095
09-10-2001,4.829,4.108
14-10-2001,4.836,4.12
20-10-2001,4.843,4.132
25-10-2001,4.85,4.144
31-10-2001,4.85,4.059
03-11-2001,4.85,3.974
06-11-2001,4.857,3.986
10-11-2001,4.864,3.998
13-11-2001,4.871,4.01
16-11-2001,4.879,4.023
20-11-2001,4.886,4.035
23-11-2001,4.893,4.047
26-11-2001,4.9,4.059
30-11-2001,4.9,3.974
02-12-2001,4.9,3.889
04-12-2001,4.907,3.901
06-12-2001,4.914,3.913
08-12-2001,4.921,3.925
11-12-2001,4.929,3.938
13-12-2001,4.936,3.95
15-12-2001,4.943,3.962
17-12-2001,4.95,3.974
20-12-2001,4.95,3.889
24-12-2001,4.95,3.804
29-12-2001,4.957,3.816
02-01-2002,4.964,3.828
07-01-2002,4.971,3.84
11-01-2002,4.979,3.853
16-01-2002,4.986,3.865
20-01-2002,4.993,3.877
25-01-2002,5,3.889
30-01-2002,5,3.804
01-02-2002,4.925,3.804
03-02-2002,4.936,3.852
05-02-2002,4.946,3.901
07-02-2002,4.957,3.949
10-02-2002,4.968,3.997
12-02-2002,4.979,4.045
14-02-2002,4.989,4.094
16-02-2002,5,4.142
19-02-2002,4.925,4.142
21-02-2002,4.85,4.142
23-02-2002,4.861,4.19
25-02-2002,4.871,4.239
27-02-2002,4.882,4.287
01-03-2002,4.893,4.335
03-03-2002,4.904,4.383
05-03-2002,4.914,4.432
07-03-2002,4.925,4.48
09-03-2002,4.85,4.48
14-03-2002,4.775,4.48
19-03-2002,4.786,4.528
24-03-2002,4.796,4.577
29-03-2002,4.807,4.625
03-04-2002,4.818,4.673
08-04-2002,4.829,4.721
13-04-2002,4.839,4.77
18-04-2002,4.85,4.818
23-04-2002,4.775,4.818
25-04-2002,4.7,4.818
27-04-2002,4.711,4.866
29-04-2002,4.721,4.915
01-05-2002,4.732,4.963
03-05-2002,4.743,5.011
05-05-2002,4.754,5.059
07-05-2002,4.764,5.108
09-05-2002,4.775,5.156
12-05-2002,4.7,5.156
14-05-2002,4.625,5.156
16-05-2002,4.636,5.204
19-05-2002,4.646,5.253
21-05-2002,4.657,5.301
23-05-2002,4.668,5.349
26-05-2002,4.679,5.397
28-05-2002,4.689,5.446
30-05-2002,4.7,5.494
02-06-2002,4.625,5.494
07-06-2002,4.55,5.494
13-06-2002,4.561,5.542
19-06-2002,4.571,5.591
24-06-2002,4.582,5.639
30-06-2002,4.593,5.687
06-07-2002,4.604,5.735
11-07-2002,4.614,5.784
17-07-2002,4.625,5.832
23-07-2002,4.55,5.832
25-07-2002,4.475,5.832
27-07-2002,4.486,5.88
29-07-2002,4.496,5.929
31-07-2002,4.507,5.977
03-08-2002,4.518,6.025
05-08-2002,4.529,6.073
07-08-2002,4.539,6.122
09-08-2002,4.55,6.17
12-08-2002,4.475,6.17
15-08-2002,4.4,6.17
18-08-2002,4.411,6.218
22-08-2002,4.421,6.267
25-08-2002,4.432,6.315
29-08-2002,4.443,6.363
01-09-2002,4.454,6.411
05-09-2002,4.464,6.46
08-09-2002,4.475,6.508
12-09-2002,4.4,6.508
17-09-2002,4.325,6.508
22-09-2002,4.336,6.556
28-09-2002,4.346,6.605
03-10-2002,4.357,6.653
09-10-2002,4.368,6.701
14-10-2002,4.379,6.749
20-10-2002,4.389,6.798
25-10-2002,4.4,6.846
31-10-2002,4.325,6.846
03-11-2002,4.25,6.846
06-11-2002,4.261,6.894
10-11-2002,4.271,6.943
13-11-2002,4.282,6.991
16-11-2002,4.293,7.039
20-11-2002,4.304,7.087
23-11-2002,4.314,7.136
26-11-2002,4.325,7.184
30-11-2002,4.25,7.184
02-12-2002,4.175,7.184
04-12-2002,4.186,7.232
06-12-2002,4.196,7.281
08-12-2002,4.207,7.329
11-12-2002,4.218,7.377
13-12-2002,4.229,7.425
15-12-2002,4.239,7.474
17-12-2002,4.25,7.522
20-12-2002,4.175,7.522
24-12-2002,4.1,7.522
29-12-2002,4.111,7.57
02-01-2003,4.121,7.619
07-01-2003,4.132,7.667
11-01-2003,4.143,7.715
16-01-2003,4.154,7.763
20-01-2003,4.164,7.812
25-01-2003,4.175,7.86
30-01-2003,4.1,7.86
01-02-2003,4.092,7.86
03-02-2003,4.093,7.861
05-02-2003,4.094,7.861
07-02-2003,4.095,7.862
10-02-2003,4.097,7.863
12-02-2003,4.098,7.864
14-02-2003,4.099,7.864
16-02-2003,4.1,7.865
19-02-2003,4.092,7.865
21-02-2003,4.083,7.865
23-02-2003,4.084,7.866
25-02-2003,4.086,7.866
27-02-2003,4.087,7.867
01-03-2003,4.088,7.868
03-03-2003,4.089,7.869
05-03-2003,4.091,7.869
07-03-2003,4.092,7.87
09-03-2003,4.083,7.87
14-03-2003,4.075,7.87
19-03-2003,4.076,7.871
24-03-2003,4.077,7.872
29-03-2003,4.078,7.873
03-04-2003,4.08,7.873
08-04-2003,4.081,7.874
13-04-2003,4.082,7.875
18-04-2003,4.083,7.876
23-04-2003,4.075,7.876
25-04-2003,4.067,7.876
27-04-2003,4.068,7.877
29-04-2003,4.069,7.877
01-05-2003,4.07,7.878
03-05-2003,4.072,7.879
05-05-2003,4.073,7.88
07-05-2003,4.074,7.88
09-05-2003,4.075,7.881
12-05-2003,4.067,7.881
14-05-2003,4.058,7.881
16-05-2003,4.059,7.882
19-05-2003,4.061,7.882
21-05-2003,4.062,7.883
23-05-2003,4.063,7.884
26-05-2003,4.064,7.885
28-05-2003,4.066,7.885
30-05-2003,4.067,7.886
02-06-2003,4.058,7.886
07-06-2003,4.05,7.886
13-06-2003,4.051,7.887
19-06-2003,4.052,7.888
24-06-2003,4.053,7.889
30-06-2003,4.055,7.889
06-07-2003,4.056,7.89
11-07-2003,4.057,7.891
17-07-2003,4.058,7.892
23-07-2003,4.05,7.892
25-07-2003,4.042,7.892
27-07-2003,4.043,7.893
29-07-2003,4.044,7.893
31-07-2003,4.045,7.894
03-08-2003,4.047,7.895
05-08-2003,4.048,7.896
07-08-2003,4.049,7.896
09-08-2003,4.05,7.897
12-08-2003,4.042,7.897
15-08-2003,4.033,7.897
18-08-2003,4.034,7.898
22-08-2003,4.036,7.898
25-08-2003,4.037,7.899
29-08-2003,4.038,7.9
01-09-2003,4.039,7.901
05-09-2003,4.041,7.901
08-09-2003,4.042,7.902
12-09-2003,4.033,7.902
17-09-2003,4.025,7.902
22-09-2003,4.026,7.903
28-09-2003,4.027,7.903
03-10-2003,4.028,7.904
09-10-2003,4.03,7.905
14-10-2003,4.031,7.906
20-10-2003,4.032,7.906
25-10-2003,4.033,7.907
31-10-2003,4.025,7.907
03-11-2003,4.017,7.907
06-11-2003,4.018,7.908
10-11-2003,4.019,7.908
13-11-2003,4.02,7.909
16-11-2003,4.022,7.91
20-11-2003,4.023,7.911
23-11-2003,4.024,7.911
26-11-2003,4.025,7.912
30-11-2003,4.017,7.912
02-12-2003,4.008,7.912
04-12-2003,4.009,7.913
06-12-2003,4.011,7.914
08-12-2003,4.012,7.915
11-12-2003,4.013,7.915
13-12-2003,4.014,7.916
15-12-2003,4.016,7.917
17-12-2003,4.017,7.918
20-12-2003,4.008,7.918
24-12-2003,4,7.918
29-12-2003,4.001,7.919
02-01-2004,4.002,7.919
07-01-2004,4.003,7.92
11-01-2004,4.005,7.921
16-01-2004,4.006,7.922
20-01-2004,4.007,7.922
25-01-2004,4.008,7.923
30-01-2004,4,7.923
01-02-2004,3.975,7.923
03-02-2004,3.979,7.923
05-02-2004,3.982,7.923
07-02-2004,3.986,7.923
10-02-2004,3.989,7.923
12-02-2004,3.993,7.923
14-02-2004,3.996,7.923
16-02-2004,4,7.923
19-02-2004,3.975,7.923
21-02-2004,3.95,7.923
23-02-2004,3.954,7.923
25-02-2004,3.957,7.923
27-02-2004,3.961,7.923
29-02-2004,3.964,7.923
02-03-2004,3.968,7.923
04-03-2004,3.971,7.923
06-03-2004,3.975,7.923
09-03-2004,3.95,7.923
14-03-2004,3.925,7.923
19-03-2004,3.929,7.923
24-03-2004,3.932,7.923
29-03-2004,3.936,7.923
03-04-2004,3.939,7.923
08-04-2004,3.943,7.923
13-04-2004,3.946,7.923
18-04-2004,3.95,7.923
23-04-2004,3.925,7.923
25-04-2004,3.9,7.923
27-04-2004,3.904,7.923
29-04-2004,3.907,7.923
01-05-2004,3.911,7.923
03-05-2004,3.914,7.923
05-05-2004,3.918,7.923
07-05-2004,3.921,7.923
09-05-2004,3.925,7.923
12-05-2004,3.9,7.923
14-05-2004,3.875,7.923
16-05-2004,3.879,7.923
19-05-2004,3.882,7.923
21-05-2004,3.886,7.923
23-05-2004,3.889,7.923
26-05-2004,3.893,7.923
28-05-2004,3.896,7.923
30-05-2004,3.9,7.923
02-06-2004,3.875,7.923
07-06-2004,3.85,7.923
13-06-2004,3.854,7.923
19-06-2004,3.857,7.923
24-06-2004,3.861,7.923
30-06-2004,3.864,7.923
06-07-2004,3.868,7.923
11-07-2004,3.871,7.923
17-07-2004,3.875,7.923
23-07-2004,3.85,7.923
25-07-2004,3.825,7.923
27-07-2004,3.829,7.923
29-07-2004,3.832,7.923
31-07-2004,3.836,7.923
03-08-2004,3.839,7.923
05-08-2004,3.843,7.923
07-08-2004,3.846,7.923
09-08-2004,3.85,7.923
12-08-2004,3.825,7.923
15-08-2004,3.8,7.923
18-08-2004,3.804,7.923
22-08-2004,3.807,7.923
25-08-2004,3.811,7.923
29-08-2004,3.814,7.923
01-09-2004,3.818,7.923
05-09-2004,3.821,7.923
08-09-2004,3.825,7.923
12-09-2004,3.8,7.923
17-09-2004,3.775,7.923
22-09-2004,3.779,7.923
28-09-2004,3.782,7.923
03-10-2004,3.786,7.923
09-10-2004,3.789,7.923
14-10-2004,3.793,7.923
20-10-2004,3.796,7.923
25-10-2004,3.8,7.923
31-10-2004,3.775,7.923
03-11-2004,3.75,7.923
06-11-2004,3.754,7.923
10-11-2004,3.757,7.923
13-11-2004,3.761,7.923
16-11-2004,3.764,7.923
20-11-2004,3.768,7.923
23-11-2004,3.771,7.923
26-11-2004,3.775,7.923
30-11-2004,3.75,7.923
02-12-2004,3.725,7.923
04-12-2004,3.729,7.923
06-12-2004,3.732,7.923
08-12-2004,3.736,7.923
11-12-2004,3.739,7.923
13-12-2004,3.743,7.923
15-12-2004,3.746,7.923
17-12-2004,3.75,7.923
20-12-2004,3.725,7.923
24-12-2004,3.7,7.923
29-12-2004,3.704,7.923
02-01-2005,3.707,7.923
07-01-2005,3.711,7.923
11-01-2005,3.714,7.923
16-01-2005,3.718,7.923
20-01-2005,3.721,7.923
25-01-2005,3.725,7.923
30-01-2005,3.7,7.923
01-02-2005,3.7,7.923
03-02-2005,3.736,7.925
05-02-2005,3.771,7.926
07-02-2005,3.807,7.928
10-02-2005,3.843,7.929
12-02-2005,3.879,7.931
14-02-2005,3.914,7.932
16-02-2005,3.95,7.934
19-02-2005,3.95,7.934
21-02-2005,3.95,7.934
23-02-2005,3.986,7.936
25-02-2005,4.021,7.937
27-02-2005,4.057,7.939
01-03-2005,4.093,7.941
03-03-2005,4.129,7.943
05-03-2005,4.164,7.944
07-03-2005,4.2,7.946
09-03-2005,4.2,7.946
14-03-2005,4.2,7.946
19-03-2005,4.236,7.948
24-03-2005,4.271,7.949
29-03-2005,4.307,7.951
03-04-2005,4.343,7.953
08-04-2005,4.379,7.955
13-04-2005,4.414,7.956
18-04-2005,4.45,7.958
23-04-2005,4.45,7.958
25-04-2005,4.45,7.958
27-04-2005,4.486,7.96
29-04-2005,4.521,7.961
01-05-2005,4.557,7.963
03-05-2005,4.593,7.964
05-05-2005,4.629,7.966
07-05-2005,4.664,7.967
09-05-2005,4.7,7.969
12-05-2005,4.7,7.969
14-05-2005,4.7,7.969
16-05-2005,4.736,7.971
19-05-2005,4.771,7.972
21-05-2005,4.807,7.974
23-05-2005,4.843,7.975
26-05-2005,4.879,7.977
28-05-2005,4.914,7.978
30-05-2005,4.95,7.98
02-06-2005,4.95,7.98
07-06-2005,4.95,7.98
13-06-2005,4.986,7.982
19-06-2005,5.021,7.983
24-06-2005,5.057,7.985
30-06-2005,5.093,7.987
06-07-2005,5.129,7.989
11-07-2005,5.164,7.99
17-07-2005,5.2,7.992
23-07-2005,5.2,7.992
25-07-2005,5.2,7.992
27-07-2005,5.236,7.994
29-07-2005,5.271,7.995
31-07-2005,5.307,7.997
03-08-2005,5.343,7.999
05-08-2005,5.379,8.001
07-08-2005,5.414,8.002
09-08-2005,5.45,8.004
12-08-2005,5.45,8.004
15-08-2005,5.45,8.004
18-08-2005,5.486,8.006
22-08-2005,5.521,8.007
25-08-2005,5.557,8.009
29-08-2005,5.593,8.01
01-09-2005,5.629,8.012
05-09-2005,5.664,8.013
08-09-2005,5.7,8.015
12-09-2005,5.7,8.015
17-09-2005,5.7,8.015
22-09-2005,5.736,8.017
28-09-2005,5.771,8.018
03-10-2005,5.807,8.02
09-10-2005,5.843,8.021
14-10-2005,5.879,8.023
20-10-2005,5.914,8.024
25-10-2005,5.95,8.026
31-10-2005,5.95,8.026
03-11-2005,5.95,8.026
06-11-2005,5.986,8.028
10-11-2005,6.021,8.029
13-11-2005,6.057,8.031
16-11-2005,6.093,8.033
20-11-2005,6.129,8.035
23-11-2005,6.164,8.036
26-11-2005,6.2,8.038
30-11-2005,6.2,8.038
02-12-2005,6.2,8.038
04-12-2005,6.236,8.04
06-12-2005,6.271,8.041
08-12-2005,6.307,8.043
11-12-2005,6.343,8.045
13-12-2005,6.379,8.047
15-12-2005,6.414,8.048
17-12-2005,6.45,8.05
20-12-2005,6.45,8.05
24-12-2005,6.45,8.05
29-12-2005,6.486,8.052
02-01-2006,6.521,8.053
07-01-2006,6.557,8.055
11-01-2006,6.593,8.056
16-01-2006,6.629,8.058
20-01-2006,6.664,8.059
25-01-2006,6.7,8.061
30-01-2006,6.7,8.061
01-02-2006,6.633,8.028
03-02-2006,6.643,8.033
05-02-2006,6.652,8.037
07-02-2006,6.662,8.042
10-02-2006,6.671,8.047
12-02-2006,6.681,8.052
14-02-2006,6.69,8.056
16-02-2006,6.7,8.061
19-02-2006,6.633,8.028
21-02-2006,6.567,7.994
23-02-2006,6.576,7.999
25-02-2006,6.586,8.004
27-02-2006,6.595,8.009
01-03-2006,6.605,8.013
03-03-2006,6.614,8.018
05-03-2006,6.624,8.023
07-03-2006,6.633,8.028
09-03-2006,6.567,7.994
14-03-2006,6.5,7.961
19-03-2006,6.51,7.966
24-03-2006,6.519,7.97
29-03-2006,6.529,7.975
03-04-2006,6.538,7.98
08-04-2006,6.548,7.985
13-04-2006,6.557,7.989
18-04-2006,6.567,7.994
23-04-2006,6.5,7.961
25-04-2006,6.433,7.928
27-04-2006,6.443,7.933
29-04-2006,6.452,7.937
01-05-2006,6.462,7.942
03-05-2006,6.471,7.947
05-05-2006,6.481,7.952
07-05-2006,6.49,7.956
09-05-2006,6.5,7.961
12-05-2006,6.433,7.928
14-05-2006,6.367,7.894
16-05-2006,6.376,7.899
19-05-2006,6.386,7.904
21-05-2006,6.395,7.909
23-05-2006,6.405,7.913
26-05-2006,6.414,7.918
28-05-2006,6.424,7.923
30-05-2006,6.433,7.928
02-06-2006,6.367,7.894
07-06-2006,6.3,7.861
13-06-2006,6.31,7.866
19-06-2006,6.319,7.87
24-06-2006,6.329,7.875
30-06-2006,6.338,7.88
06-07-2006,6.348,7.885
11-07-2006,6.357,7.889
17-07-2006,6.367,7.894
23-07-2006,6.3,7.861
25-07-2006,6.233,7.828
27-07-2006,6.243,7.833
29-07-2006,6.252,7.837
31-07-2006,6.262,7.842
03-08-2006,6.271,7.847
05-08-2006,6.281,7.852
07-08-2006,6.29,7.856
09-08-2006,6.3,7.861
12-08-2006,6.233,7.828
15-08-2006,6.167,7.794
18-08-2006,6.176,7.799
22-08-2006,6.186,7.804
25-08-2006,6.195,7.809
29-08-2006,6.205,7.813
01-09-2006,6.214,7.818
05-09-2006,6.224,7.823
08-09-2006,6.233,7.828
12-09-2006,6.167,7.794
17-09-2006,6.1,7.761
22-09-2006,6.11,7.766
28-09-2006,6.119,7.77
03-10-2006,6.129,7.775
09-10-2006,6.138,7.78
14-10-2006,6.148,7.785
20-10-2006,6.157,7.789
25-10-2006,6.167,7.794
31-10-2006,6.1,7.761
03-11-2006,6.033,7.728
06-11-2006,6.043,7.733
10-11-2006,6.052,7.737
13-11-2006,6.062,7.742
16-11-2006,6.071,7.747
20-11-2006,6.081,7.752
23-11-2006,6.09,7.756
26-11-2006,6.1,7.761
30-11-2006,6.033,7.728
02-12-2006,5.967,7.694
04-12-2006,5.976,7.699
06-12-2006,5.986,7.704
08-12-2006,5.995,7.709
11-12-2006,6.005,7.713
13-12-2006,6.014,7.718
15-12-2006,6.024,7.723
17-12-2006,6.033,7.728
20-12-2006,5.967,7.694
24-12-2006,5.9,7.661
29-12-2006,5.91,7.666
02-01-2007,5.919,7.67
07-01-2007,5.929,7.675
11-01-2007,5.938,7.68
16-01-2007,5.948,7.685
20-01-2007,5.957,7.689
25-01-2007,5.967,7.694
30-01-2007,5.9,7.661
01-02-2007,5.9,7.28
03-02-2007,5.939,7.334
05-02-2007,5.979,7.389
07-02-2007,6.018,7.443
10-02-2007,6.057,7.498
12-02-2007,6.096,7.552
14-02-2007,6.136,7.607
16-02-2007,6.175,7.661
19-02-2007,6.175,7.28
21-02-2007,6.175,6.899
23-02-2007,6.214,6.953
25-02-2007,6.254,7.008
27-02-2007,6.293,7.062
01-03-2007,6.332,7.117
03-03-2007,6.371,7.171
05-03-2007,6.411,7.226
07-03-2007,6.45,7.28
09-03-2007,6.45,6.899
14-03-2007,6.45,6.518
19-03-2007,6.489,6.572
24-03-2007,6.529,6.627
29-03-2007,6.568,6.681
03-04-2007,6.607,6.736
08-04-2007,6.646,6.79
13-04-2007,6.686,6.845
18-04-2007,6.725,6.899
23-04-2007,6.725,6.518
25-04-2007,6.725,6.136
27-04-2007,6.764,6.191
29-04-2007,6.804,6.245
01-05-2007,6.843,6.3
03-05-2007,6.882,6.354
05-05-2007,6.921,6.409
07-05-2007,6.961,6.463
09-05-2007,7,6.518
12-05-2007,7,6.136
14-05-2007,7,5.755
16-05-2007,7.039,5.809
19-05-2007,7.079,5.864
21-05-2007,7.118,5.918
23-05-2007,7.157,5.973
26-05-2007,7.196,6.027
28-05-2007,7.236,6.082
30-05-2007,7.275,6.136
02-06-2007,7.275,5.755
07-06-2007,7.275,5.374
13-06-2007,7.314,5.428
19-06-2007,7.354,5.483
24-06-2007,7.393,5.537
30-06-2007,7.432,5.592
06-07-2007,7.471,5.646
11-07-2007,7.511,5.701
17-07-2007,7.55,5.755
23-07-2007,7.55,5.374
25-07-2007,7.55,4.993
27-07-2007,7.589,5.047
29-07-2007,7.629,5.102
31-07-2007,7.668,5.156
03-08-2007,7.707,5.211
05-08-2007,7.746,5.265
07-08-2007,7.786,5.32
09-08-2007,7.825,5.374
12-08-2007,7.825,4.993
15-08-2007,7.825,4.612
18-08-2007,7.864,4.666
22-08-2007,7.904,4.721
25-08-2007,7.943,4.775
29-08-2007,7.982,4.83
01-09-2007,8.021,4.884
05-09-2007,8.061,4.939
08-09-2007,8.1,4.993
12-09-2007,8.1,4.612
17-09-2007,8.1,4.23
22-09-2007,8.139,4.285
28-09-2007,8.179,4.339
03-10-2007,8.218,4.394
09-10-2007,8.257,4.448
14-10-2007,8.296,4.503
20-10-2007,8.336,4.557
25-10-2007,8.375,4.612
31-10-2007,8.375,4.23
03-11-2007,8.375,3.849
06-11-2007,8.414,3.903
10-11-2007,8.454,3.958
13-11-2007,8.493,4.012
16-11-2007,8.532,4.067
20-11-2007,8.571,4.121
23-11-2007,8.611,4.176
26-11-2007,8.65,4.23
30-11-2007,8.65,3.849
02-12-2007,8.65,3.468
04-12-2007,8.689,3.522
06-12-2007,8.729,3.577
08-12-2007,8.768,3.631
11-12-2007,8.807,3.686
13-12-2007,8.846,3.74
15-12-2007,8.886,3.795
17-12-2007,8.925,3.849
20-12-2007,8.925,3.468
24-12-2007,8.925,3.087
29-12-2007,8.964,3.141
02-01-2008,9.004,3.196
07-01-2008,9.043,3.25
11-01-2008,9.082,3.305
16-01-2008,9.121,3.359
20-01-2008,9.161,3.414
25-01-2008,9.2,3.468
30-01-2008,9.2,3.087
01-02-2008,9.2,3.087
03-02-2008,9.217,3.144
05-02-2008,9.233,3.201
07-02-2008,9.25,3.258
10-02-2008,9.267,3.314
12-02-2008,9.284,3.371
14-02-2008,9.3,3.428
16-02-2008,9.317,3.485
19-02-2008,9.317,3.485
21-02-2008,9.317,3.485
23-02-2008,9.334,3.542
25-02-2008,9.35,3.599
27-02-2008,9.367,3.656
29-02-2008,9.383,3.712
02-03-2008,9.4,3.769
04-03-2008,9.416,3.826
06-03-2008,9.433,3.883
09-03-2008,9.433,3.883
14-03-2008,9.433,3.883
19-03-2008,9.45,3.94
24-03-2008,9.466,3.997
29-03-2008,9.483,4.054
03-04-2008,9.5,4.11
08-04-2008,9.517,4.167
13-04-2008,9.533,4.224
18-04-2008,9.55,4.281
23-04-2008,9.55,4.281
25-04-2008,9.55,4.281
27-04-2008,9.567,4.338
29-04-2008,9.583,4.395
01-05-2008,9.6,4.452
03-05-2008,9.617,4.508
05-05-2008,9.634,4.565
07-05-2008,9.65,4.622
09-05-2008,9.667,4.679
12-05-2008,9.667,4.679
14-05-2008,9.667,4.679
16-05-2008,9.684,4.736
19-05-2008,9.7,4.793
21-05-2008,9.717,4.85
23-05-2008,9.733,4.906
26-05-2008,9.75,4.963
28-05-2008,9.766,5.02
30-05-2008,9.783,5.077
02-06-2008,9.783,5.077
07-06-2008,9.783,5.077
13-06-2008,9.8,5.134
19-06-2008,9.816,5.191
24-06-2008,9.833,5.248
30-06-2008,9.85,5.304
06-07-2008,9.867,5.361
11-07-2008,9.883,5.418
17-07-2008,9.9,5.475
23-07-2008,9.9,5.475
25-07-2008,9.9,5.475
27-07-2008,9.917,5.532
29-07-2008,9.933,5.588
31-07-2008,9.95,5.645
03-08-2008,9.967,5.702
05-08-2008,9.984,5.759
07-08-2008,10,5.815
09-08-2008,10.017,5.872
12-08-2008,10.017,5.872
15-08-2008,10.017,5.872
18-08-2008,10.034,5.929
22-08-2008,10.05,5.986
25-08-2008,10.067,6.043
29-08-2008,10.083,6.099
01-09-2008,10.1,6.156
05-09-2008,10.116,6.213
08-09-2008,10.133,6.27
12-09-2008,10.133,6.27
17-09-2008,10.133,6.27
22-09-2008,10.15,6.327
28-09-2008,10.166,6.384
03-10-2008,10.183,6.441
09-10-2008,10.2,6.497
14-10-2008,10.217,6.554
20-10-2008,10.233,6.611
25-10-2008,10.25,6.668
31-10-2008,10.25,6.668
03-11-2008,10.25,6.668
06-11-2008,10.267,6.725
10-11-2008,10.283,6.782
13-11-2008,10.3,6.839
16-11-2008,10.317,6.895
20-11-2008,10.334,6.952
23-11-2008,10.35,7.009
26-11-2008,10.367,7.066
30-11-2008,10.367,7.066
02-12-2008,10.367,7.066
04-12-2008,10.384,7.123
06-12-2008,10.4,7.18
08-12-2008,10.417,7.237
11-12-2008,10.433,7.293
13-12-2008,10.45,7.35
15-12-2008,10.466,7.407
17-12-2008,10.483,7.464
20-12-2008,10.483,7.464
24-12-2008,10.483,7.464
29-12-2008,10.5,7.521
02-01-2009,10.516,7.578
07-01-2009,10.533,7.635
11-01-2009,10.55,7.691
16-01-2009,10.567,7.748
20-01-2009,10.583,7.805
25-01-2009,10.6,7.862
30-01-2009,10.6,7.862
01-02-2009,10.5,7.862
03-02-2009,10.514,7.87
05-02-2009,10.529,7.877
07-02-2009,10.543,7.885
10-02-2009,10.557,7.892
12-02-2009,10.571,7.9
14-02-2009,10.586,7.907
16-02-2009,10.6,7.915
19-02-2009,10.5,7.915
21-02-2009,10.4,7.915
23-02-2009,10.414,7.923
25-02-2009,10.429,7.93
27-02-2009,10.443,7.938
01-03-2009,10.457,7.945
03-03-2009,10.471,7.953
05-03-2009,10.486,7.96
07-03-2009,10.5,7.968
09-03-2009,10.4,7.968
14-03-2009,10.3,7.968
19-03-2009,10.314,7.976
24-03-2009,10.329,7.983
29-03-2009,10.343,7.991
03-04-2009,10.357,7.998
08-04-2009,10.371,8.006
13-04-2009,10.386,8.013
18-04-2009,10.4,8.021
23-04-2009,10.3,8.021
25-04-2009,10.2,8.021
27-04-2009,10.214,8.029
29-04-2009,10.229,8.036
01-05-2009,10.243,8.044
03-05-2009,10.257,8.051
05-05-2009,10.271,8.059
07-05-2009,10.286,8.066
09-05-2009,10.3,8.074
12-05-2009,10.2,8.074
14-05-2009,10.1,8.074
16-05-2009,10.114,8.082
19-05-2009,10.129,8.089
21-05-2009,10.143,8.097
23-05-2009,10.157,8.104
26-05-2009,10.171,8.112
28-05-2009,10.186,8.119
30-05-2009,10.2,8.127
02-06-2009,10.1,8.127
07-06-2009,10,8.127
13-06-2009,10.014,8.135
19-06-2009,10.029,8.142
24-06-2009,10.043,8.15
30-06-2009,10.057,8.157
06-07-2009,10.071,8.165
11-07-2009,10.086,8.172
17-07-2009,10.1,8.18
23-07-2009,10,8.18
25-07-2009,9.9,8.18
27-07-2009,9.914,8.188
29-07-2009,9.929,8.195
31-07-2009,9.943,8.203
03-08-2009,9.957,8.21
05-08-2009,9.971,8.218
07-08-2009,9.986,8.225
09-08-2009,10,8.233
12-08-2009,9.9,8.233
15-08-2009,9.8,8.233
18-08-2009,9.814,8.241
22-08-2009,9.829,8.248
25-08-2009,9.843,8.256
29-08-2009,9.857,8.263
01-09-2009,9.871,8.271
05-09-2009,9.886,8.278
08-09-2009,9.9,8.286
12-09-2009,9.8,8.286
17-09-2009,9.7,8.286
22-09-2009,9.714,8.294
28-09-2009,9.729,8.301
03-10-2009,9.743,8.309
09-10-2009,9.757,8.316
14-10-2009,9.771,8.324
20-10-2009,9.786,8.331
25-10-2009,9.8,8.339
31-10-2009,9.7,8.339
03-11-2009,9.6,8.339
06-11-2009,9.614,8.347
10-11-2009,9.629,8.354
13-11-2009,9.643,8.362
16-11-2009,9.657,8.369
20-11-2009,9.671,8.377
23-11-2009,9.686,8.384
26-11-2009,9.7,8.392
30-11-2009,9.6,8.392
02-12-2009,9.5,8.392
04-12-2009,9.514,8.4
06-12-2009,9.529,8.407
08-12-2009,9.543,8.415
11-12-2009,9.557,8.422
13-12-2009,9.571,8.43
15-12-2009,9.586,8.437
17-12-2009,9.6,8.445
20-12-2009,9.5,8.445
24-12-2009,9.4,8.445
29-12-2009,9.414,8.453
02-01-2010,9.429,8.46
07-01-2010,9.443,8.468
11-01-2010,9.457,8.475
16-01-2010,9.471,8.483
20-01-2010,9.486,8.49
25-01-2010,9.5,8.498
30-01-2010,9.4,8.498
01-02-2010,9.292,8.227
03-02-2010,9.307,8.266
05-02-2010,9.323,8.304
07-02-2010,9.338,8.343
10-02-2010,9.354,8.382
12-02-2010,9.369,8.421
14-02-2010,9.385,8.459
16-02-2010,9.4,8.498
19-02-2010,9.292,8.227
21-02-2010,9.183,7.955
23-02-2010,9.199,7.994
25-02-2010,9.214,8.033
27-02-2010,9.23,8.072
01-03-2010,9.245,8.11
03-03-2010,9.261,8.149
05-03-2010,9.276,8.188
07-03-2010,9.292,8.227
10-03-2010,9.183,7.955
14-03-2010,9.075,7.684
19-03-2010,9.09,7.723
24-03-2010,9.106,7.761
29-03-2010,9.121,7.8
03-04-2010,9.137,7.839
08-04-2010,9.152,7.878
13-04-2010,9.168,7.916
18-04-2010,9.183,7.955
23-04-2010,9.075,7.684
25-04-2010,8.967,7.412
27-04-2010,8.982,7.451
29-04-2010,8.998,7.49
01-05-2010,9.013,7.529
03-05-2010,9.029,7.567
05-05-2010,9.044,7.606
07-05-2010,9.06,7.645
09-05-2010,9.075,7.684
12-05-2010,8.967,7.412
14-05-2010,8.858,7.141
16-05-2010,8.874,7.18
19-05-2010,8.889,7.218
21-05-2010,8.905,7.257
23-05-2010,8.92,7.296
26-05-2010,8.936,7.335
28-05-2010,8.951,7.373
30-05-2010,8.967,7.412
02-06-2010,8.858,7.141
07-06-2010,8.75,6.869
13-06-2010,8.765,6.908
19-06-2010,8.781,6.947
24-06-2010,8.796,6.986
30-06-2010,8.812,7.024
06-07-2010,8.827,7.063
11-07-2010,8.843,7.102
17-07-2010,8.858,7.141
23-07-2010,8.75,6.869
25-07-2010,8.642,6.598
27-07-2010,8.657,6.637
29-07-2010,8.673,6.675
31-07-2010,8.688,6.714
03-08-2010,8.704,6.753
05-08-2010,8.719,6.792
07-08-2010,8.735,6.83
09-08-2010,8.75,6.869
12-08-2010,8.642,6.598
15-08-2010,8.533,6.327
18-08-2010,8.549,6.366
22-08-2010,8.564,6.404
25-08-2010,8.58,6.443
29-08-2010,8.595,6.482
01-09-2010,8.611,6.521
05-09-2010,8.626,6.559
08-09-2010,8.642,6.598
12-09-2010,8.533,6.327
17-09-2010,8.425,6.055
22-09-2010,8.44,6.094
28-09-2010,8.456,6.133
03-10-2010,8.471,6.172
09-10-2010,8.487,6.21
14-10-2010,8.502,6.249
20-10-2010,8.518,6.288
25-10-2010,8.533,6.327
31-10-2010,8.425,6.055
03-11-2010,8.317,5.784
06-11-2010,8.332,5.823
10-11-2010,8.348,5.861
13-11-2010,8.363,5.9
16-11-2010,8.379,5.939
20-11-2010,8.394,5.978
23-11-2010,8.41,6.016
26-11-2010,8.425,6.055
30-11-2010,8.317,5.784
02-12-2010,8.208,5.512
04-12-2010,8.224,5.551
06-12-2010,8.239,5.59
08-12-2010,8.255,5.629
11-12-2010,8.27,5.667
13-12-2010,8.286,5.706
15-12-2010,8.301,5.745
17-12-2010,8.317,5.784
20-12-2010,8.208,5.512
23-12-2010,8.1,5.241
27-12-2010,8.115,5.28
31-12-2010,8.131,5.318
04-01-2011,8.146,5.357
07-01-2011,8.162,5.396
11-01-2011,8.177,5.435
15-01-2011,8.193,5.473
19-01-2011,8.208,5.512
23-01-2011,8.1,5.241
25-01-2011,8.1,5.241
27-01-2011,8.123,5.244
29-01-2011,8.145,5.246
31-01-2011,8.168,5.249
03-02-2011,8.19,5.251
05-02-2011,8.213,5.254
07-02-2011,8.235,5.256
09-02-2011,8.258,5.259
12-02-2011,8.258,5.259
15-02-2011,8.258,5.259
18-02-2011,8.281,5.262
21-02-2011,8.303,5.264
24-02-2011,8.326,5.267
27-02-2011,8.349,5.269
02-03-2011,8.372,5.272
05-03-2011,8.394,5.274
08-03-2011,8.417,5.277
12-03-2011,8.417,5.277
16-03-2011,8.417,5.277
20-03-2011,8.44,5.28
25-03-2011,8.462,5.282
29-03-2011,8.485,5.285
02-04-2011,8.507,5.287
07-04-2011,8.53,5.29
11-04-2011,8.552,5.292
15-04-2011,8.575,5.295
20-04-2011,8.575,5.295
22-04-2011,8.575,5.295
24-04-2011,8.598,5.298
27-04-2011,8.62,5.3
29-04-2011,8.643,5.303
02-05-2011,8.665,5.305
04-05-2011,8.688,5.308
07-05-2011,8.71,5.31
09-05-2011,8.733,5.313
12-05-2011,8.733,5.313
15-05-2011,8.733,5.313
19-05-2011,8.756,5.316
23-05-2011,8.778,5.318
27-05-2011,8.801,5.321
31-05-2011,8.824,5.323
04-06-2011,8.847,5.326
08-06-2011,8.869,5.328
12-06-2011,8.892,5.331
16-06-2011,8.892,5.331
20-06-2011,8.892,5.331
24-06-2011,8.915,5.333
29-06-2011,8.937,5.336
03-07-2011,8.96,5.338
08-07-2011,8.982,5.341
12-07-2011,9.005,5.343
17-07-2011,9.027,5.346
21-07-2011,9.05,5.348
26-07-2011,9.05,5.348
30-07-2011,9.05,5.348
03-08-2011,9.073,5.351
07-08-2011,9.095,5.353
11-08-2011,9.118,5.356
15-08-2011,9.14,5.358
19-08-2011,9.163,5.361
23-08-2011,9.185,5.363
27-08-2011,9.208,5.366
31-08-2011,9.208,5.366
01-09-2011,9.208,5.366
03-09-2011,9.231,5.369
05-09-2011,9.253,5.371
07-09-2011,9.276,5.374
08-09-2011,9.299,5.376
10-09-2011,9.322,5.379
12-09-2011,9.344,5.381
14-09-2011,9.367,5.384
16-09-2011,9.367,5.384
20-09-2011,9.367,5.384
25-09-2011,9.39,5.387
30-09-2011,9.412,5.389
04-10-2011,9.435,5.392
09-10-2011,9.457,5.394
14-10-2011,9.48,5.397
18-10-2011,9.502,5.399
23-10-2011,9.525,5.402
28-10-2011,9.525,5.402
31-10-2011,9.525,5.402
04-11-2011,9.548,5.405
08-11-2011,9.57,5.407
11-11-2011,9.593,5.41
15-11-2011,9.615,5.412
19-11-2011,9.638,5.415
22-11-2011,9.66,5.417
26-11-2011,9.683,5.42
30-11-2011,9.683,5.42
01-12-2011,9.683,5.42
03-12-2011,9.706,5.423
05-12-2011,9.728,5.425
07-12-2011,9.751,5.428
08-12-2011,9.774,5.43
10-12-2011,9.797,5.433
12-12-2011,9.819,5.435
14-12-2011,9.842,5.438
16-12-2011,9.842,5.438
20-12-2011,9.842,5.438
24-12-2011,9.865,5.441
29-12-2011,9.887,5.443
02-01-2012,9.91,5.446
06-01-2012,9.932,5.448
11-01-2012,9.955,5.451
15-01-2012,9.977,5.453
19-01-2012,10,5.456
24-01-2012,10,5.456
26-01-2012,9.95,5.456
29-01-2012,9.957,5.467
01-02-2012,9.964,5.478
04-02-2012,9.971,5.489
07-02-2012,9.979,5.501
10-02-2012,9.986,5.512
13-02-2012,9.993,5.523
16-02-2012,10,5.534
19-02-2012,9.95,5.534
21-02-2012,9.9,5.534
24-02-2012,9.907,5.545
27-02-2012,9.914,5.556
01-03-2012,9.921,5.567
03-03-2012,9.929,5.578
06-03-2012,9.936,5.589
09-03-2012,9.943,5.6
12-03-2012,9.95,5.611
15-03-2012,9.9,5.611
18-03-2012,9.85,5.611
22-03-2012,9.857,5.622
26-03-2012,9.864,5.633
29-03-2012,9.871,5.644
02-04-2012,9.879,5.655
06-04-2012,9.886,5.666
09-04-2012,9.893,5.677
13-04-2012,9.9,5.688
17-04-2012,9.85,5.688
21-04-2012,9.8,5.688
26-04-2012,9.807,5.699
01-05-2012,9.814,5.71
06-05-2012,9.821,5.721
11-05-2012,9.829,5.733
16-05-2012,9.836,5.744
21-05-2012,9.843,5.755
26-05-2012,9.85,5.766
31-05-2012,9.8,5.766
02-06-2012,9.75,5.766
04-06-2012,9.757,5.777
06-06-2012,9.764,5.788
08-06-2012,9.771,5.799
10-06-2012,9.779,5.811
12-06-2012,9.786,5.822
14-06-2012,9.793,5.833
16-06-2012,9.8,5.844
18-06-2012,9.75,5.844
22-06-2012,9.7,5.844
27-06-2012,9.707,5.855
02-07-2012,9.714,5.866
07-07-2012,9.721,5.877
11-07-2012,9.729,5.888
16-07-2012,9.736,5.899
21-07-2012,9.743,5.91
26-07-2012,9.75,5.921
31-07-2012,9.7,5.921
03-08-2012,9.65,5.921
06-08-2012,9.657,5.932
10-08-2012,9.664,5.943
13-08-2012,9.671,5.954
17-08-2012,9.679,5.965
20-08-2012,9.686,5.976
24-08-2012,9.693,5.987
27-08-2012,9.7,5.998
31-08-2012,9.65,5.998
01-09-2012,9.6,5.998
03-09-2012,9.607,6.009
05-09-2012,9.614,6.02
07-09-2012,9.621,6.031
09-09-2012,9.629,6.043
11-09-2012,9.636,6.054
13-09-2012,9.643,6.065
15-09-2012,9.65,6.076
17-09-2012,9.6,6.076
21-09-2012,9.55,6.076
26-09-2012,9.557,6.087
01-10-2012,9.564,6.098
06-10-2012,9.571,6.109
10-10-2012,9.579,6.121
15-10-2012,9.586,6.132
20-10-2012,9.593,6.143
25-10-2012,9.6,6.154
30-10-2012,9.55,6.154
02-11-2012,9.5,6.154
05-11-2012,9.507,6.165
09-11-2012,9.514,6.176
12-11-2012,9.521,6.187
16-11-2012,9.529,6.198
19-11-2012,9.536,6.209
23-11-2012,9.543,6.22
26-11-2012,9.55,6.231
30-11-2012,9.5,6.231
02-12-2012,9.45,6.231
04-12-2012,9.457,6.242
06-12-2012,9.464,6.253
08-12-2012,9.471,6.264
10-12-2012,9.479,6.275
12-12-2012,9.486,6.286
14-12-2012,9.493,6.297
16-12-2012,9.5,6.308
18-12-2012,9.45,6.308
22-12-2012,9.4,6.308
27-12-2012,9.407,6.319
01-01-2013,9.414,6.33
05-01-2013,9.421,6.341
10-01-2013,9.429,6.353
15-01-2013,9.436,6.364
19-01-2013,9.443,6.375
24-01-2013,9.45,6.386
29-01-2013,9.4,6.386
03-02-2013,8.95,6.386
08-02-2013,9.014,6.404
14-02-2013,9.079,6.423
19-02-2013,9.143,6.441
25-02-2013,9.207,6.459
02-03-2013,9.271,6.477
08-03-2013,9.336,6.496
13-03-2013,9.4,6.514
19-03-2013,8.95,6.514
24-03-2013,8.5,6.514
29-03-2013,8.564,6.532
03-04-2013,8.629,6.551
08-04-2013,8.693,6.569
13-04-2013,8.757,6.587
18-04-2013,8.821,6.605
23-04-2013,8.886,6.624
28-04-2013,8.95,6.642
03-05-2013,8.5,6.642
08-05-2013,8.05,6.642
13-05-2013,8.114,6.66
18-05-2013,8.179,6.679
23-05-2013,8.243,6.697
28-05-2013,8.307,6.715
02-06-2013,8.371,6.733
07-06-2013,8.436,6.752
12-06-2013,8.5,6.77
17-06-2013,8.05,6.77
21-06-2013,7.6,6.77
26-06-2013,7.664,6.788
01-07-2013,7.729,6.807
06-07-2013,7.793,6.825
10-07-2013,7.857,6.843
15-07-2013,7.921,6.861
20-07-2013,7.986,6.88
25-07-2013,8.05,6.898
30-07-2013,7.6,6.898
04-08-2013,7.15,6.898
10-08-2013,7.214,6.916
16-08-2013,7.279,6.935
22-08-2013,7.343,6.953
27-08-2013,7.407,6.971
02-09-2013,7.471,6.989
08-09-2013,7.536,7.008
14-09-2013,7.6,7.026
20-09-2013,7.15,7.026
24-09-2013,6.7,7.026
28-09-2013,6.764,7.044
03-10-2013,6.829,7.063
07-10-2013,6.893,7.081
11-10-2013,6.957,7.099
16-10-2013,7.021,7.117
20-10-2013,7.086,7.136
24-10-2013,7.15,7.154
29-10-2013,6.7,7.154
03-11-2013,6.25,7.154
09-11-2013,6.314,7.172
14-11-2013,6.379,7.191
20-11-2013,6.443,7.209
25-11-2013,6.507,7.227
01-12-2013,6.571,7.245
06-12-2013,6.636,7.264
12-12-2013,6.7,7.282
18-12-2013,6.25,7.282
22-12-2013,5.8,7.282
27-12-2013,5.864,7.3
31-12-2013,5.929,7.319
05-01-2014,5.993,7.337
09-01-2014,6.057,7.355
14-01-2014,6.121,7.373
18-01-2014,6.186,7.392
23-01-2014,6.25,7.41
28-01-2014,5.8,7.41
04-02-2014,5.65,7.41
11-02-2014,5.671,7.424
18-02-2014,5.693,7.438
25-02-2014,5.714,7.452
04-03-2014,5.736,7.466
11-03-2014,5.757,7.48
18-03-2014,5.779,7.494
25-03-2014,5.8,7.508
01-04-2014,5.65,7.508
08-04-2014,5.5,7.508
15-04-2014,5.521,7.522
22-04-2014,5.543,7.536
29-04-2014,5.564,7.55
06-05-2014,5.586,7.563
13-05-2014,5.607,7.577
20-05-2014,5.629,7.591
27-05-2014,5.65,7.605
03-06-2014,5.5,7.605
10-06-2014,5.35,7.605
17-06-2014,5.371,7.619
24-06-2014,5.393,7.633
01-07-2014,5.414,7.647
08-07-2014,5.436,7.661
15-07-2014,5.457,7.675
22-07-2014,5.479,7.689
29-07-2014,5.5,7.703
05-08-2014,5.35,7.703
11-08-2014,5.2,7.703
17-08-2014,5.221,7.717
23-08-2014,5.243,7.731
29-08-2014,5.264,7.745
05-09-2014,5.286,7.759
11-09-2014,5.307,7.773
17-09-2014,5.329,7.787
23-09-2014,5.35,7.801
30-09-2014,5.2,7.801
07-10-2014,5.05,7.801
14-10-2014,5.071,7.815
21-10-2014,5.093,7.829
28-10-2014,5.114,7.843
04-11-2014,5.136,7.856
11-11-2014,5.157,7.87
18-11-2014,5.179,7.884
25-11-2014,5.2,7.898
02-12-2014,5.05,7.898
06-12-2014,4.9,7.898
11-12-2014,4.921,7.912
16-12-2014,4.943,7.926
21-12-2014,4.964,7.94
26-12-2014,4.986,7.954
31-12-2014,5.007,7.968
05-01-2015,5.029,7.982
10-01-2015,5.05,7.996
15-01-2015,4.9,7.996
17-01-2015,4.85,7.996
19-01-2015,4.857,8.001
21-01-2015,4.864,8.005
23-01-2015,4.871,8.01
25-01-2015,4.879,8.015
27-01-2015,4.886,8.02
29-01-2015,4.893,8.024
31-01-2015,4.9,8.029
03-02-2015,4.85,8.029
06-02-2015,4.8,8.029
09-02-2015,4.807,8.034
12-02-2015,4.814,8.038
15-02-2015,4.821,8.043
19-02-2015,4.829,8.047
22-02-2015,4.836,8.052
25-02-2015,4.843,8.056
28-02-2015,4.85,8.061
04-03-2015,4.8,8.061
07-03-2015,4.75,8.061
11-03-2015,4.757,8.066
15-03-2015,4.764,8.07
19-03-2015,4.771,8.075
22-03-2015,4.779,8.08
26-03-2015,4.786,8.085
30-03-2015,4.793,8.089
03-04-2015,4.8,8.094
07-04-2015,4.75,8.094
13-04-2015,4.7,8.094
19-04-2015,4.707,8.099
25-04-2015,4.714,8.103
01-05-2015,4.721,8.108
08-05-2015,4.729,8.112
14-05-2015,4.736,8.117
20-05-2015,4.743,8.121
26-05-2015,4.75,8.126
02-06-2015,4.7,8.126
09-06-2015,4.65,8.126
16-06-2015,4.657,8.131
23-06-2015,4.664,8.135
30-06-2015,4.671,8.14
07-07-2015,4.679,8.144
14-07-2015,4.686,8.149
21-07-2015,4.693,8.153
28-07-2015,4.7,8.158
04-08-2015,4.65,8.158
10-08-2015,4.6,8.158
16-08-2015,4.607,8.163
22-08-2015,4.614,8.167
28-08-2015,4.621,8.172
04-09-2015,4.629,8.177
10-09-2015,4.636,8.182
16-09-2015,4.643,8.186
22-09-2015,4.65,8.191
29-09-2015,4.6,8.191
06-10-2015,4.55,8.191
13-10-2015,4.557,8.196
20-10-2015,4.564,8.2
27-10-2015,4.571,8.205
03-11-2015,4.579,8.21
10-11-2015,4.586,8.215
17-11-2015,4.593,8.219
24-11-2015,4.6,8.224
01-12-2015,4.55,8.224
08-12-2015,4.5,8.224
15-12-2015,4.507,8.229
22-12-2015,4.514,8.233
29-12-2015,4.521,8.238
05-01-2016,4.529,8.242
12-01-2016,4.536,8.247
19-01-2016,4.543,8.251
26-01-2016,4.55,8.256
02-02-2016,4.5,8.256
09-02-2016,4.35,8.012
16-02-2016,4.371,8.047
23-02-2016,4.393,8.082
01-03-2016,4.414,8.117
08-03-2016,4.436,8.151
15-03-2016,4.457,8.186
22-03-2016,4.479,8.221
29-03-2016,4.5,8.256
05-04-2016,4.35,8.012
12-04-2016,4.2,7.769
19-04-2016,4.221,7.804
26-04-2016,4.243,7.838
03-05-2016,4.264,7.873
10-05-2016,4.286,7.908
17-05-2016,4.307,7.943
24-05-2016,4.329,7.977
31-05-2016,4.35,8.012
07-06-2016,4.2,7.769
14-06-2016,4.05,7.526
21-06-2016,4.071,7.561
28-06-2016,4.093,7.595
05-07-2016,4.114,7.63
12-07-2016,4.136,7.665
19-07-2016,4.157,7.7
26-07-2016,4.179,7.734
02-08-2016,4.2,7.769
09-08-2016,4.05,7.526
15-08-2016,3.9,7.282
21-08-2016,3.921,7.317
27-08-2016,3.943,7.352
02-09-2016,3.964,7.387
09-09-2016,3.986,7.421
15-09-2016,4.007,7.456
21-09-2016,4.029,7.491
27-09-2016,4.05,7.526
04-10-2016,3.9,7.282
11-10-2016,3.75,7.038
18-10-2016,3.771,7.073
25-10-2016,3.793,7.108
01-11-2016,3.814,7.143
08-11-2016,3.836,7.177
15-11-2016,3.857,7.212
22-11-2016,3.879,7.247
29-11-2016,3.9,7.282
07-12-2016,3.75,7.038
14-12-2016,3.6,6.795
21-12-2016,3.621,6.83
28-12-2016,3.643,6.864
04-01-2017,3.664,6.899
11-01-2017,3.686,6.934
18-01-2017,3.707,6.969
25-01-2017,3.729,7.003
01-02-2017,3.75,7.038
08-02-2017,3.6,6.795
14-02-2017,3.567,6.738
20-02-2017,3.572,6.746
27-02-2017,3.576,6.754
05-03-2017,3.581,6.762
11-03-2017,3.586,6.771
18-03-2017,3.591,6.779
24-03-2017,3.595,6.787
30-03-2017,3.6,6.795
06-04-2017,3.567,6.738
12-04-2017,3.533,6.681
19-04-2017,3.538,6.689
26-04-2017,3.543,6.697
03-05-2017,3.548,6.705
10-05-2017,3.552,6.714
17-05-2017,3.557,6.722
24-05-2017,3.562,6.73
31-05-2017,3.567,6.738
07-06-2017,3.533,6.681
13-06-2017,3.5,6.624
19-06-2017,3.505,6.632
25-06-2017,3.509,6.64
01-07-2017,3.514,6.648
08-07-2017,3.519,6.657
14-07-2017,3.524,6.665
20-07-2017,3.528,6.673
26-07-2017,3.533,6.681
02-08-2017,3.5,6.624
09-08-2017,3.467,6.568
16-08-2017,3.472,6.576
23-08-2017,3.476,6.584
30-08-2017,3.481,6.592
06-09-2017,3.486,6.6
13-09-2017,3.491,6.608
20-09-2017,3.495,6.616
27-09-2017,3.5,6.624
04-10-2017,3.467,6.568
11-10-2017,3.433,6.511
18-10-2017,3.438,6.519
25-10-2017,3.443,6.527
01-11-2017,3.448,6.535
08-11-2017,3.452,6.544
15-11-2017,3.457,6.552
22-11-2017,3.462,6.56
29-11-2017,3.467,6.568
06-12-2017,3.433,6.511
13-12-2017,3.4,6.454
20-12-2017,3.405,6.462
27-12-2017,3.409,6.47
03-01-2018,3.414,6.478
10-01-2018,3.419,6.487
17-01-2018,3.424,6.495
24-01-2018,3.428,6.503
31-01-2018,3.433,6.511
07-02-2018,3.4,6.454
13-02-2018,3.4,6.023
19-02-2018,3.433,6.085
26-02-2018,3.467,6.146
04-03-2018,3.5,6.208
10-03-2018,3.533,6.269
17-03-2018,3.566,6.331
23-03-2018,3.6,6.392
29-03-2018,3.633,6.454
05-04-2018,3.633,6.023
11-04-2018,3.633,5.593
18-04-2018,3.666,5.654
25-04-2018,3.7,5.716
02-05-2018,3.733,5.777
09-05-2018,3.767,5.839
16-05-2018,3.8,5.9
23-05-2018,3.834,5.962
30-05-2018,3.867,6.023
06-06-2018,3.867,5.593
12-06-2018,3.867,5.162
18-06-2018,3.9,5.224
24-06-2018,3.934,5.285
30-06-2018,3.967,5.347
07-07-2018,4,5.408
13-07-2018,4.033,5.47
19-07-2018,4.067,5.531
25-07-2018,4.1,5.593
01-08-2018,4.1,5.162
08-08-2018,4.1,4.732
15-08-2018,4.133,4.793
22-08-2018,4.167,4.855
29-08-2018,4.2,4.916
06-09-2018,4.233,4.978
13-09-2018,4.266,5.039
20-09-2018,4.3,5.101
27-09-2018,4.333,5.162
05-10-2018,4.333,4.732
11-10-2018,4.333,4.302
18-10-2018,4.366,4.363
25-10-2018,4.4,4.425
01-11-2018,4.433,4.486
07-11-2018,4.467,4.548
14-11-2018,4.5,4.609
21-11-2018,4.534,4.671
28-11-2018,4.567,4.732
05-12-2018,4.567,4.302
12-12-2018,4.567,3.871
19-12-2018,4.6,3.933
26-12-2018,4.634,3.994
02-01-2019,4.667,4.056
09-01-2019,4.7,4.117
16-01-2019,4.733,4.179
23-01-2019,4.767,4.24
30-01-2019,4.8,4.302
07-02-2019,4.8,3.871
13-02-2019,4.8,2.263
19-02-2019,4.833,2.493
25-02-2019,4.867,2.722
03-03-2019,4.9,2.952
10-03-2019,4.933,3.182
16-03-2019,4.966,3.412
22-03-2019,5,3.641
28-03-2019,5.033,3.871
04-04-2019,5.033,2.263
11-04-2019,5.033,0.655
18-04-2019,5.066,0.885
25-04-2019,5.1,1.114
02-05-2019,5.133,1.344
09-05-2019,5.167,1.574
16-05-2019,5.2,1.804
23-05-2019,5.234,2.033
30-05-2019,5.267,2.263
06-06-2019,5.267,0.655
12-06-2019,5.267,-0.953
19-06-2019,5.3,-0.723
26-06-2019,5.334,-0.494
03-07-2019,5.367,-0.264
10-07-2019,5.4,-0.034
17-07-2019,5.433,0.196
24-07-2019,5.467,0.425
31-07-2019,5.5,0.655
07-08-2019,5.5,-0.953
13-08-2019,5.5,-2.562
19-08-2019,5.533,-2.332
26-08-2019,5.567,-2.102
01-09-2019,5.6,-1.872
08-09-2019,5.633,-1.643
14-09-2019,5.666,-1.413
21-09-2019,5.7,-1.183
27-09-2019,5.733,-0.953
04-10-2019,5.733,-2.562
10-10-2019,5.733,-4.17
17-10-2019,5.766,-3.94
24-10-2019,5.8,-3.711
31-10-2019,5.833,-3.481
07-11-2019,5.867,-3.251
14-11-2019,5.9,-3.021
21-11-2019,5.934,-2.792
28-11-2019,5.967,-2.562
05-12-2019,5.967,-4.17
12-12-2019,5.967,-5.778
19-12-2019,6,-5.548
26-12-2019,6.034,-5.319
02-01-2020,6.067,-5.089
09-01-2020,6.1,-4.859
16-01-2020,6.133,-4.629
23-01-2020,6.167,-4.4
30-01-2020,6.2,-4.17
06-02-2020,6.2,-5.778
11-02-2020,6.083,-5.778
17-02-2020,6.1,-5.41
22-02-2020,6.116,-5.041
28-02-2020,6.133,-4.673
04-03-2020,6.15,-4.305
10-03-2020,6.167,-3.937
15-03-2020,6.183,-3.568
21-03-2020,6.2,-3.2
27-03-2020,6.083,-3.2
02-04-2020,5.967,-3.2
08-04-2020,5.984,-2.832
14-04-2020,6,-2.463
20-04-2020,6.017,-2.095
27-04-2020,6.033,-1.727
03-05-2020,6.05,-1.359
09-05-2020,6.066,-0.99
15-05-2020,6.083,-0.622
22-05-2020,5.967,-0.622
30-05-2020,5.85,-0.622
07-06-2020,5.867,-0.254
16-06-2020,5.883,0.115
24-06-2020,5.9,0.483
03-07-2020,5.917,0.851
11-07-2020,5.934,1.219
20-07-2020,5.95,1.588
28-07-2020,5.967,1.956
06-08-2020,5.85,1.956
13-08-2020,5.733,1.956
20-08-2020,5.75,2.324
27-08-2020,5.766,2.693
03-09-2020,5.783,3.061
10-09-2020,5.8,3.429
17-09-2020,5.817,3.797
24-09-2020,5.833,4.166
01-10-2020,5.85,4.534
09-10-2020,5.733,4.534
15-10-2020,5.617,4.534
21-10-2020,5.634,4.902
27-10-2020,5.65,5.271
02-11-2020,5.667,5.639
09-11-2020,5.683,6.007
15-11-2020,5.7,6.375
21-11-2020,5.716,6.744
27-11-2020,5.733,7.112
04-12-2020,5.617,7.112
11-12-2020,5.5,7.112
18-12-2020,5.517,7.48
25-12-2020,5.533,7.849
01-01-2021,5.55,8.217
08-01-2021,5.567,8.585
15-01-2021,5.584,8.953
22-01-2021,5.6,9.322
29-01-2021,5.617,9.69
05-02-2021,5.5,9.69
11-02-2021,5.5,9.24
18-02-2021,5.529,9.304
25-02-2021,5.557,9.369
04-03-2021,5.586,9.433
10-03-2021,5.614,9.497
17-03-2021,5.643,9.561
24-03-2021,5.671,9.626
31-03-2021,5.7,9.69
07-04-2021,5.7,9.24
13-04-2021,5.7,8.789
19-04-2021,5.729,8.853
26-04-2021,5.757,8.918
02-05-2021,5.786,8.982
09-05-2021,5.814,9.047
15-05-2021,5.843,9.111
22-05-2021,5.871,9.176
28-05-2021,5.9,9.24
04-06-2021,5.9,8.789
11-06-2021,5.9,8.338
18-06-2021,5.929,8.402
25-06-2021,5.957,8.467
02-07-2021,5.986,8.531
09-07-2021,6.014,8.596
16-07-2021,6.043,8.66
23-07-2021,6.071,8.725
30-07-2021,6.1,8.789
06-08-2021,6.1,8.338
13-08-2021,6.1,7.888
20-08-2021,6.129,7.952
27-08-2021,6.157,8.017
03-09-2021,6.186,8.081
10-09-2021,6.214,8.145
17-09-2021,6.243,8.209
24-09-2021,6.271,8.274
01-10-2021,6.3,8.338
08-10-2021,6.3,7.888
14-10-2021,6.3,7.438
21-10-2021,6.329,7.502
28-10-2021,6.357,7.567
04-11-2021,6.386,7.631
10-11-2021,6.414,7.695
17-11-2021,6.443,7.759
24-11-2021,6.471,7.824
01-12-2021,6.5,7.888
08-12-2021,6.5,7.438
15-12-2021,6.5,6.987
22-12-2021,6.529,7.051
29-12-2021,6.557,7.116
05-01-2022,6.586,7.18
12-01-2022,6.614,7.245
19-01-2022,6.643,7.309
26-01-2022,6.671,7.374
02-02-2022,6.7,7.438
10-02-2022,6.7,6.987
16-02-2022,6.514,6.987
22-02-2022,6.541,7.011
01-03-2022,6.567,7.035
07-03-2022,6.594,7.059
13-03-2022,6.62,7.082
20-03-2022,6.647,7.106
26-03-2022,6.673,7.13
01-04-2022,6.7,7.154
08-04-2022,6.514,7.154
10-04-2022,6.329,7.154
13-04-2022,6.355,7.178
16-04-2022,6.382,7.201
19-04-2022,6.408,7.225
22-04-2022,6.435,7.249
25-04-2022,6.461,7.273
28-04-2022,6.488,7.296
01-05-2022,6.514,7.32
04-05-2022,6.329,7.32
07-05-2022,6.143,7.32
11-05-2022,6.17,7.344
15-05-2022,6.196,7.368
19-05-2022,6.223,7.392
23-05-2022,6.249,7.415
27-05-2022,6.276,7.439
31-05-2022,6.302,7.463
04-06-2022,6.329,7.487
08-06-2022,6.143,7.487
14-06-2022,5.957,7.487
20-06-2022,5.984,7.511
27-06-2022,6.01,7.534
03-07-2022,6.037,7.558
10-07-2022,6.063,7.582
16-07-2022,6.09,7.606
23-07-2022,6.116,7.629
29-07-2022,6.143,7.653
05-08-2022,5.957,7.653
11-08-2022,5.771,7.653
17-08-2022,5.798,7.677
23-08-2022,5.824,7.701
29-08-2022,5.851,7.725
05-09-2022,5.877,7.748
11-09-2022,5.904,7.772
17-09-2022,5.93,7.796
23-09-2022,5.957,7.82
30-09-2022,5.771,7.82
07-10-2022,5.586,7.82
15-10-2022,5.612,7.844
22-10-2022,5.639,7.867
30-10-2022,5.665,7.891
06-11-2022,5.692,7.915
14-11-2022,5.718,7.939
21-11-2022,5.745,7.962
29-11-2022,5.771,7.986
07-12-2022,5.586,7.986
14-12-2022,5.4,7.986
21-12-2022,5.427,8.01
28-12-2022,5.453,8.034
04-01-2023,5.48,8.058
11-01-2023,5.506,8.081
18-01-2023,5.533,8.105
25-01-2023,5.559,8.129
01-02-2023,5.586,8.153
08-02-2023,5.4,8.153
14-02-2023,5.233,7.794
20-02-2023,5.257,7.845
27-02-2023,5.281,7.897
05-03-2023,5.305,7.948
11-03-2023,5.328,7.999
18-03-2023,5.352,8.05
24-03-2023,5.376,8.102
30-03-2023,5.4,8.153
06-04-2023,5.233,7.794
13-04-2023,5.067,7.435
20-04-2023,5.091,7.486
27-04-2023,5.114,7.538
04-05-2023,5.138,7.589
11-05-2023,5.162,7.64
18-05-2023,5.186,7.691
25-05-2023,5.209,7.743
01-06-2023,5.233,7.794
08-06-2023,5.067,7.435
15-06-2023,4.9,7.076
22-06-2023,4.924,7.127
29-06-2023,4.948,7.179
06-07-2023,4.972,7.23
13-07-2023,4.995,7.281
20-07-2023,5.019,7.332
27-07-2023,5.043,7.384
03-08-2023,5.067,7.435
10-08-2023,4.9,7.076
16-08-2023,4.733,6.718
22-08-2023,4.757,6.769
29-08-2023,4.781,6.82
04-09-2023,4.805,6.871
10-09-2023,4.828,6.923
17-09-2023,4.852,6.974
23-09-2023,4.876,7.025
29-09-2023,4.9,7.076
06-10-2023,4.733,6.718
13-10-2023,4.567,6.359
20-10-2023,4.591,6.41
27-10-2023,4.614,6.462
03-11-2023,4.638,6.513
10-11-2023,4.662,6.564
17-11-2023,4.686,6.615
24-11-2023,4.709,6.667
01-12-2023,4.733,6.718
08-12-2023,4.567,6.359
14-12-2023,4.4,6
21-12-2023,4.424,6.051
28-12-2023,4.448,6.103
04-01-2024,4.472,6.154
11-01-2024,4.495,6.205
18-01-2024,4.519,6.256
25-01-2024,4.543,6.308
01-02-2024,4.567,6.359
08-02-2024,4.4,6
14-02-2024,4.35,6
20-02-2024,4.357,6
27-02-2024,4.364,6
04-03-2024,4.371,6
10-03-2024,4.379,6
17-03-2024,4.386,6
23-03-2024,4.393,6
29-03-2024,4.4,6
05-04-2024,4.35,6
12-04-2024,4.3,6
19-04-2024,4.307,6
26-04-2024,4.314,6
03-05-2024,4.321,6
10-05-2024,4.329,6
17-05-2024,4.336,6
24-05-2024,4.343,6
31-05-2024,4.35,6
07-06-2024,4.3,6
13-06-2024,4.25,6
20-06-2024,4.257,6
27-06-2024,4.264,6
04-07-2024,4.271,6
11-07-2024,4.279,6
18-07-2024,4.286,6
25-07-2024,4.293,6
01-08-2024,4.3,6
08-08-2024,4.25,6
14-08-2024,4.2,6
21-08-2024,4.207,6
28-08-2024,4.214,6
04-09-2024,4.221,6
11-09-2024,4.229,6
18-09-2024,4.236,6
25-09-2024,4.243,6
02-10-2024,4.25,6
09-10-2024,4.2,6
15-10-2024,4.15,6
21-10-2024,4.157,6
28-10-2024,4.164,6
03-11-2024,4.171,6
10-11-2024,4.179,6
16-11-2024,4.186,6
23-11-2024,4.193,6
29-11-2024,4.2,6
06-12-2024,4.15,6
13-12-2024,4.1,6
20-12-2024,4.107,6
27-12-2024,4.114,6
03-01-2025,4.121,6
10-01-2025,4.129,6
17-01-2025,4.136,6
24-01-2025,4.143,6
31-01-2025,4.15,6
07-02-2025,4.1,6
